{
"type": "FeatureCollection",
"name": "Pozos",
"crs": { "type": "name", "properties": { "name": "urn:ogc:def:crs:OGC:1.3:CRS84" } },
"features": [
{ "type": "Feature", "properties": { "CVEGEO_LOC": "130010001", "AÑO": 2014.0, "NOM_MUN": "Acatlán", "NOM_LOC": "Acatlán", "Fuente de abastecimiento": "Pozo El Veladero", "Coliformes Totales (Ausencia o Presencia/100mL)": "Presencia", "E. Coli (Ausencia o Presencia/100mL)": "Ausencia", "Arsenico (mg/L)": "0", "Bario (mg/L)": "0", "Cadmio (mg/L)": null, "Cobre (mg/L)": "0.42", "Hierro (mg/L)": "0", "Manganeso (mg/L)": "0.02", "Plomo (mg/L)": "0", "Zinc (mg/L)": "0.05", "Cianuros (mg/L)": "0.04", "Cloro Residual (mg/L)": "0", "Cloruros (mg/L)": "6.4", "Dureza Total (mg/L)": "71.11", "Fluoruros (mg/L)": "1.28", "Nitratos (mg/L)": "1.1", "Nitritos (mg/L)": "0.003", "Ph": "7.54", "SDT (mg/L)": "456", "Sulfatos (mg/L)": "7", "Cloro Total (mg/L)": "0", "Conductividad (muS/cm)": "296", "Temperatura (°C)": "27.3", "ID": "Acatlán_Acatlán_Pozo El Veladero" }, "geometry": { "type": "Point", "coordinates": [ -98.438668500107838, 20.14537788296866 ] } },
{ "type": "Feature", "properties": { "CVEGEO_LOC": "130010001", "AÑO": 2015.0, "NOM_MUN": "Acatlán", "NOM_LOC": "Acatlán", "Fuente de abastecimiento": "Pozo Los Fresnos", "Coliformes Totales (Ausencia o Presencia/100mL)": "Presencia", "E. Coli (Ausencia o Presencia/100mL)": "Ausencia", "Arsenico (mg/L)": "0", "Bario (mg/L)": "0", "Cadmio (mg/L)": null, "Cobre (mg/L)": "0.57", "Hierro (mg/L)": "0.67", "Manganeso (mg/L)": "0", "Plomo (mg/L)": "0", "Zinc (mg/L)": "0.07", "Cianuros (mg/L)": "0.003", "Cloro Residual (mg/L)": "0", "Cloruros (mg/L)": "1.3", "Dureza Total (mg/L)": "233.36", "Fluoruros (mg/L)": "0", "Nitratos (mg/L)": "0.4", "Nitritos (mg/L)": "0.003", "Ph": "6.32", "SDT (mg/L)": "345", "Sulfatos (mg/L)": "0", "Cloro Total (mg/L)": "0", "Conductividad (muS/cm)": "632", "Temperatura (°C)": "24.7", "ID": "Acatlán_Acatlán_Pozo Los Fresnos" }, "geometry": { "type": "Point", "coordinates": [ -98.441393343778742, 20.145853953355704 ] } },
{ "type": "Feature", "properties": { "CVEGEO_LOC": "130010017", "AÑO": 2016.0, "NOM_MUN": "Acatlán", "NOM_LOC": "Mixquiapan", "Fuente de abastecimiento": "Manantial Mixquiapan", "Coliformes Totales (Ausencia o Presencia/100mL)": "Presencia", "E. Coli (Ausencia o Presencia/100mL)": "Ausencia", "Arsenico (mg/L)": "0", "Bario (mg/L)": "0", "Cadmio (mg/L)": "ND", "Cobre (mg/L)": "0", "Hierro (mg/L)": "0", "Manganeso (mg/L)": "0", "Plomo (mg/L)": "0", "Zinc (mg/L)": "0.08", "Cianuros (mg/L)": "0", "Cloro Residual (mg/L)": "0.01", "Cloruros (mg/L)": "45748", "Dureza Total (mg/L)": "55.55", "Fluoruros (mg/L)": "0.3", "Nitratos (mg/L)": "0", "Nitritos (mg/L)": "0", "Ph": "45755", "SDT (mg/L)": "45758", "Sulfatos (mg/L)": "0", "Cloro Total (mg/L)": "0", "Conductividad (muS/cm)": "41.2", "Temperatura (°C)": "45763", "ID": "Acatlán_Mixquiapan_Manantial Mixquiapan" }, "geometry": { "type": "Point", "coordinates": [ -98.483769440443254, 20.144492865703199 ] } },
{ "type": "Feature", "properties": { "CVEGEO_LOC": "130010020", "AÑO": 2013.0, "NOM_MUN": "Acatlán", "NOM_LOC": "San Bartolo (El Llano)", "Fuente de abastecimiento": "Manantial Chivería", "Coliformes Totales (Ausencia o Presencia/100mL)": "Presencia", "E. Coli (Ausencia o Presencia/100mL)": "Ausencia", "Arsenico (mg/L)": "0", "Bario (mg/L)": "0", "Cadmio (mg/L)": null, "Cobre (mg/L)": "0.03", "Hierro (mg/L)": "0.03", "Manganeso (mg/L)": "0", "Plomo (mg/L)": "0.004", "Zinc (mg/L)": "0.09", "Cianuros (mg/L)": "0.003", "Cloro Residual (mg/L)": "0.2", "Cloruros (mg/L)": "7.9", "Dureza Total (mg/L)": "135.55", "Fluoruros (mg/L)": "0.61", "Nitratos (mg/L)": "0.2", "Nitritos (mg/L)": "0.0145", "Ph": "7.01", "SDT (mg/L)": "172.2", "Sulfatos (mg/L)": "16", "Cloro Total (mg/L)": "0", "Conductividad (muS/cm)": "357", "Temperatura (°C)": "27.5", "ID": "Acatlán_San Bartolo (El Llano)_Manantial Chivería" }, "geometry": { "type": "Point", "coordinates": [ -98.460156188790165, 20.25307290306089 ] } },
{ "type": "Feature", "properties": { "CVEGEO_LOC": "130010021", "AÑO": 2013.0, "NOM_MUN": "Acatlán", "NOM_LOC": "San Dionisio", "Fuente de abastecimiento": "Manantial Zacacuautla", "Coliformes Totales (Ausencia o Presencia/100mL)": "Presencia", "E. Coli (Ausencia o Presencia/100mL)": "Ausencia", "Arsenico (mg/L)": "0", "Bario (mg/L)": "0", "Cadmio (mg/L)": null, "Cobre (mg/L)": "0.02", "Hierro (mg/L)": "0.01", "Manganeso (mg/L)": "0", "Plomo (mg/L)": "0.001", "Zinc (mg/L)": "0.07", "Cianuros (mg/L)": "0.001", "Cloro Residual (mg/L)": "0.2", "Cloruros (mg/L)": "10.11", "Dureza Total (mg/L)": "141.11", "Fluoruros (mg/L)": "0.7", "Nitratos (mg/L)": "0.1", "Nitritos (mg/L)": "0.013", "Ph": "7.1", "SDT (mg/L)": "156.7", "Sulfatos (mg/L)": "10", "Cloro Total (mg/L)": "0", "Conductividad (muS/cm)": "360.1", "Temperatura (°C)": "24.3", "ID": "Acatlán_San Dionisio_Manantial Zacacuautla" }, "geometry": { "type": "Point", "coordinates": [ -98.459723284412078, 20.122518663054464 ] } },
{ "type": "Feature", "properties": { "CVEGEO_LOC": "130010021", "AÑO": 2015.0, "NOM_MUN": "Acatlán", "NOM_LOC": "San Dionisio", "Fuente de abastecimiento": "Pozo San Dionisio", "Coliformes Totales (Ausencia o Presencia/100mL)": "Presencia", "E. Coli (Ausencia o Presencia/100mL)": "Ausencia", "Arsenico (mg/L)": "0", "Bario (mg/L)": "0", "Cadmio (mg/L)": null, "Cobre (mg/L)": "0.01", "Hierro (mg/L)": "0", "Manganeso (mg/L)": "0", "Plomo (mg/L)": "0", "Zinc (mg/L)": "0.05", "Cianuros (mg/L)": "0.001", "Cloro Residual (mg/L)": "0", "Cloruros (mg/L)": "3.3", "Dureza Total (mg/L)": "234.35", "Fluoruros (mg/L)": "0", "Nitratos (mg/L)": "0.9", "Nitritos (mg/L)": "0.005", "Ph": "6.38", "SDT (mg/L)": "267.3", "Sulfatos (mg/L)": "2", "Cloro Total (mg/L)": "0", "Conductividad (muS/cm)": "380", "Temperatura (°C)": "24.7", "ID": "Acatlán_San Dionisio_Pozo San Dionisio" }, "geometry": { "type": "Point", "coordinates": [ -98.467991889031339, 20.125320647030954 ] } },
{ "type": "Feature", "properties": { "CVEGEO_LOC": "130010021", "AÑO": 2017.0, "NOM_MUN": "Acatlán", "NOM_LOC": "San Dionisio", "Fuente de abastecimiento": "Pozo San Dionisio", "Coliformes Totales (Ausencia o Presencia/100mL)": "Presencia", "E. Coli (Ausencia o Presencia/100mL)": "Presencia", "Arsenico (mg/L)": "0.05", "Bario (mg/L)": "0", "Cadmio (mg/L)": null, "Cobre (mg/L)": "0.26", "Hierro (mg/L)": "0", "Manganeso (mg/L)": "0", "Plomo (mg/L)": "0", "Zinc (mg/L)": "0.02", "Cianuros (mg/L)": "0.001", "Cloro Residual (mg/L)": "0.02", "Cloruros (mg/L)": "2.6", "Dureza Total (mg/L)": "511.1", "Fluoruros (mg/L)": "0.24", "Nitratos (mg/L)": "1.4", "Nitritos (mg/L)": "0.006", "Ph": "8.16", "SDT (mg/L)": "17.5", "Sulfatos (mg/L)": "0", "Cloro Total (mg/L)": "0", "Conductividad (muS/cm)": "17.9", "Temperatura (°C)": null, "ID": "Acatlán_San Dionisio_Pozo San Dionisio" }, "geometry": { "type": "Point", "coordinates": [ -98.467991889031339, 20.125320647030954 ] } },
{ "type": "Feature", "properties": { "CVEGEO_LOC": "130010027", "AÑO": 2018.0, "NOM_MUN": "Acatlán", "NOM_LOC": "28 de Mayo (Santa Rosa) [Colonia]", "Fuente de abastecimiento": "Pozo 28 de Mayo", "Coliformes Totales (Ausencia o Presencia/100mL)": "Presencia", "E. Coli (Ausencia o Presencia/100mL)": "Ausencia", "Arsenico (mg/L)": "0", "Bario (mg/L)": "0", "Cadmio (mg/L)": "0", "Cobre (mg/L)": "0", "Hierro (mg/L)": "0", "Manganeso (mg/L)": "0", "Plomo (mg/L)": "0", "Zinc (mg/L)": "0", "Cianuros (mg/L)": "0.001", "Cloro Residual (mg/L)": "0", "Cloruros (mg/L)": "12", "Dureza Total (mg/L)": "123.33", "Fluoruros (mg/L)": "0.3", "Nitratos (mg/L)": "0.01", "Nitritos (mg/L)": "0", "Ph": "6.77", "SDT (mg/L)": "128", "Sulfatos (mg/L)": "56", "Cloro Total (mg/L)": "0", "Conductividad (muS/cm)": "303", "Temperatura (°C)": "23.4", "ID": "Acatlán_28 de Mayo (Santa Rosa) [Colonia]_Pozo 28 de Mayo" }, "geometry": { "type": "Point", "coordinates": [ -98.385282146269873, 20.170393655815396 ] } },
{ "type": "Feature", "properties": { "CVEGEO_LOC": "130010027", "AÑO": 2012.0, "NOM_MUN": "Acatlán", "NOM_LOC": "28 de Mayo (Santa Rosa) [Colonia]", "Fuente de abastecimiento": "Pozo C. 28 de Mayo", "Coliformes Totales (Ausencia o Presencia/100mL)": "Ausencia", "E. Coli (Ausencia o Presencia/100mL)": "Ausencia", "Arsenico (mg/L)": "0", "Bario (mg/L)": "0.1", "Cadmio (mg/L)": null, "Cobre (mg/L)": "0.459", "Hierro (mg/L)": "0", "Manganeso (mg/L)": "0.5", "Plomo (mg/L)": "0", "Zinc (mg/L)": "0.025", "Cianuros (mg/L)": "0.005", "Cloro Residual (mg/L)": "0", "Cloruros (mg/L)": "65.25", "Dureza Total (mg/L)": "144.443", "Fluoruros (mg/L)": "0.46", "Nitratos (mg/L)": "2.2", "Nitritos (mg/L)": "0.0033", "Ph": "7.48", "SDT (mg/L)": "364.58", "Sulfatos (mg/L)": "15", "Cloro Total (mg/L)": "0", "Conductividad (muS/cm)": "320", "Temperatura (°C)": "21.9", "ID": "Acatlán_28 de Mayo (Santa Rosa) [Colonia]_Pozo C. 28 de Mayo" }, "geometry": { "type": "Point", "coordinates": [ -98.38964258718083, 20.164424719505444 ] } },
{ "type": "Feature", "properties": { "CVEGEO_LOC": "130010027", "AÑO": 2016.0, "NOM_MUN": "Acatlán", "NOM_LOC": "28 de Mayo (Santa Rosa) [Colonia]", "Fuente de abastecimiento": "Pozo El Milagro", "Coliformes Totales (Ausencia o Presencia/100mL)": "Presencia", "E. Coli (Ausencia o Presencia/100mL)": "Ausencia", "Arsenico (mg/L)": "0", "Bario (mg/L)": "0", "Cadmio (mg/L)": null, "Cobre (mg/L)": "0.46", "Hierro (mg/L)": "0", "Manganeso (mg/L)": "0", "Plomo (mg/L)": "0", "Zinc (mg/L)": "0.02", "Cianuros (mg/L)": "0.005", "Cloro Residual (mg/L)": "0", "Cloruros (mg/L)": "11.8", "Dureza Total (mg/L)": "115.55", "Fluoruros (mg/L)": "0.87", "Nitratos (mg/L)": "4.3", "Nitritos (mg/L)": "0.005", "Ph": "7", "SDT (mg/L)": "155.3", "Sulfatos (mg/L)": "8", "Cloro Total (mg/L)": "0", "Conductividad (muS/cm)": "265", "Temperatura (°C)": "29.7", "ID": "Acatlán_28 de Mayo (Santa Rosa) [Colonia]_Pozo El Milagro" }, "geometry": { "type": "Point", "coordinates": [ -98.388990282426022, 20.173877030476135 ] } },
{ "type": "Feature", "properties": { "CVEGEO_LOC": "130010030", "AÑO": 2012.0, "NOM_MUN": "Acatlán", "NOM_LOC": "Las Palmas", "Fuente de abastecimiento": "Pozo Las Palmas", "Coliformes Totales (Ausencia o Presencia/100mL)": "Ausencia", "E. Coli (Ausencia o Presencia/100mL)": "Ausencia", "Arsenico (mg/L)": "0.007", "Bario (mg/L)": "0", "Cadmio (mg/L)": null, "Cobre (mg/L)": "0.615", "Hierro (mg/L)": "0.001", "Manganeso (mg/L)": "0.1", "Plomo (mg/L)": "0.009", "Zinc (mg/L)": "0.192", "Cianuros (mg/L)": "0", "Cloro Residual (mg/L)": "0", "Cloruros (mg/L)": "66.5", "Dureza Total (mg/L)": "155.554", "Fluoruros (mg/L)": "0.45", "Nitratos (mg/L)": "1.3", "Nitritos (mg/L)": "0.0034", "Ph": "7.64", "SDT (mg/L)": "378.8", "Sulfatos (mg/L)": "10", "Cloro Total (mg/L)": "0", "Conductividad (muS/cm)": "434", "Temperatura (°C)": "22.4", "ID": "Acatlán_Las Palmas_Pozo Las Palmas" }, "geometry": { "type": "Point", "coordinates": [ -98.395491262349012, 20.132745516546215 ] } },
{ "type": "Feature", "properties": { "CVEGEO_LOC": "130010043", "AÑO": 2014.0, "NOM_MUN": "Acatlán", "NOM_LOC": "El Sabino (La Barranca)", "Fuente de abastecimiento": "Manantial El Sabino", "Coliformes Totales (Ausencia o Presencia/100mL)": "Presencia", "E. Coli (Ausencia o Presencia/100mL)": "Presencia", "Arsenico (mg/L)": "0", "Bario (mg/L)": "0.01", "Cadmio (mg/L)": null, "Cobre (mg/L)": "0.04", "Hierro (mg/L)": "0.13", "Manganeso (mg/L)": "0.1", "Plomo (mg/L)": "0.001", "Zinc (mg/L)": "0.04", "Cianuros (mg/L)": "0.003", "Cloro Residual (mg/L)": "0.03", "Cloruros (mg/L)": "4.7", "Dureza Total (mg/L)": "177.77", "Fluoruros (mg/L)": "0.41", "Nitratos (mg/L)": "0.6", "Nitritos (mg/L)": "0.009", "Ph": "7.68", "SDT (mg/L)": "150.4", "Sulfatos (mg/L)": "8", "Cloro Total (mg/L)": "0.01", "Conductividad (muS/cm)": "313", "Temperatura (°C)": "22", "ID": "Acatlán_El Sabino (La Barranca)_Manantial El Sabino" }, "geometry": { "type": "Point", "coordinates": [ -98.464238620469217, 20.289546454311211 ] } },
{ "type": "Feature", "properties": { "CVEGEO_LOC": "130010048", "AÑO": 2014.0, "NOM_MUN": "Acatlán", "NOM_LOC": "La Chamusquina", "Fuente de abastecimiento": "Manantial Chamusquina", "Coliformes Totales (Ausencia o Presencia/100mL)": "Presencia", "E. Coli (Ausencia o Presencia/100mL)": "Ausencia", "Arsenico (mg/L)": "0", "Bario (mg/L)": "0", "Cadmio (mg/L)": null, "Cobre (mg/L)": "0.4", "Hierro (mg/L)": "0.05", "Manganeso (mg/L)": "0", "Plomo (mg/L)": "0", "Zinc (mg/L)": "0.01", "Cianuros (mg/L)": "0.002", "Cloro Residual (mg/L)": "0", "Cloruros (mg/L)": "8.4", "Dureza Total (mg/L)": "177.77", "Fluoruros (mg/L)": "1.38", "Nitratos (mg/L)": "0.6", "Nitritos (mg/L)": "0.04", "Ph": "6.94", "SDT (mg/L)": "380", "Sulfatos (mg/L)": "98", "Cloro Total (mg/L)": "0", "Conductividad (muS/cm)": "759", "Temperatura (°C)": "24.4", "ID": "Acatlán_La Chamusquina_Manantial Chamusquina" }, "geometry": { "type": "Point", "coordinates": [ -98.488782094185083, 20.292346451538457 ] } },
{ "type": "Feature", "properties": { "CVEGEO_LOC": "130010051", "AÑO": 2016.0, "NOM_MUN": "Acatlán", "NOM_LOC": "El Transformador", "Fuente de abastecimiento": "Pozo El Transformador", "Coliformes Totales (Ausencia o Presencia/100mL)": "Presencia", "E. Coli (Ausencia o Presencia/100mL)": "Ausencia", "Arsenico (mg/L)": "0", "Bario (mg/L)": "0", "Cadmio (mg/L)": null, "Cobre (mg/L)": "0.34", "Hierro (mg/L)": "0", "Manganeso (mg/L)": "0", "Plomo (mg/L)": "0", "Zinc (mg/L)": "0.03", "Cianuros (mg/L)": "0", "Cloro Residual (mg/L)": "0", "Cloruros (mg/L)": "10.8", "Dureza Total (mg/L)": "144.44", "Fluoruros (mg/L)": "0.98", "Nitratos (mg/L)": "1.5", "Nitritos (mg/L)": "0", "Ph": "6.94", "SDT (mg/L)": "152.6", "Sulfatos (mg/L)": "6", "Cloro Total (mg/L)": "0", "Conductividad (muS/cm)": "291", "Temperatura (°C)": null, "ID": "Acatlán_El Transformador_Pozo El Transformador" }, "geometry": { "type": "Point", "coordinates": [ -98.427902068310175, 20.171920877563014 ] } },
{ "type": "Feature", "properties": { "CVEGEO_LOC": "130020001", "AÑO": 2016.0, "NOM_MUN": "Acaxochitlán", "NOM_LOC": "Acaxochitlán", "Fuente de abastecimiento": "Manantial Acalco", "Coliformes Totales (Ausencia o Presencia/100mL)": "Presencia", "E. Coli (Ausencia o Presencia/100mL)": "Presencia", "Arsenico (mg/L)": "0", "Bario (mg/L)": "0", "Cadmio (mg/L)": null, "Cobre (mg/L)": "0.19", "Hierro (mg/L)": "0", "Manganeso (mg/L)": "0", "Plomo (mg/L)": "0", "Zinc (mg/L)": "0", "Cianuros (mg/L)": "0", "Cloro Residual (mg/L)": "0.1", "Cloruros (mg/L)": "8.1", "Dureza Total (mg/L)": "66.66", "Fluoruros (mg/L)": "0", "Nitratos (mg/L)": "0.4", "Nitritos (mg/L)": "0.002", "Ph": "6.5", "SDT (mg/L)": "98.4", "Sulfatos (mg/L)": "8", "Cloro Total (mg/L)": "0", "Conductividad (muS/cm)": "102.22", "Temperatura (°C)": "19.1", "ID": "Acaxochitlán_Acaxochitlán_Manantial Acalco" }, "geometry": { "type": "Point", "coordinates": [ -98.200082083196108, 20.157770496740277 ] } },
{ "type": "Feature", "properties": { "CVEGEO_LOC": "130020001", "AÑO": 2016.0, "NOM_MUN": "Acaxochitlán", "NOM_LOC": "Acaxochitlán", "Fuente de abastecimiento": "Manantial Azompa", "Coliformes Totales (Ausencia o Presencia/100mL)": "Presencia", "E. Coli (Ausencia o Presencia/100mL)": "Presencia", "Arsenico (mg/L)": "0", "Bario (mg/L)": "0", "Cadmio (mg/L)": null, "Cobre (mg/L)": "0.11", "Hierro (mg/L)": "0.01", "Manganeso (mg/L)": "0.001", "Plomo (mg/L)": "0", "Zinc (mg/L)": "0", "Cianuros (mg/L)": "0", "Cloro Residual (mg/L)": "0.1", "Cloruros (mg/L)": "0.2", "Dureza Total (mg/L)": "82.22", "Fluoruros (mg/L)": "0", "Nitratos (mg/L)": "0", "Nitritos (mg/L)": "0.006", "Ph": "6.35", "SDT (mg/L)": "73.6", "Sulfatos (mg/L)": "0", "Cloro Total (mg/L)": "0.1", "Conductividad (muS/cm)": "119.99", "Temperatura (°C)": "18.5", "ID": "Acaxochitlán_Acaxochitlán_Manantial Azompa" }, "geometry": { "type": "Point", "coordinates": [ -98.200873476879082, 20.155088280254155 ] } },
{ "type": "Feature", "properties": { "CVEGEO_LOC": "130020001", "AÑO": 2014.0, "NOM_MUN": "Acaxochitlán", "NOM_LOC": "Acaxochitlán", "Fuente de abastecimiento": "Manantial El Chorrito", "Coliformes Totales (Ausencia o Presencia/100mL)": "Presencia", "E. Coli (Ausencia o Presencia/100mL)": "Ausencia", "Arsenico (mg/L)": "0", "Bario (mg/L)": "0", "Cadmio (mg/L)": null, "Cobre (mg/L)": "0.18", "Hierro (mg/L)": "0.01", "Manganeso (mg/L)": "0", "Plomo (mg/L)": "0", "Zinc (mg/L)": "0.02", "Cianuros (mg/L)": "0.002", "Cloro Residual (mg/L)": "0.05", "Cloruros (mg/L)": "3.3", "Dureza Total (mg/L)": "44.44", "Fluoruros (mg/L)": "0.14", "Nitratos (mg/L)": "1", "Nitritos (mg/L)": "0.007", "Ph": "6.13", "SDT (mg/L)": "26.1", "Sulfatos (mg/L)": "4", "Cloro Total (mg/L)": "0.04", "Conductividad (muS/cm)": "25.4", "Temperatura (°C)": "20.6", "ID": "Acaxochitlán_Acaxochitlán_Manantial El Chorrito" }, "geometry": { "type": "Point", "coordinates": [ -98.205085159703586, 20.153979769269398 ] } },
{ "type": "Feature", "properties": { "CVEGEO_LOC": "130020001", "AÑO": 2014.0, "NOM_MUN": "Acaxochitlán", "NOM_LOC": "Acaxochitlán", "Fuente de abastecimiento": "Manantial Morelos", "Coliformes Totales (Ausencia o Presencia/100mL)": "Presencia", "E. Coli (Ausencia o Presencia/100mL)": "Presencia", "Arsenico (mg/L)": "0", "Bario (mg/L)": "0", "Cadmio (mg/L)": null, "Cobre (mg/L)": "0.16", "Hierro (mg/L)": "0.01", "Manganeso (mg/L)": "0", "Plomo (mg/L)": "0", "Zinc (mg/L)": "0", "Cianuros (mg/L)": "0.001", "Cloro Residual (mg/L)": "0.11", "Cloruros (mg/L)": "7.7", "Dureza Total (mg/L)": "79.99", "Fluoruros (mg/L)": "0.1", "Nitratos (mg/L)": "0.8", "Nitritos (mg/L)": "0.007", "Ph": "6.2", "SDT (mg/L)": "53.6", "Sulfatos (mg/L)": "4", "Cloro Total (mg/L)": "0.01", "Conductividad (muS/cm)": "105.5", "Temperatura (°C)": "18.1", "ID": "Acaxochitlán_Acaxochitlán_Manantial Morelos" }, "geometry": { "type": "Point", "coordinates": [ -98.205989776792535, 20.155895894162263 ] } },
{ "type": "Feature", "properties": { "CVEGEO_LOC": "130020001", "AÑO": 2014.0, "NOM_MUN": "Acaxochitlán", "NOM_LOC": "Acaxochitlán", "Fuente de abastecimiento": "Noria Paredones", "Coliformes Totales (Ausencia o Presencia/100mL)": "Presencia", "E. Coli (Ausencia o Presencia/100mL)": "Presencia", "Arsenico (mg/L)": "0.001", "Bario (mg/L)": "0.1", "Cadmio (mg/L)": null, "Cobre (mg/L)": "0.36", "Hierro (mg/L)": "0.37", "Manganeso (mg/L)": "0.5", "Plomo (mg/L)": "0.021", "Zinc (mg/L)": "0", "Cianuros (mg/L)": "0.01", "Cloro Residual (mg/L)": "0.1", "Cloruros (mg/L)": "6.8", "Dureza Total (mg/L)": "44.44", "Fluoruros (mg/L)": "0", "Nitratos (mg/L)": "2", "Nitritos (mg/L)": "0.05", "Ph": "6.35", "SDT (mg/L)": "50.5", "Sulfatos (mg/L)": "7", "Cloro Total (mg/L)": "0", "Conductividad (muS/cm)": "55.55", "Temperatura (°C)": "20", "ID": "Acaxochitlán_Acaxochitlán_Noria Paredones" }, "geometry": { "type": "Point", "coordinates": [ -98.204897797772489, 20.158324349464795 ] } },
{ "type": "Feature", "properties": { "CVEGEO_LOC": "130020001", "AÑO": 2012.0, "NOM_MUN": "Acaxochitlán", "NOM_LOC": "Acaxochitlán", "Fuente de abastecimiento": "Pozo Capulines", "Coliformes Totales (Ausencia o Presencia/100mL)": "Presencia", "E. Coli (Ausencia o Presencia/100mL)": "Presencia", "Arsenico (mg/L)": "0", "Bario (mg/L)": null, "Cadmio (mg/L)": null, "Cobre (mg/L)": "0.622", "Hierro (mg/L)": "0.054", "Manganeso (mg/L)": null, "Plomo (mg/L)": "0", "Zinc (mg/L)": "0.026", "Cianuros (mg/L)": "0.004", "Cloro Residual (mg/L)": "0.03", "Cloruros (mg/L)": "44.75", "Dureza Total (mg/L)": "108.8878", "Fluoruros (mg/L)": "0", "Nitratos (mg/L)": "0.5", "Nitritos (mg/L)": "0.0035", "Ph": "7.47", "SDT (mg/L)": "57.4", "Sulfatos (mg/L)": "0", "Cloro Total (mg/L)": "0.01", "Conductividad (muS/cm)": "113.8", "Temperatura (°C)": "19.2", "ID": "Acaxochitlán_Acaxochitlán_Pozo Capulines" }, "geometry": { "type": "Point", "coordinates": [ -98.202030731013991, 20.159912815283576 ] } },
{ "type": "Feature", "properties": { "CVEGEO_LOC": "130020002", "AÑO": 2017.0, "NOM_MUN": "Acaxochitlán", "NOM_LOC": "Apapaxtla el Grande (Altamira)", "Fuente de abastecimiento": "Manantial Apapaxtla El Grande", "Coliformes Totales (Ausencia o Presencia/100mL)": "ND", "E. Coli (Ausencia o Presencia/100mL)": "ND", "Arsenico (mg/L)": "0", "Bario (mg/L)": "0", "Cadmio (mg/L)": null, "Cobre (mg/L)": "0", "Hierro (mg/L)": "0", "Manganeso (mg/L)": "0", "Plomo (mg/L)": "0", "Zinc (mg/L)": "0.03", "Cianuros (mg/L)": null, "Cloro Residual (mg/L)": null, "Cloruros (mg/L)": null, "Dureza Total (mg/L)": null, "Fluoruros (mg/L)": null, "Nitratos (mg/L)": null, "Nitritos (mg/L)": null, "Ph": null, "SDT (mg/L)": null, "Sulfatos (mg/L)": null, "Cloro Total (mg/L)": null, "Conductividad (muS/cm)": null, "Temperatura (°C)": null, "ID": "Acaxochitlán_Apapaxtla el Grande (Altamira)_Manantial Apapaxtla El Grande" }, "geometry": { "type": "Point", "coordinates": [ -98.154973600300877, 20.104657535625371 ] } },
{ "type": "Feature", "properties": { "CVEGEO_LOC": "130020004", "AÑO": 2015.0, "NOM_MUN": "Acaxochitlán", "NOM_LOC": "Cuaunepantla", "Fuente de abastecimiento": "Pozo Cuaunepantla", "Coliformes Totales (Ausencia o Presencia/100mL)": "Presencia", "E. Coli (Ausencia o Presencia/100mL)": "Ausencia", "Arsenico (mg/L)": "0", "Bario (mg/L)": "0", "Cadmio (mg/L)": null, "Cobre (mg/L)": "0.71", "Hierro (mg/L)": "0", "Manganeso (mg/L)": "0", "Plomo (mg/L)": "0", "Zinc (mg/L)": "0.12", "Cianuros (mg/L)": "0.001", "Cloro Residual (mg/L)": "0.1", "Cloruros (mg/L)": "1.1", "Dureza Total (mg/L)": "71.11", "Fluoruros (mg/L)": "0.03", "Nitratos (mg/L)": "0.4", "Nitritos (mg/L)": "0.008", "Ph": "7.4", "SDT (mg/L)": "74.5", "Sulfatos (mg/L)": "10", "Cloro Total (mg/L)": "0", "Conductividad (muS/cm)": "118.21", "Temperatura (°C)": "22.4", "ID": "Acaxochitlán_Cuaunepantla_Pozo Cuaunepantla" }, "geometry": { "type": "Point", "coordinates": [ -98.230489255313529, 20.155344318020951 ] } },
{ "type": "Feature", "properties": { "CVEGEO_LOC": "130020014", "AÑO": 2017.0, "NOM_MUN": "Acaxochitlán", "NOM_LOC": "Santa Catarina", "Fuente de abastecimiento": "Manatial Santa Catarina", "Coliformes Totales (Ausencia o Presencia/100mL)": "ND", "E. Coli (Ausencia o Presencia/100mL)": "ND", "Arsenico (mg/L)": "0", "Bario (mg/L)": "0", "Cadmio (mg/L)": null, "Cobre (mg/L)": "0", "Hierro (mg/L)": "0", "Manganeso (mg/L)": "0.1", "Plomo (mg/L)": "0", "Zinc (mg/L)": "0.02", "Cianuros (mg/L)": null, "Cloro Residual (mg/L)": null, "Cloruros (mg/L)": null, "Dureza Total (mg/L)": null, "Fluoruros (mg/L)": null, "Nitratos (mg/L)": null, "Nitritos (mg/L)": null, "Ph": null, "SDT (mg/L)": null, "Sulfatos (mg/L)": null, "Cloro Total (mg/L)": null, "Conductividad (muS/cm)": null, "Temperatura (°C)": null, "ID": "Acaxochitlán_Santa Catarina_Manatial Santa Catarina" }, "geometry": { "type": "Point", "coordinates": [ -98.182251734226924, 20.2559231685822 ] } },
{ "type": "Feature", "properties": { "CVEGEO_LOC": "130020018", "AÑO": 2012.0, "NOM_MUN": "Acaxochitlán", "NOM_LOC": "Tlaltegco (Venta Quemada)", "Fuente de abastecimiento": "Manantial Chivería", "Coliformes Totales (Ausencia o Presencia/100mL)": "Presencia", "E. Coli (Ausencia o Presencia/100mL)": "Presencia", "Arsenico (mg/L)": "0", "Bario (mg/L)": null, "Cadmio (mg/L)": null, "Cobre (mg/L)": "0.805", "Hierro (mg/L)": "0.044", "Manganeso (mg/L)": null, "Plomo (mg/L)": "0", "Zinc (mg/L)": "0.018", "Cianuros (mg/L)": "0.011", "Cloro Residual (mg/L)": "0.03", "Cloruros (mg/L)": "44.75", "Dureza Total (mg/L)": "111.11", "Fluoruros (mg/L)": "0", "Nitratos (mg/L)": "0.8", "Nitritos (mg/L)": "0.0037", "Ph": "7.52", "SDT (mg/L)": "54.6", "Sulfatos (mg/L)": "5", "Cloro Total (mg/L)": "0.05", "Conductividad (muS/cm)": "101.5", "Temperatura (°C)": "21.3", "ID": "Acaxochitlán_Tlaltegco (Venta Quemada)_Manantial Chivería" }, "geometry": { "type": "Point", "coordinates": [ -98.18935580799139, 20.141004211611715 ] } },
{ "type": "Feature", "properties": { "CVEGEO_LOC": "130020021", "AÑO": 2015.0, "NOM_MUN": "Acaxochitlán", "NOM_LOC": "Tlamimilolpa", "Fuente de abastecimiento": "Manantial Aua Linda", "Coliformes Totales (Ausencia o Presencia/100mL)": "Presencia", "E. Coli (Ausencia o Presencia/100mL)": "Ausencia", "Arsenico (mg/L)": "0", "Bario (mg/L)": "0", "Cadmio (mg/L)": null, "Cobre (mg/L)": "0.71", "Hierro (mg/L)": "0", "Manganeso (mg/L)": "0", "Plomo (mg/L)": "0", "Zinc (mg/L)": "0.06", "Cianuros (mg/L)": "0", "Cloro Residual (mg/L)": "0.01", "Cloruros (mg/L)": "1.2", "Dureza Total (mg/L)": "91.11", "Fluoruros (mg/L)": "0.82", "Nitratos (mg/L)": "0.5", "Nitritos (mg/L)": "0.017", "Ph": "7.4", "SDT (mg/L)": "96.4", "Sulfatos (mg/L)": "0", "Cloro Total (mg/L)": "0", "Conductividad (muS/cm)": "110.14", "Temperatura (°C)": "18.2", "ID": "Acaxochitlán_Tlamimilolpa_Manantial Aua Linda" }, "geometry": { "type": "Point", "coordinates": [ -98.215284489193976, 20.125809640484576 ] } },
{ "type": "Feature", "properties": { "CVEGEO_LOC": "130020026", "AÑO": 2017.0, "NOM_MUN": "Acaxochitlán", "NOM_LOC": "Zacacuautla", "Fuente de abastecimiento": "Manantial Zacacuautla", "Coliformes Totales (Ausencia o Presencia/100mL)": "ND", "E. Coli (Ausencia o Presencia/100mL)": "ND", "Arsenico (mg/L)": "0", "Bario (mg/L)": "0", "Cadmio (mg/L)": null, "Cobre (mg/L)": "0", "Hierro (mg/L)": "0", "Manganeso (mg/L)": "0", "Plomo (mg/L)": "0", "Zinc (mg/L)": "0.03", "Cianuros (mg/L)": null, "Cloro Residual (mg/L)": null, "Cloruros (mg/L)": null, "Dureza Total (mg/L)": null, "Fluoruros (mg/L)": null, "Nitratos (mg/L)": null, "Nitritos (mg/L)": null, "Ph": null, "SDT (mg/L)": null, "Sulfatos (mg/L)": null, "Cloro Total (mg/L)": null, "Conductividad (muS/cm)": null, "Temperatura (°C)": null, "ID": "Acaxochitlán_Zacacuautla_Manantial Zacacuautla" }, "geometry": { "type": "Point", "coordinates": [ -98.231565932310701, 20.213889369377938 ] } },
{ "type": "Feature", "properties": { "CVEGEO_LOC": "130020026", "AÑO": 2013.0, "NOM_MUN": "Acaxochitlán", "NOM_LOC": "Zacacuautla", "Fuente de abastecimiento": "Tanque El Remudadero", "Coliformes Totales (Ausencia o Presencia/100mL)": "Presencia", "E. Coli (Ausencia o Presencia/100mL)": "Ausencia", "Arsenico (mg/L)": "0", "Bario (mg/L)": "0", "Cadmio (mg/L)": null, "Cobre (mg/L)": "0.08", "Hierro (mg/L)": "0.05", "Manganeso (mg/L)": "0", "Plomo (mg/L)": "0", "Zinc (mg/L)": "0.02", "Cianuros (mg/L)": "0.001", "Cloro Residual (mg/L)": "0.1", "Cloruros (mg/L)": "46.1", "Dureza Total (mg/L)": "110.11", "Fluoruros (mg/L)": "0", "Nitratos (mg/L)": "0.4", "Nitritos (mg/L)": "0.001", "Ph": "7.58", "SDT (mg/L)": "56.6", "Sulfatos (mg/L)": "19.6", "Cloro Total (mg/L)": "0", "Conductividad (muS/cm)": "87.3", "Temperatura (°C)": "20", "ID": "Acaxochitlán_Zacacuautla_Tanque El Remudadero" }, "geometry": { "type": "Point", "coordinates": [ -98.224842041073671, 20.218944550520696 ] } },
{ "type": "Feature", "properties": { "CVEGEO_LOC": "130020045", "AÑO": 2013.0, "NOM_MUN": "Acaxochitlán", "NOM_LOC": "Tlatzintla", "Fuente de abastecimiento": "Manantial San Pedrito", "Coliformes Totales (Ausencia o Presencia/100mL)": "Presencia", "E. Coli (Ausencia o Presencia/100mL)": "Presencia", "Arsenico (mg/L)": "0", "Bario (mg/L)": "0", "Cadmio (mg/L)": null, "Cobre (mg/L)": "0.13", "Hierro (mg/L)": "0.04", "Manganeso (mg/L)": "0", "Plomo (mg/L)": "0", "Zinc (mg/L)": "0.01", "Cianuros (mg/L)": "0.005", "Cloro Residual (mg/L)": "0.1", "Cloruros (mg/L)": "45", "Dureza Total (mg/L)": "110.22", "Fluoruros (mg/L)": "0", "Nitratos (mg/L)": "0.6", "Nitritos (mg/L)": "0.003", "Ph": "7.33", "SDT (mg/L)": "94.7", "Sulfatos (mg/L)": "7.5", "Cloro Total (mg/L)": "0", "Conductividad (muS/cm)": "107.4", "Temperatura (°C)": "18.2", "ID": "Acaxochitlán_Tlatzintla_Manantial San Pedrito" }, "geometry": { "type": "Point", "coordinates": [ -98.186400234731408, 20.156907113444205 ] } },
{ "type": "Feature", "properties": { "CVEGEO_LOC": "130020070", "AÑO": 2017.0, "NOM_MUN": "Acaxochitlán", "NOM_LOC": "Apapaxtla el Chico", "Fuente de abastecimiento": "Manantial Apapaxtla El Chico", "Coliformes Totales (Ausencia o Presencia/100mL)": "ND", "E. Coli (Ausencia o Presencia/100mL)": "ND", "Arsenico (mg/L)": "0", "Bario (mg/L)": "0", "Cadmio (mg/L)": null, "Cobre (mg/L)": "0", "Hierro (mg/L)": "0.03", "Manganeso (mg/L)": "0", "Plomo (mg/L)": "0", "Zinc (mg/L)": "0.09", "Cianuros (mg/L)": null, "Cloro Residual (mg/L)": null, "Cloruros (mg/L)": null, "Dureza Total (mg/L)": null, "Fluoruros (mg/L)": null, "Nitratos (mg/L)": null, "Nitritos (mg/L)": null, "Ph": null, "SDT (mg/L)": null, "Sulfatos (mg/L)": null, "Cloro Total (mg/L)": null, "Conductividad (muS/cm)": null, "Temperatura (°C)": null, "ID": "Acaxochitlán_Apapaxtla el Chico_Manantial Apapaxtla El Chico" }, "geometry": { "type": "Point", "coordinates": [ -98.159145008012118, 20.096627948706583 ] } },
{ "type": "Feature", "properties": { "CVEGEO_LOC": "130030001", "AÑO": 2016.0, "NOM_MUN": "Actopan", "NOM_LOC": "Actopan", "Fuente de abastecimiento": "Noria Pozo Grande", "Coliformes Totales (Ausencia o Presencia/100mL)": "Presencia", "E. Coli (Ausencia o Presencia/100mL)": "Ausencia", "Arsenico (mg/L)": "0", "Bario (mg/L)": "0", "Cadmio (mg/L)": null, "Cobre (mg/L)": "0.06", "Hierro (mg/L)": "0.01", "Manganeso (mg/L)": "0", "Plomo (mg/L)": "0", "Zinc (mg/L)": "0.04", "Cianuros (mg/L)": "0.001", "Cloro Residual (mg/L)": "0", "Cloruros (mg/L)": "29.2", "Dureza Total (mg/L)": "266.66", "Fluoruros (mg/L)": "0.5", "Nitratos (mg/L)": "1.2", "Nitritos (mg/L)": "0.024", "Ph": "6.78", "SDT (mg/L)": "764", "Sulfatos (mg/L)": "287", "Cloro Total (mg/L)": "0", "Conductividad (muS/cm)": "27.8", "Temperatura (°C)": "21.8", "ID": "Actopan_Actopan_Noria Pozo Grande" }, "geometry": { "type": "Point", "coordinates": [ -98.936339366246244, 20.276638887869353 ] } },
{ "type": "Feature", "properties": { "CVEGEO_LOC": "130030001", "AÑO": 2015.0, "NOM_MUN": "Actopan", "NOM_LOC": "Actopan", "Fuente de abastecimiento": "Pozo La Noria", "Coliformes Totales (Ausencia o Presencia/100mL)": "Presencia", "E. Coli (Ausencia o Presencia/100mL)": "Ausencia", "Arsenico (mg/L)": "0", "Bario (mg/L)": "0", "Cadmio (mg/L)": null, "Cobre (mg/L)": "0.07", "Hierro (mg/L)": "0.01", "Manganeso (mg/L)": "0.1", "Plomo (mg/L)": "0", "Zinc (mg/L)": "0.03", "Cianuros (mg/L)": "0.002", "Cloro Residual (mg/L)": "0", "Cloruros (mg/L)": "28.2", "Dureza Total (mg/L)": "251.1", "Fluoruros (mg/L)": "0.49", "Nitratos (mg/L)": "1.1", "Nitritos (mg/L)": "0.268", "Ph": "6.44", "SDT (mg/L)": "959", "Sulfatos (mg/L)": "351", "Cloro Total (mg/L)": "0", "Conductividad (muS/cm)": "2.33", "Temperatura (°C)": "22.4", "ID": "Actopan_Actopan_Pozo La Noria" }, "geometry": { "type": "Point", "coordinates": [ -98.957763122284035, 20.27231213786694 ] } },
{ "type": "Feature", "properties": { "CVEGEO_LOC": "1300300020014800", "AÑO": 2015.0, "NOM_MUN": "Actopan", "NOM_LOC": "Benito Juárez", "Fuente de abastecimiento": "Pozo San Isidro", "Coliformes Totales (Ausencia o Presencia/100mL)": "Presencia", "E. Coli (Ausencia o Presencia/100mL)": "Ausencia", "Arsenico (mg/L)": "0", "Bario (mg/L)": "0", "Cadmio (mg/L)": null, "Cobre (mg/L)": "0.57", "Hierro (mg/L)": "0.04", "Manganeso (mg/L)": "0", "Plomo (mg/L)": "0", "Zinc (mg/L)": "0.03", "Cianuros (mg/L)": "0.002", "Cloro Residual (mg/L)": "0", "Cloruros (mg/L)": "27.6", "Dureza Total (mg/L)": "421.22", "Fluoruros (mg/L)": "0", "Nitratos (mg/L)": "3.4", "Nitritos (mg/L)": "0.003", "Ph": "7.17", "SDT (mg/L)": "951", "Sulfatos (mg/L)": "119", "Cloro Total (mg/L)": "0", "Conductividad (muS/cm)": "1897", "Temperatura (°C)": "24.8", "ID": "Actopan_Benito Juárez_Pozo San Isidro" }, "geometry": { "type": "Point", "coordinates": [ -98.831934268049764, 20.362729120331942 ] } },
{ "type": "Feature", "properties": { "CVEGEO_LOC": "1300300020014800", "AÑO": 2016.0, "NOM_MUN": "Actopan", "NOM_LOC": "Benito Juárez", "Fuente de abastecimiento": "Pozo San Isidro", "Coliformes Totales (Ausencia o Presencia/100mL)": "Presencia", "E. Coli (Ausencia o Presencia/100mL)": "Ausencia", "Arsenico (mg/L)": "0", "Bario (mg/L)": "0", "Cadmio (mg/L)": null, "Cobre (mg/L)": "0.59", "Hierro (mg/L)": "0.05", "Manganeso (mg/L)": "0", "Plomo (mg/L)": "0", "Zinc (mg/L)": "0.05", "Cianuros (mg/L)": "0.001", "Cloro Residual (mg/L)": "0", "Cloruros (mg/L)": "28.4", "Dureza Total (mg/L)": "422.22", "Fluoruros (mg/L)": "0", "Nitratos (mg/L)": "3.9", "Nitritos (mg/L)": "0.005", "Ph": "7.04", "SDT (mg/L)": "953", "Sulfatos (mg/L)": "122", "Cloro Total (mg/L)": "0", "Conductividad (muS/cm)": "269", "Temperatura (°C)": "24.9", "ID": "Actopan_Benito Juárez_Pozo San Isidro" }, "geometry": { "type": "Point", "coordinates": [ -98.831934268049764, 20.362729120331942 ] } },
{ "type": "Feature", "properties": { "CVEGEO_LOC": "130030003", "AÑO": 2012.0, "NOM_MUN": "Actopan", "NOM_LOC": "Bothi Baji", "Fuente de abastecimiento": "Pozo Bothi Baji", "Coliformes Totales (Ausencia o Presencia/100mL)": "Presencia", "E. Coli (Ausencia o Presencia/100mL)": "Ausencia", "Arsenico (mg/L)": "0.01", "Bario (mg/L)": "0", "Cadmio (mg/L)": null, "Cobre (mg/L)": "0.086", "Hierro (mg/L)": "0.003", "Manganeso (mg/L)": "0.5", "Plomo (mg/L)": "0", "Zinc (mg/L)": "0.061", "Cianuros (mg/L)": "0.004", "Cloro Residual (mg/L)": "0", "Cloruros (mg/L)": "27.5", "Dureza Total (mg/L)": "306.6636", "Fluoruros (mg/L)": "0.08", "Nitratos (mg/L)": "4.5", "Nitritos (mg/L)": "0.1189", "Ph": "7.43", "SDT (mg/L)": "0", "Sulfatos (mg/L)": "80", "Cloro Total (mg/L)": "0.01", "Conductividad (muS/cm)": "1618", "Temperatura (°C)": "20", "ID": "Actopan_Bothi Baji_Pozo Bothi Baji" }, "geometry": { "type": "Point", "coordinates": [ -98.945891846534039, 20.241414040972252 ] } },
{ "type": "Feature", "properties": { "CVEGEO_LOC": "130030004", "AÑO": 2014.0, "NOM_MUN": "Actopan", "NOM_LOC": "Boxaxni", "Fuente de abastecimiento": "Pozo El Consa", "Coliformes Totales (Ausencia o Presencia/100mL)": "Presencia", "E. Coli (Ausencia o Presencia/100mL)": "Ausencia", "Arsenico (mg/L)": "0.001", "Bario (mg/L)": "0.1", "Cadmio (mg/L)": null, "Cobre (mg/L)": "0.11", "Hierro (mg/L)": "1.47", "Manganeso (mg/L)": "0.9", "Plomo (mg/L)": "0.002", "Zinc (mg/L)": "0.02", "Cianuros (mg/L)": "0.009", "Cloro Residual (mg/L)": "0", "Cloruros (mg/L)": "9.5", "Dureza Total (mg/L)": "375.55", "Fluoruros (mg/L)": "0.06", "Nitratos (mg/L)": "2.8", "Nitritos (mg/L)": "0.028", "Ph": "7.85", "SDT (mg/L)": "305", "Sulfatos (mg/L)": "27", "Cloro Total (mg/L)": "0", "Conductividad (muS/cm)": "628", "Temperatura (°C)": "22.22", "ID": "Actopan_Boxaxni_Pozo El Consa" }, "geometry": { "type": "Point", "coordinates": [ -98.94579003942053, 20.33753649567857 ] } },
{ "type": "Feature", "properties": { "CVEGEO_LOC": "130030004", "AÑO": 2015.0, "NOM_MUN": "Actopan", "NOM_LOC": "Boxaxni", "Fuente de abastecimiento": "Pozo El Conza", "Coliformes Totales (Ausencia o Presencia/100mL)": "Presencia", "E. Coli (Ausencia o Presencia/100mL)": "Ausencia", "Arsenico (mg/L)": "0", "Bario (mg/L)": "0", "Cadmio (mg/L)": null, "Cobre (mg/L)": "0.06", "Hierro (mg/L)": "0.02", "Manganeso (mg/L)": "0.01", "Plomo (mg/L)": "0", "Zinc (mg/L)": "0.04", "Cianuros (mg/L)": "0.003", "Cloro Residual (mg/L)": "0", "Cloruros (mg/L)": "8.2", "Dureza Total (mg/L)": "422.21", "Fluoruros (mg/L)": "0.6", "Nitratos (mg/L)": "1.8", "Nitritos (mg/L)": "0.003", "Ph": "7.34", "SDT (mg/L)": "377", "Sulfatos (mg/L)": "23", "Cloro Total (mg/L)": "0", "Conductividad (muS/cm)": "773", "Temperatura (°C)": "20.6", "ID": "Actopan_Boxaxni_Pozo El Conza" }, "geometry": { "type": "Point", "coordinates": [ -98.953832816381322, 20.343407572838174 ] } },
{ "type": "Feature", "properties": { "CVEGEO_LOC": "130030010", "AÑO": 2015.0, "NOM_MUN": "Actopan", "NOM_LOC": "Chicavasco", "Fuente de abastecimiento": "Pozo Chicavasco", "Coliformes Totales (Ausencia o Presencia/100mL)": "Presencia", "E. Coli (Ausencia o Presencia/100mL)": "Ausencia", "Arsenico (mg/L)": "0", "Bario (mg/L)": "0", "Cadmio (mg/L)": null, "Cobre (mg/L)": "0", "Hierro (mg/L)": "0.3", "Manganeso (mg/L)": "0.1", "Plomo (mg/L)": "0", "Zinc (mg/L)": "0.05", "Cianuros (mg/L)": "0", "Cloro Residual (mg/L)": "0", "Cloruros (mg/L)": "3", "Dureza Total (mg/L)": "394.44", "Fluoruros (mg/L)": "0.38", "Nitratos (mg/L)": "1.7", "Nitritos (mg/L)": "0.4", "Ph": "6.99", "SDT (mg/L)": "959", "Sulfatos (mg/L)": "116", "Cloro Total (mg/L)": "0", "Conductividad (muS/cm)": "2.18", "Temperatura (°C)": "21.9", "ID": "Actopan_Chicavasco_Pozo Chicavasco" }, "geometry": { "type": "Point", "coordinates": [ -98.955299418349099, 20.187662685450661 ] } },
{ "type": "Feature", "properties": { "CVEGEO_LOC": "130030014", "AÑO": 2014.0, "NOM_MUN": "Actopan", "NOM_LOC": "El Huaxtho", "Fuente de abastecimiento": "Pozo Huaxto", "Coliformes Totales (Ausencia o Presencia/100mL)": "Presencia", "E. Coli (Ausencia o Presencia/100mL)": "Ausencia", "Arsenico (mg/L)": "0", "Bario (mg/L)": "0", "Cadmio (mg/L)": null, "Cobre (mg/L)": "0.47", "Hierro (mg/L)": "0.02", "Manganeso (mg/L)": "0", "Plomo (mg/L)": "0", "Zinc (mg/L)": "0.02", "Cianuros (mg/L)": "0.003", "Cloro Residual (mg/L)": "0.1", "Cloruros (mg/L)": "166.4", "Dureza Total (mg/L)": "162.22", "Fluoruros (mg/L)": "0.05", "Nitratos (mg/L)": "4", "Nitritos (mg/L)": "0.01", "Ph": "7.14", "SDT (mg/L)": "960", "Sulfatos (mg/L)": "115", "Cloro Total (mg/L)": "0.2", "Conductividad (muS/cm)": "1920", "Temperatura (°C)": "24.5", "ID": "Actopan_El Huaxtho_Pozo Huaxto" }, "geometry": { "type": "Point", "coordinates": [ -98.96054628458954, 20.238285390847437 ] } },
{ "type": "Feature", "properties": { "CVEGEO_LOC": "130030016", "AÑO": 2014.0, "NOM_MUN": "Actopan", "NOM_LOC": "Santa María Magdalena", "Fuente de abastecimiento": "Manantial Santa María", "Coliformes Totales (Ausencia o Presencia/100mL)": "Presencia", "E. Coli (Ausencia o Presencia/100mL)": "Presencia", "Arsenico (mg/L)": "0", "Bario (mg/L)": "0.01", "Cadmio (mg/L)": null, "Cobre (mg/L)": "0.39", "Hierro (mg/L)": "0.1", "Manganeso (mg/L)": "0.1", "Plomo (mg/L)": "0", "Zinc (mg/L)": "0.03", "Cianuros (mg/L)": "0.004", "Cloro Residual (mg/L)": "0", "Cloruros (mg/L)": "12.4", "Dureza Total (mg/L)": "188.88", "Fluoruros (mg/L)": "0.12", "Nitratos (mg/L)": "0.9", "Nitritos (mg/L)": "0.01", "Ph": "7.96", "SDT (mg/L)": "303", "Sulfatos (mg/L)": "15", "Cloro Total (mg/L)": "0.1", "Conductividad (muS/cm)": "506", "Temperatura (°C)": "20.5", "ID": "Actopan_Santa María Magdalena_Manantial Santa María" }, "geometry": { "type": "Point", "coordinates": [ -98.859124931795293, 20.296114103067779 ] } },
{ "type": "Feature", "properties": { "CVEGEO_LOC": "130030020", "AÑO": 2012.0, "NOM_MUN": "Actopan", "NOM_LOC": "La Peña", "Fuente de abastecimiento": "Manantial La Peña", "Coliformes Totales (Ausencia o Presencia/100mL)": "Presencia", "E. Coli (Ausencia o Presencia/100mL)": "Presencia", "Arsenico (mg/L)": "0", "Bario (mg/L)": "ND", "Cadmio (mg/L)": "ND", "Cobre (mg/L)": "429", "Hierro (mg/L)": "79", "Manganeso (mg/L)": "ND", "Plomo (mg/L)": "0", "Zinc (mg/L)": "35", "Cianuros (mg/L)": "3", "Cloro Residual (mg/L)": "0", "Cloruros (mg/L)": "57.5", "Dureza Total (mg/L)": "3066636", "Fluoruros (mg/L)": "0.1", "Nitratos (mg/L)": "0.9", "Nitritos (mg/L)": "105", "Ph": "45695", "SDT (mg/L)": "263", "Sulfatos (mg/L)": "25", "Cloro Total (mg/L)": "0", "Conductividad (muS/cm)": "519", "Temperatura (°C)": "45714", "ID": "Actopan_La Peña_Manantial La Peña" }, "geometry": { "type": "Point", "coordinates": [ -98.92215841479188, 20.26781874292417 ] } },
{ "type": "Feature", "properties": { "CVEGEO_LOC": "130040001", "AÑO": 2014.0, "NOM_MUN": "Agua Blanca de Iturbide", "NOM_LOC": "Agua Blanca de Iturbide", "Fuente de abastecimiento": "Manantial Agua Blanca", "Coliformes Totales (Ausencia o Presencia/100mL)": "Presencia", "E. Coli (Ausencia o Presencia/100mL)": "Ausencia", "Arsenico (mg/L)": "0", "Bario (mg/L)": "0", "Cadmio (mg/L)": null, "Cobre (mg/L)": "0.07", "Hierro (mg/L)": "0.07", "Manganeso (mg/L)": "0", "Plomo (mg/L)": "0", "Zinc (mg/L)": "0.04", "Cianuros (mg/L)": "0.002", "Cloro Residual (mg/L)": "0.11", "Cloruros (mg/L)": "2.4", "Dureza Total (mg/L)": "44.44", "Fluoruros (mg/L)": "0", "Nitratos (mg/L)": "1.1", "Nitritos (mg/L)": "0.003", "Ph": "7.39", "SDT (mg/L)": "14.9", "Sulfatos (mg/L)": "1", "Cloro Total (mg/L)": "0.09", "Conductividad (muS/cm)": "14.3", "Temperatura (°C)": "18", "ID": "Agua Blanca de Iturbide_Agua Blanca de Iturbide_Manantial Agua Blanca" }, "geometry": { "type": "Point", "coordinates": [ -98.356489976538583, 20.349198663079143 ] } },
{ "type": "Feature", "properties": { "CVEGEO_LOC": "130040001", "AÑO": 2014.0, "NOM_MUN": "Agua Blanca de Iturbide", "NOM_LOC": "Agua Blanca de Iturbide", "Fuente de abastecimiento": "Manantial de las Golondrinas", "Coliformes Totales (Ausencia o Presencia/100mL)": "Presencia", "E. Coli (Ausencia o Presencia/100mL)": "Ausencia", "Arsenico (mg/L)": "0", "Bario (mg/L)": "0", "Cadmio (mg/L)": null, "Cobre (mg/L)": "0.44", "Hierro (mg/L)": "0", "Manganeso (mg/L)": "0", "Plomo (mg/L)": "0", "Zinc (mg/L)": "0.03", "Cianuros (mg/L)": "0.002", "Cloro Residual (mg/L)": "0.04", "Cloruros (mg/L)": "1.9", "Dureza Total (mg/L)": "33.33", "Fluoruros (mg/L)": "0.12", "Nitratos (mg/L)": "0.5", "Nitritos (mg/L)": "0.001", "Ph": "7.59", "SDT (mg/L)": "7.6", "Sulfatos (mg/L)": "1", "Cloro Total (mg/L)": "0.02", "Conductividad (muS/cm)": "7.2", "Temperatura (°C)": "18.9", "ID": "Agua Blanca de Iturbide_Agua Blanca de Iturbide_Manantial de las Golondrinas" }, "geometry": { "type": "Point", "coordinates": [ -98.361978736673706, 20.345636946754134 ] } },
{ "type": "Feature", "properties": { "CVEGEO_LOC": "130040001", "AÑO": 2012.0, "NOM_MUN": "Agua Blanca de Iturbide", "NOM_LOC": "Agua Blanca de Iturbide", "Fuente de abastecimiento": "Manantial Ojo de Agua", "Coliformes Totales (Ausencia o Presencia/100mL)": "Presencia", "E. Coli (Ausencia o Presencia/100mL)": "Presencia", "Arsenico (mg/L)": "0", "Bario (mg/L)": null, "Cadmio (mg/L)": null, "Cobre (mg/L)": "0.698", "Hierro (mg/L)": "0.006", "Manganeso (mg/L)": "0", "Plomo (mg/L)": "0", "Zinc (mg/L)": "0.023", "Cianuros (mg/L)": "0.005", "Cloro Residual (mg/L)": "0.02", "Cloruros (mg/L)": "45", "Dureza Total (mg/L)": "77.777", "Fluoruros (mg/L)": "0", "Nitratos (mg/L)": "0", "Nitritos (mg/L)": "0.0064", "Ph": "7.99", "SDT (mg/L)": "15.2", "Sulfatos (mg/L)": "0", "Cloro Total (mg/L)": "0.02", "Conductividad (muS/cm)": "30.1", "Temperatura (°C)": "16.3", "ID": "Agua Blanca de Iturbide_Agua Blanca de Iturbide_Manantial Ojo de Agua" }, "geometry": { "type": "Point", "coordinates": [ -98.357702576076633, 20.343649941391952 ] } },
{ "type": "Feature", "properties": { "CVEGEO_LOC": "130040001", "AÑO": 2016.0, "NOM_MUN": "Agua Blanca de Iturbide", "NOM_LOC": "Agua Blanca de Iturbide", "Fuente de abastecimiento": "Manantial Ojo de Agua", "Coliformes Totales (Ausencia o Presencia/100mL)": "Presencia", "E. Coli (Ausencia o Presencia/100mL)": "Presencia", "Arsenico (mg/L)": "0", "Bario (mg/L)": "0", "Cadmio (mg/L)": "ND", "Cobre (mg/L)": "0.7", "Hierro (mg/L)": "0.07", "Manganeso (mg/L)": "0", "Plomo (mg/L)": "0", "Zinc (mg/L)": "0.03", "Cianuros (mg/L)": "4", "Cloro Residual (mg/L)": "0", "Cloruros (mg/L)": "47.6", "Dureza Total (mg/L)": "78.87", "Fluoruros (mg/L)": "0", "Nitratos (mg/L)": "0", "Nitritos (mg/L)": "7", "Ph": "45907", "SDT (mg/L)": "80.4", "Sulfatos (mg/L)": "0", "Cloro Total (mg/L)": "0.01", "Conductividad (muS/cm)": "27", "Temperatura (°C)": "45736", "ID": "Agua Blanca de Iturbide_Agua Blanca de Iturbide_Manantial Ojo de Agua" }, "geometry": { "type": "Point", "coordinates": [ -98.357702576076633, 20.343649941391952 ] } },
{ "type": "Feature", "properties": { "CVEGEO_LOC": "130040001", "AÑO": 2012.0, "NOM_MUN": "Agua Blanca de Iturbide", "NOM_LOC": "Agua Blanca de Iturbide", "Fuente de abastecimiento": "Tanque Las Golondrinas", "Coliformes Totales (Ausencia o Presencia/100mL)": "Presencia", "E. Coli (Ausencia o Presencia/100mL)": "Presencia", "Arsenico (mg/L)": "0.002", "Bario (mg/L)": null, "Cadmio (mg/L)": null, "Cobre (mg/L)": "0.106", "Hierro (mg/L)": "0", "Manganeso (mg/L)": "0", "Plomo (mg/L)": "0", "Zinc (mg/L)": "0.017", "Cianuros (mg/L)": "0.007", "Cloro Residual (mg/L)": "0", "Cloruros (mg/L)": "47.25", "Dureza Total (mg/L)": "73.3326", "Fluoruros (mg/L)": "0.13", "Nitratos (mg/L)": "0", "Nitritos (mg/L)": "0.0037", "Ph": "7.37", "SDT (mg/L)": "13.9", "Sulfatos (mg/L)": "0", "Cloro Total (mg/L)": "0", "Conductividad (muS/cm)": "28.1", "Temperatura (°C)": "16.4", "ID": "Agua Blanca de Iturbide_Agua Blanca de Iturbide_Tanque Las Golondrinas" }, "geometry": { "type": "Point", "coordinates": [ -98.359552173082733, 20.350082885660228 ] } },
{ "type": "Feature", "properties": { "CVEGEO_LOC": "1300400090026800", "AÑO": 2015.0, "NOM_MUN": "Agua Blanca de Iturbide", "NOM_LOC": "La Laguna", "Fuente de abastecimiento": "Manantial La Laguna", "Coliformes Totales (Ausencia o Presencia/100mL)": "Presencia", "E. Coli (Ausencia o Presencia/100mL)": "Ausencia", "Arsenico (mg/L)": "0", "Bario (mg/L)": "0", "Cadmio (mg/L)": null, "Cobre (mg/L)": "0.89", "Hierro (mg/L)": "0", "Manganeso (mg/L)": "0", "Plomo (mg/L)": "0", "Zinc (mg/L)": "0.05", "Cianuros (mg/L)": "0", "Cloro Residual (mg/L)": "0", "Cloruros (mg/L)": "1.2", "Dureza Total (mg/L)": "95.55", "Fluoruros (mg/L)": "0", "Nitratos (mg/L)": "0.5", "Nitritos (mg/L)": "0.004", "Ph": "7.03", "SDT (mg/L)": "136.7", "Sulfatos (mg/L)": "0", "Cloro Total (mg/L)": "0", "Conductividad (muS/cm)": "200.3", "Temperatura (°C)": "20.3", "ID": "Agua Blanca de Iturbide_La Laguna_Manantial La Laguna" }, "geometry": { "type": "Point", "coordinates": [ -98.348977901909734, 20.386371728340364 ] } },
{ "type": "Feature", "properties": { "CVEGEO_LOC": "130040016", "AÑO": 2015.0, "NOM_MUN": "Agua Blanca de Iturbide", "NOM_LOC": "Potrero de Monroy", "Fuente de abastecimiento": "Manantial El Potrero de Monroy", "Coliformes Totales (Ausencia o Presencia/100mL)": "Presencia", "E. Coli (Ausencia o Presencia/100mL)": "Ausencia", "Arsenico (mg/L)": "0", "Bario (mg/L)": "0", "Cadmio (mg/L)": null, "Cobre (mg/L)": "0.1", "Hierro (mg/L)": "0.05", "Manganeso (mg/L)": "0", "Plomo (mg/L)": "0", "Zinc (mg/L)": "0", "Cianuros (mg/L)": "0.001", "Cloro Residual (mg/L)": "0", "Cloruros (mg/L)": "1.4", "Dureza Total (mg/L)": "44.44", "Fluoruros (mg/L)": "0.24", "Nitratos (mg/L)": "0.3", "Nitritos (mg/L)": "0.004", "Ph": "7.6", "SDT (mg/L)": "90.5", "Sulfatos (mg/L)": "10", "Cloro Total (mg/L)": "0", "Conductividad (muS/cm)": "121.3", "Temperatura (°C)": "21.3", "ID": "Agua Blanca de Iturbide_Potrero de Monroy_Manantial El Potrero de Monroy" }, "geometry": { "type": "Point", "coordinates": [ -98.384034197983397, 20.392991183478763 ] } },
{ "type": "Feature", "properties": { "CVEGEO_LOC": "1300400170026800", "AÑO": 2013.0, "NOM_MUN": "Agua Blanca de Iturbide", "NOM_LOC": "El Remudadero", "Fuente de abastecimiento": "Pozo Santiago Tezontlaje", "Coliformes Totales (Ausencia o Presencia/100mL)": "Presencia", "E. Coli (Ausencia o Presencia/100mL)": "Ausencia", "Arsenico (mg/L)": "0", "Bario (mg/L)": "0", "Cadmio (mg/L)": null, "Cobre (mg/L)": "0.1", "Hierro (mg/L)": "0", "Manganeso (mg/L)": "0", "Plomo (mg/L)": "0", "Zinc (mg/L)": "0.01", "Cianuros (mg/L)": "0.005", "Cloro Residual (mg/L)": "0", "Cloruros (mg/L)": "56.6", "Dureza Total (mg/L)": "83.11", "Fluoruros (mg/L)": "0", "Nitratos (mg/L)": "0", "Nitritos (mg/L)": "0.003", "Ph": "7.07", "SDT (mg/L)": "17.9", "Sulfatos (mg/L)": "0", "Cloro Total (mg/L)": "0", "Conductividad (muS/cm)": "30.7", "Temperatura (°C)": "19.5", "ID": "Agua Blanca de Iturbide_El Remudadero_Pozo Santiago Tezontlaje" }, "geometry": { "type": "Point", "coordinates": [ -98.361179811796873, 20.363735877575852 ] } },
{ "type": "Feature", "properties": { "CVEGEO_LOC": "130040031", "AÑO": 2016.0, "NOM_MUN": "Agua Blanca de Iturbide", "NOM_LOC": "Ejido San Pedrito (Potrerillos)", "Fuente de abastecimiento": "Manantial La Tarjea", "Coliformes Totales (Ausencia o Presencia/100mL)": "Presencia", "E. Coli (Ausencia o Presencia/100mL)": "Presencia", "Arsenico (mg/L)": "0", "Bario (mg/L)": "0", "Cadmio (mg/L)": "ND", "Cobre (mg/L)": "0.07", "Hierro (mg/L)": "0.06", "Manganeso (mg/L)": "0", "Plomo (mg/L)": "0", "Zinc (mg/L)": "0.02", "Cianuros (mg/L)": "5", "Cloro Residual (mg/L)": "0", "Cloruros (mg/L)": "45849", "Dureza Total (mg/L)": "66.66", "Fluoruros (mg/L)": "0", "Nitratos (mg/L)": "0", "Nitritos (mg/L)": "3", "Ph": "8.45", "SDT (mg/L)": "90.7", "Sulfatos (mg/L)": "45910", "Cloro Total (mg/L)": "0.01", "Conductividad (muS/cm)": "45684", "Temperatura (°C)": "45920", "ID": "Agua Blanca de Iturbide_Ejido San Pedrito (Potrerillos)_Manantial La Tarjea" }, "geometry": { "type": "Point", "coordinates": [ -98.346788984176158, 20.366640049807131 ] } },
{ "type": "Feature", "properties": { "CVEGEO_LOC": "130040031", "AÑO": 2013.0, "NOM_MUN": "Agua Blanca de Iturbide", "NOM_LOC": "Ejido San Pedrito (Potrerillos)", "Fuente de abastecimiento": "Pozo Ajacuba", "Coliformes Totales (Ausencia o Presencia/100mL)": "Presencia", "E. Coli (Ausencia o Presencia/100mL)": "Ausencia", "Arsenico (mg/L)": "0", "Bario (mg/L)": "0", "Cadmio (mg/L)": null, "Cobre (mg/L)": "0.3", "Hierro (mg/L)": "0", "Manganeso (mg/L)": "0", "Plomo (mg/L)": "0", "Zinc (mg/L)": "0.02", "Cianuros (mg/L)": "0.003", "Cloro Residual (mg/L)": "0.9", "Cloruros (mg/L)": "50.1", "Dureza Total (mg/L)": "80.13", "Fluoruros (mg/L)": "0", "Nitratos (mg/L)": "0", "Nitritos (mg/L)": "0.005", "Ph": "7.78", "SDT (mg/L)": "15.4", "Sulfatos (mg/L)": "0", "Cloro Total (mg/L)": "0", "Conductividad (muS/cm)": "17.82", "Temperatura (°C)": "22.9", "ID": "Agua Blanca de Iturbide_Ejido San Pedrito (Potrerillos)_Pozo Ajacuba" }, "geometry": { "type": "Point", "coordinates": [ -98.345592741769664, 20.368006478157174 ] } },
{ "type": "Feature", "properties": { "CVEGEO_LOC": "130050001", "AÑO": 2018.0, "NOM_MUN": "Ajacuba", "NOM_LOC": "Ajacuba", "Fuente de abastecimiento": "Manantial Agua Caliente", "Coliformes Totales (Ausencia o Presencia/100mL)": "Ausencia", "E. Coli (Ausencia o Presencia/100mL)": "Ausencia", "Arsenico (mg/L)": "0.027", "Bario (mg/L)": "0", "Cadmio (mg/L)": "0", "Cobre (mg/L)": "0.95", "Hierro (mg/L)": "0.06", "Manganeso (mg/L)": "0", "Plomo (mg/L)": "0.005", "Zinc (mg/L)": "0.02", "Cianuros (mg/L)": "0.05", "Cloro Residual (mg/L)": "0", "Cloruros (mg/L)": "36.8", "Dureza Total (mg/L)": "644.43", "Fluoruros (mg/L)": "2.15", "Nitratos (mg/L)": "0.8", "Nitritos (mg/L)": "0.006", "Ph": "6.41", "SDT (mg/L)": "1123", "Sulfatos (mg/L)": "625", "Cloro Total (mg/L)": "0", "Conductividad (muS/cm)": "2.91", "Temperatura (°C)": "43.1", "ID": "Ajacuba_Ajacuba_Manantial Agua Caliente" }, "geometry": { "type": "Point", "coordinates": [ -99.115265711668371, 20.091924016564562 ] } },
{ "type": "Feature", "properties": { "CVEGEO_LOC": "130050001", "AÑO": 2018.0, "NOM_MUN": "Ajacuba", "NOM_LOC": "Ajacuba", "Fuente de abastecimiento": "Manantial Agua Fria", "Coliformes Totales (Ausencia o Presencia/100mL)": "Presencia", "E. Coli (Ausencia o Presencia/100mL)": "Presencia", "Arsenico (mg/L)": "0.025", "Bario (mg/L)": "0", "Cadmio (mg/L)": "0", "Cobre (mg/L)": "1.12", "Hierro (mg/L)": "0", "Manganeso (mg/L)": "0", "Plomo (mg/L)": "0.003", "Zinc (mg/L)": "0.01", "Cianuros (mg/L)": "0.066", "Cloro Residual (mg/L)": "0", "Cloruros (mg/L)": "40.5", "Dureza Total (mg/L)": "622.21", "Fluoruros (mg/L)": "2.2", "Nitratos (mg/L)": "0.5", "Nitritos (mg/L)": "0.004", "Ph": "6.62", "SDT (mg/L)": "1121", "Sulfatos (mg/L)": "550", "Cloro Total (mg/L)": "0", "Conductividad (muS/cm)": "2.94", "Temperatura (°C)": "26", "ID": "Ajacuba_Ajacuba_Manantial Agua Fria" }, "geometry": { "type": "Point", "coordinates": [ -99.118161514515435, 20.089822431753518 ] } },
{ "type": "Feature", "properties": { "CVEGEO_LOC": "130050001", "AÑO": 2018.0, "NOM_MUN": "Ajacuba", "NOM_LOC": "Ajacuba", "Fuente de abastecimiento": "Manatial Lumbreras 1", "Coliformes Totales (Ausencia o Presencia/100mL)": "Presencia", "E. Coli (Ausencia o Presencia/100mL)": "Ausencia", "Arsenico (mg/L)": "0", "Bario (mg/L)": "0.1", "Cadmio (mg/L)": "0", "Cobre (mg/L)": "0", "Hierro (mg/L)": "0.03", "Manganeso (mg/L)": "0.01", "Plomo (mg/L)": "0", "Zinc (mg/L)": "0.2", "Cianuros (mg/L)": "0.003", "Cloro Residual (mg/L)": "0", "Cloruros (mg/L)": "78.9", "Dureza Total (mg/L)": "435.55", "Fluoruros (mg/L)": "0.6", "Nitratos (mg/L)": "0.3", "Nitritos (mg/L)": "0.003", "Ph": "7.32", "SDT (mg/L)": "364", "Sulfatos (mg/L)": "23", "Cloro Total (mg/L)": "0.01", "Conductividad (muS/cm)": "786", "Temperatura (°C)": "23", "ID": "Ajacuba_Ajacuba_Manatial Lumbreras 1" }, "geometry": { "type": "Point", "coordinates": [ -99.120118499286207, 20.085741497552039 ] } },
{ "type": "Feature", "properties": { "CVEGEO_LOC": "130050001", "AÑO": 2018.0, "NOM_MUN": "Ajacuba", "NOM_LOC": "Ajacuba", "Fuente de abastecimiento": "Manatial Lumbreras 2", "Coliformes Totales (Ausencia o Presencia/100mL)": "Presencia", "E. Coli (Ausencia o Presencia/100mL)": "Ausencia", "Arsenico (mg/L)": "0", "Bario (mg/L)": "0.1", "Cadmio (mg/L)": "0", "Cobre (mg/L)": "0", "Hierro (mg/L)": "0.04", "Manganeso (mg/L)": "0.01", "Plomo (mg/L)": "0", "Zinc (mg/L)": "0.3", "Cianuros (mg/L)": "0.002", "Cloro Residual (mg/L)": "0", "Cloruros (mg/L)": "77.1", "Dureza Total (mg/L)": "433.33", "Fluoruros (mg/L)": "0.7", "Nitratos (mg/L)": "0.2", "Nitritos (mg/L)": "0.002", "Ph": "7.4", "SDT (mg/L)": "323", "Sulfatos (mg/L)": "27", "Cloro Total (mg/L)": "0", "Conductividad (muS/cm)": "781", "Temperatura (°C)": "22.5", "ID": "Ajacuba_Ajacuba_Manatial Lumbreras 2" }, "geometry": { "type": "Point", "coordinates": [ -99.123763472911619, 20.083486467572197 ] } },
{ "type": "Feature", "properties": { "CVEGEO_LOC": "130050001", "AÑO": 2014.0, "NOM_MUN": "Ajacuba", "NOM_LOC": "Ajacuba", "Fuente de abastecimiento": "Pozo Ajacuba", "Coliformes Totales (Ausencia o Presencia/100mL)": "Presencia", "E. Coli (Ausencia o Presencia/100mL)": "Presencia", "Arsenico (mg/L)": "0.01", "Bario (mg/L)": "0.2", "Cadmio (mg/L)": null, "Cobre (mg/L)": "0.41", "Hierro (mg/L)": "0.17", "Manganeso (mg/L)": "0", "Plomo (mg/L)": "0.01", "Zinc (mg/L)": "0.05", "Cianuros (mg/L)": "0.054", "Cloro Residual (mg/L)": "0.1", "Cloruros (mg/L)": "87.1", "Dureza Total (mg/L)": "246.66", "Fluoruros (mg/L)": "3.71", "Nitratos (mg/L)": "0.9", "Nitritos (mg/L)": "0.016", "Ph": "6.34", "SDT (mg/L)": "987", "Sulfatos (mg/L)": "400", "Cloro Total (mg/L)": "0.2", "Conductividad (muS/cm)": "306", "Temperatura (°C)": "30.4", "ID": "Ajacuba_Ajacuba_Pozo Ajacuba" }, "geometry": { "type": "Point", "coordinates": [ -99.12667996832046, 20.085332574332352 ] } },
{ "type": "Feature", "properties": { "CVEGEO_LOC": "130050001", "AÑO": 2015.0, "NOM_MUN": "Ajacuba", "NOM_LOC": "Ajacuba", "Fuente de abastecimiento": "Pozo Ajacuba", "Coliformes Totales (Ausencia o Presencia/100mL)": "Presencia", "E. Coli (Ausencia o Presencia/100mL)": "Ausencia", "Arsenico (mg/L)": "0", "Bario (mg/L)": "0", "Cadmio (mg/L)": null, "Cobre (mg/L)": "0.65", "Hierro (mg/L)": "0", "Manganeso (mg/L)": "0", "Plomo (mg/L)": "0", "Zinc (mg/L)": "0.07", "Cianuros (mg/L)": "0.003", "Cloro Residual (mg/L)": "0", "Cloruros (mg/L)": "32.9", "Dureza Total (mg/L)": "299.99", "Fluoruros (mg/L)": "0.13", "Nitratos (mg/L)": "0.9", "Nitritos (mg/L)": "0.003", "Ph": "6.3", "SDT (mg/L)": "1552", "Sulfatos (mg/L)": "69", "Cloro Total (mg/L)": "0", "Conductividad (muS/cm)": "26.3", "Temperatura (°C)": "26", "ID": "Ajacuba_Ajacuba_Pozo Ajacuba" }, "geometry": { "type": "Point", "coordinates": [ -99.12667996832046, 20.085332574332352 ] } },
{ "type": "Feature", "properties": { "CVEGEO_LOC": "130050001", "AÑO": 2016.0, "NOM_MUN": "Ajacuba", "NOM_LOC": "Ajacuba", "Fuente de abastecimiento": "Pozo Ajacuba", "Coliformes Totales (Ausencia o Presencia/100mL)": "Presencia", "E. Coli (Ausencia o Presencia/100mL)": "Ausencia", "Arsenico (mg/L)": "0", "Bario (mg/L)": "0", "Cadmio (mg/L)": "ND", "Cobre (mg/L)": "0.04", "Hierro (mg/L)": "0", "Manganeso (mg/L)": "0", "Plomo (mg/L)": "0", "Zinc (mg/L)": "0.1", "Cianuros (mg/L)": "1", "Cloro Residual (mg/L)": "0", "Cloruros (mg/L)": "64.6", "Dureza Total (mg/L)": "311.1", "Fluoruros (mg/L)": "0.3", "Nitratos (mg/L)": "45778", "Nitritos (mg/L)": "3", "Ph": "7.26", "SDT (mg/L)": "471", "Sulfatos (mg/L)": "81", "Cloro Total (mg/L)": "0", "Conductividad (muS/cm)": "960", "Temperatura (°C)": "45741", "ID": "Ajacuba_Ajacuba_Pozo Ajacuba" }, "geometry": { "type": "Point", "coordinates": [ -99.12667996832046, 20.085332574332352 ] } },
{ "type": "Feature", "properties": { "CVEGEO_LOC": "130050001", "AÑO": 2018.0, "NOM_MUN": "Ajacuba", "NOM_LOC": "Ajacuba", "Fuente de abastecimiento": "Pozo del Estacionamiento 1", "Coliformes Totales (Ausencia o Presencia/100mL)": "Presencia", "E. Coli (Ausencia o Presencia/100mL)": "Ausencia", "Arsenico (mg/L)": "0.023", "Bario (mg/L)": "0", "Cadmio (mg/L)": "0", "Cobre (mg/L)": "0", "Hierro (mg/L)": "0", "Manganeso (mg/L)": "0.1", "Plomo (mg/L)": "0.004", "Zinc (mg/L)": "0.01", "Cianuros (mg/L)": "0.047", "Cloro Residual (mg/L)": "0", "Cloruros (mg/L)": "29.8", "Dureza Total (mg/L)": "555.55", "Fluoruros (mg/L)": "2.17", "Nitratos (mg/L)": "0.6", "Nitritos (mg/L)": "0.006", "Ph": "6.27", "SDT (mg/L)": "1114", "Sulfatos (mg/L)": "325", "Cloro Total (mg/L)": "0", "Conductividad (muS/cm)": "2.88", "Temperatura (°C)": "24.3", "ID": "Ajacuba_Ajacuba_Pozo del Estacionamiento 1" }, "geometry": { "type": "Point", "coordinates": [ -99.117308635082907, 20.094950295093867 ] } },
{ "type": "Feature", "properties": { "CVEGEO_LOC": "130050001", "AÑO": 2015.0, "NOM_MUN": "Ajacuba", "NOM_LOC": "Ajacuba", "Fuente de abastecimiento": "Pozo El Mesquite", "Coliformes Totales (Ausencia o Presencia/100mL)": "Presencia", "E. Coli (Ausencia o Presencia/100mL)": "Ausencia", "Arsenico (mg/L)": "0", "Bario (mg/L)": "0", "Cadmio (mg/L)": null, "Cobre (mg/L)": "0.42", "Hierro (mg/L)": "0.03", "Manganeso (mg/L)": "0", "Plomo (mg/L)": "0", "Zinc (mg/L)": "0.07", "Cianuros (mg/L)": "0.002", "Cloro Residual (mg/L)": "0", "Cloruros (mg/L)": "64.47", "Dureza Total (mg/L)": "366.66", "Fluoruros (mg/L)": "0.24", "Nitratos (mg/L)": "0.2", "Nitritos (mg/L)": "0.007", "Ph": "6.95", "SDT (mg/L)": "564", "Sulfatos (mg/L)": "7", "Cloro Total (mg/L)": "0", "Conductividad (muS/cm)": "35", "Temperatura (°C)": "26.3", "ID": "Ajacuba_Ajacuba_Pozo El Mesquite" }, "geometry": { "type": "Point", "coordinates": [ -99.128789940163301, 20.089765139907698 ] } },
{ "type": "Feature", "properties": { "CVEGEO_LOC": "130050001", "AÑO": 2014.0, "NOM_MUN": "Ajacuba", "NOM_LOC": "Ajacuba", "Fuente de abastecimiento": "Pozo El Mezquite", "Coliformes Totales (Ausencia o Presencia/100mL)": "Presencia", "E. Coli (Ausencia o Presencia/100mL)": "Ausencia", "Arsenico (mg/L)": "0", "Bario (mg/L)": "0", "Cadmio (mg/L)": null, "Cobre (mg/L)": "0", "Hierro (mg/L)": "0", "Manganeso (mg/L)": "0", "Plomo (mg/L)": "0", "Zinc (mg/L)": "0.06", "Cianuros (mg/L)": "0.002", "Cloro Residual (mg/L)": "0.02", "Cloruros (mg/L)": "12.8", "Dureza Total (mg/L)": "422.21", "Fluoruros (mg/L)": "0", "Nitratos (mg/L)": "0", "Nitritos (mg/L)": "0.007", "Ph": "6.98", "SDT (mg/L)": "557", "Sulfatos (mg/L)": "83", "Cloro Total (mg/L)": "0.08", "Conductividad (muS/cm)": "1145", "Temperatura (°C)": "23.3", "ID": "Ajacuba_Ajacuba_Pozo El Mezquite" }, "geometry": { "type": "Point", "coordinates": [ -99.127382932415514, 20.095046578062419 ] } },
{ "type": "Feature", "properties": { "CVEGEO_LOC": "130050001", "AÑO": 2018.0, "NOM_MUN": "Ajacuba", "NOM_LOC": "Ajacuba", "Fuente de abastecimiento": "Pozo Lumbreras", "Coliformes Totales (Ausencia o Presencia/100mL)": "Presencia", "E. Coli (Ausencia o Presencia/100mL)": "Ausencia", "Arsenico (mg/L)": "0", "Bario (mg/L)": "0.1", "Cadmio (mg/L)": "0", "Cobre (mg/L)": "0", "Hierro (mg/L)": "0.02", "Manganeso (mg/L)": "0.01", "Plomo (mg/L)": "0", "Zinc (mg/L)": "0.4", "Cianuros (mg/L)": "0.002", "Cloro Residual (mg/L)": "0", "Cloruros (mg/L)": "72.1", "Dureza Total (mg/L)": "321.11", "Fluoruros (mg/L)": "0.6", "Nitratos (mg/L)": "0.2", "Nitritos (mg/L)": "0.001", "Ph": "7.7", "SDT (mg/L)": "245", "Sulfatos (mg/L)": "34", "Cloro Total (mg/L)": "0", "Conductividad (muS/cm)": "321.11", "Temperatura (°C)": "20.2", "ID": "Ajacuba_Ajacuba_Pozo Lumbreras" }, "geometry": { "type": "Point", "coordinates": [ -99.124857610372132, 20.099507348651617 ] } },
{ "type": "Feature", "properties": { "CVEGEO_LOC": "130050001", "AÑO": 2013.0, "NOM_MUN": "Ajacuba", "NOM_LOC": "Ajacuba", "Fuente de abastecimiento": "Pozo San Francisco", "Coliformes Totales (Ausencia o Presencia/100mL)": "Presencia", "E. Coli (Ausencia o Presencia/100mL)": "Ausencia", "Arsenico (mg/L)": "0", "Bario (mg/L)": "0", "Cadmio (mg/L)": null, "Cobre (mg/L)": "0.033", "Hierro (mg/L)": "0.02", "Manganeso (mg/L)": "0", "Plomo (mg/L)": "0", "Zinc (mg/L)": "0.022", "Cianuros (mg/L)": "0.003", "Cloro Residual (mg/L)": "0", "Cloruros (mg/L)": "115.2", "Dureza Total (mg/L)": "269.99", "Fluoruros (mg/L)": "0.2", "Nitratos (mg/L)": "0.6", "Nitritos (mg/L)": "0.007", "Ph": "7.1", "SDT (mg/L)": "485", "Sulfatos (mg/L)": "127.8", "Cloro Total (mg/L)": "0.01", "Conductividad (muS/cm)": "990", "Temperatura (°C)": "25.5", "ID": "Ajacuba_Ajacuba_Pozo San Francisco" }, "geometry": { "type": "Point", "coordinates": [ -99.123085670524461, 20.095835482335186 ] } },
{ "type": "Feature", "properties": { "CVEGEO_LOC": "130050003", "AÑO": 2016.0, "NOM_MUN": "Ajacuba", "NOM_LOC": "Vicente Guerrero", "Fuente de abastecimiento": "Pozo El Mezquite", "Coliformes Totales (Ausencia o Presencia/100mL)": "Presencia", "E. Coli (Ausencia o Presencia/100mL)": "Ausencia", "Arsenico (mg/L)": "0", "Bario (mg/L)": "0", "Cadmio (mg/L)": "ND", "Cobre (mg/L)": "0", "Hierro (mg/L)": "0.01", "Manganeso (mg/L)": "0", "Plomo (mg/L)": "0", "Zinc (mg/L)": "0.08", "Cianuros (mg/L)": "0", "Cloro Residual (mg/L)": "0", "Cloruros (mg/L)": "52.1", "Dureza Total (mg/L)": "348.88", "Fluoruros (mg/L)": "0.11", "Nitratos (mg/L)": "0.5", "Nitritos (mg/L)": "5", "Ph": "7.29", "SDT (mg/L)": "563", "Sulfatos (mg/L)": "86", "Cloro Total (mg/L)": "0", "Conductividad (muS/cm)": "1142", "Temperatura (°C)": "45710", "ID": "Ajacuba_Vicente Guerrero_Pozo El Mezquite" }, "geometry": { "type": "Point", "coordinates": [ -99.046654479828874, 20.173339220602941 ] } },
{ "type": "Feature", "properties": { "CVEGEO_LOC": "130050003", "AÑO": 2019.0, "NOM_MUN": "Ajacuba", "NOM_LOC": "Vicente Guerrero", "Fuente de abastecimiento": "Pozo Mezquite I", "Coliformes Totales (Ausencia o Presencia/100mL)": "Presencia", "E. Coli (Ausencia o Presencia/100mL)": "Ausencia", "Arsenico (mg/L)": "0", "Bario (mg/L)": "0", "Cadmio (mg/L)": "0", "Cobre (mg/L)": "0", "Hierro (mg/L)": "0", "Manganeso (mg/L)": "0", "Plomo (mg/L)": "0", "Zinc (mg/L)": "0.06", "Cianuros (mg/L)": "0.002", "Cloro Residual (mg/L)": "0.2", "Cloruros (mg/L)": "11.9", "Dureza Total (mg/L)": "139.99", "Fluoruros (mg/L)": "0", "Nitratos (mg/L)": "0", "Nitritos (mg/L)": "0.003", "Ph": "7.39", "SDT (mg/L)": "436", "Sulfatos (mg/L)": "184", "Cloro Total (mg/L)": "0", "Conductividad (muS/cm)": "1190", "Temperatura (°C)": "29.2", "ID": "Ajacuba_Vicente Guerrero_Pozo Mezquite I" }, "geometry": { "type": "Point", "coordinates": [ -99.044528545811062, 20.167403780259288 ] } },
{ "type": "Feature", "properties": { "CVEGEO_LOC": "130050003", "AÑO": 2022.0, "NOM_MUN": "Ajacuba", "NOM_LOC": "Vicente Guerrero", "Fuente de abastecimiento": "Pozo Vicente Guerrero", "Coliformes Totales (Ausencia o Presencia/100mL)": "Presencia", "E. Coli (Ausencia o Presencia/100mL)": "Ausencia", "Arsenico (mg/L)": "0", "Bario (mg/L)": "0.03", "Cadmio (mg/L)": "0", "Cobre (mg/L)": "1.45", "Hierro (mg/L)": "0.01", "Manganeso (mg/L)": "0", "Plomo (mg/L)": "0.0018", "Zinc (mg/L)": "0.03", "Cianuros (mg/L)": "0", "Cloro Residual (mg/L)": "0.06", "Cloruros (mg/L)": "81.2", "Dureza Total (mg/L)": "226.66", "Fluoruros (mg/L)": "0.23", "Nitratos (mg/L)": "1.1", "Nitritos (mg/L)": "0.002", "Ph": "7.1", "SDT (mg/L)": "231", "Sulfatos (mg/L)": "84", "Cloro Total (mg/L)": "0.03", "Conductividad (muS/cm)": "639", "Temperatura (°C)": "28.6", "ID": "Ajacuba_Vicente Guerrero_Pozo Vicente Guerrero" }, "geometry": { "type": "Point", "coordinates": [ -99.051289583824158, 20.166906833090813 ] } },
{ "type": "Feature", "properties": { "CVEGEO_LOC": "130050003", "AÑO": 2022.0, "NOM_MUN": "Ajacuba", "NOM_LOC": "Vicente Guerrero", "Fuente de abastecimiento": "Toma domiciliaria", "Coliformes Totales (Ausencia o Presencia/100mL)": "Ausencia", "E. Coli (Ausencia o Presencia/100mL)": "Presencia", "Arsenico (mg/L)": "0", "Bario (mg/L)": "0.01", "Cadmio (mg/L)": "0", "Cobre (mg/L)": "0.97", "Hierro (mg/L)": "0", "Manganeso (mg/L)": "0", "Plomo (mg/L)": "0.0013", "Zinc (mg/L)": "0.11", "Cianuros (mg/L)": "0", "Cloro Residual (mg/L)": "0.47", "Cloruros (mg/L)": "36.8", "Dureza Total (mg/L)": "244.44", "Fluoruros (mg/L)": "0.09", "Nitratos (mg/L)": "2.1", "Nitritos (mg/L)": "0.002", "Ph": "7.2", "SDT (mg/L)": "357", "Sulfatos (mg/L)": "83", "Cloro Total (mg/L)": "0.52", "Conductividad (muS/cm)": "759", "Temperatura (°C)": "22", "ID": "Ajacuba_Vicente Guerrero_Toma domiciliaria" }, "geometry": { "type": "Point", "coordinates": [ -99.057507701286411, 20.166345947689884 ] } },
{ "type": "Feature", "properties": { "CVEGEO_LOC": "130050003", "AÑO": 2022.0, "NOM_MUN": "Ajacuba", "NOM_LOC": "Vicente Guerrero", "Fuente de abastecimiento": "Toma domiciliaria (Parque)", "Coliformes Totales (Ausencia o Presencia/100mL)": "Ausencia", "E. Coli (Ausencia o Presencia/100mL)": "Ausencia", "Arsenico (mg/L)": "0", "Bario (mg/L)": "0.01", "Cadmio (mg/L)": "0", "Cobre (mg/L)": "0.97", "Hierro (mg/L)": "0", "Manganeso (mg/L)": "0", "Plomo (mg/L)": "0.0013", "Zinc (mg/L)": "0.11", "Cianuros (mg/L)": "0", "Cloro Residual (mg/L)": "0.47", "Cloruros (mg/L)": "36.8", "Dureza Total (mg/L)": "244.44", "Fluoruros (mg/L)": "0.09", "Nitratos (mg/L)": "2.1", "Nitritos (mg/L)": "0.002", "Ph": "7.2", "SDT (mg/L)": "357", "Sulfatos (mg/L)": "83", "Cloro Total (mg/L)": "0.52", "Conductividad (muS/cm)": "759", "Temperatura (°C)": "21.8", "ID": "Ajacuba_Vicente Guerrero_Toma domiciliaria (Parque)" }, "geometry": { "type": "Point", "coordinates": [ -99.053510114097321, 20.171621444506066 ] } },
{ "type": "Feature", "properties": { "CVEGEO_LOC": "130050005", "AÑO": 2014.0, "NOM_MUN": "Ajacuba", "NOM_LOC": "Santiago Tezontlale", "Fuente de abastecimiento": "Manantial Autiapa", "Coliformes Totales (Ausencia o Presencia/100mL)": "Presencia", "E. Coli (Ausencia o Presencia/100mL)": "Ausencia", "Arsenico (mg/L)": "0", "Bario (mg/L)": "0", "Cadmio (mg/L)": "ND", "Cobre (mg/L)": "0.22", "Hierro (mg/L)": "0.04", "Manganeso (mg/L)": "0.1", "Plomo (mg/L)": "0", "Zinc (mg/L)": "0.01", "Cianuros (mg/L)": "3", "Cloro Residual (mg/L)": "0.2", "Cloruros (mg/L)": "3", "Dureza Total (mg/L)": "62.22", "Fluoruros (mg/L)": "0.12", "Nitratos (mg/L)": "1", "Nitritos (mg/L)": "2", "Ph": "6.41", "SDT (mg/L)": "37.1", "Sulfatos (mg/L)": "2", "Cloro Total (mg/L)": "0.1", "Conductividad (muS/cm)": "77.8", "Temperatura (°C)": "29.2", "ID": "Ajacuba_Santiago Tezontlale_Manantial Autiapa" }, "geometry": { "type": "Point", "coordinates": [ -99.097743105706428, 20.16168790027843 ] } },
{ "type": "Feature", "properties": { "CVEGEO_LOC": "130050005", "AÑO": 2012.0, "NOM_MUN": "Ajacuba", "NOM_LOC": "Santiago Tezontlale", "Fuente de abastecimiento": "Pozo Ajacuba", "Coliformes Totales (Ausencia o Presencia/100mL)": "Presencia", "E. Coli (Ausencia o Presencia/100mL)": "Ausencia", "Arsenico (mg/L)": "0", "Bario (mg/L)": null, "Cadmio (mg/L)": null, "Cobre (mg/L)": "0.048", "Hierro (mg/L)": "0.022", "Manganeso (mg/L)": "0.6", "Plomo (mg/L)": "1", "Zinc (mg/L)": "0.021", "Cianuros (mg/L)": "0.045", "Cloro Residual (mg/L)": "0", "Cloruros (mg/L)": "116.75", "Dureza Total (mg/L)": "268.8862", "Fluoruros (mg/L)": "0.3", "Nitratos (mg/L)": "0.7", "Nitritos (mg/L)": "0.0089", "Ph": "7.04", "SDT (mg/L)": "491", "Sulfatos (mg/L)": "135", "Cloro Total (mg/L)": "0.1", "Conductividad (muS/cm)": "985", "Temperatura (°C)": "26.9", "ID": "Ajacuba_Santiago Tezontlale_Pozo Ajacuba" }, "geometry": { "type": "Point", "coordinates": [ -99.101008679220371, 20.154185188442945 ] } },
{ "type": "Feature", "properties": { "CVEGEO_LOC": "130050005", "AÑO": 2013.0, "NOM_MUN": "Ajacuba", "NOM_LOC": "Santiago Tezontlale", "Fuente de abastecimiento": "Pozo Pueblo Nuevo", "Coliformes Totales (Ausencia o Presencia/100mL)": "Presencia", "E. Coli (Ausencia o Presencia/100mL)": "Presencia", "Arsenico (mg/L)": "0", "Bario (mg/L)": "0", "Cadmio (mg/L)": null, "Cobre (mg/L)": "0.04", "Hierro (mg/L)": "0.01", "Manganeso (mg/L)": "0", "Plomo (mg/L)": "0", "Zinc (mg/L)": "0.04", "Cianuros (mg/L)": "0.002", "Cloro Residual (mg/L)": "0.02", "Cloruros (mg/L)": "120.3", "Dureza Total (mg/L)": "315.55", "Fluoruros (mg/L)": "0.2", "Nitratos (mg/L)": "1", "Nitritos (mg/L)": "0.005", "Ph": "7", "SDT (mg/L)": "601", "Sulfatos (mg/L)": "123", "Cloro Total (mg/L)": "0.02", "Conductividad (muS/cm)": "1120", "Temperatura (°C)": "26.1", "ID": "Ajacuba_Santiago Tezontlale_Pozo Pueblo Nuevo" }, "geometry": { "type": "Point", "coordinates": [ -99.106337503095844, 20.157940469105718 ] } },
{ "type": "Feature", "properties": { "CVEGEO_LOC": "130050005", "AÑO": 2012.0, "NOM_MUN": "Ajacuba", "NOM_LOC": "Santiago Tezontlale", "Fuente de abastecimiento": "Pozo Santiago", "Coliformes Totales (Ausencia o Presencia/100mL)": "Presencia", "E. Coli (Ausencia o Presencia/100mL)": "Presencia", "Arsenico (mg/L)": "0.01", "Bario (mg/L)": null, "Cadmio (mg/L)": null, "Cobre (mg/L)": "0.059", "Hierro (mg/L)": "0.004", "Manganeso (mg/L)": "0.5", "Plomo (mg/L)": "0", "Zinc (mg/L)": "0.031", "Cianuros (mg/L)": "0.011", "Cloro Residual (mg/L)": "0.03", "Cloruros (mg/L)": "121.5", "Dureza Total (mg/L)": "313.3302", "Fluoruros (mg/L)": "0.2", "Nitratos (mg/L)": "1.1", "Nitritos (mg/L)": "0.0079", "Ph": "6.95", "SDT (mg/L)": "559", "Sulfatos (mg/L)": "122.5", "Cloro Total (mg/L)": "0.03", "Conductividad (muS/cm)": "1118", "Temperatura (°C)": "27.7", "ID": "Ajacuba_Santiago Tezontlale_Pozo Santiago" }, "geometry": { "type": "Point", "coordinates": [ -99.114344885337403, 20.159686341933408 ] } },
{ "type": "Feature", "properties": { "CVEGEO_LOC": "130050005", "AÑO": 2014.0, "NOM_MUN": "Ajacuba", "NOM_LOC": "Santiago Tezontlale", "Fuente de abastecimiento": "Pozo Santiago Tezontlale", "Coliformes Totales (Ausencia o Presencia/100mL)": "Presencia", "E. Coli (Ausencia o Presencia/100mL)": "Presencia", "Arsenico (mg/L)": "0", "Bario (mg/L)": "0", "Cadmio (mg/L)": null, "Cobre (mg/L)": "0.03", "Hierro (mg/L)": "0.01", "Manganeso (mg/L)": "0", "Plomo (mg/L)": "0", "Zinc (mg/L)": "0.04", "Cianuros (mg/L)": "0.002", "Cloro Residual (mg/L)": "0", "Cloruros (mg/L)": "131.01", "Dureza Total (mg/L)": "317.77", "Fluoruros (mg/L)": "0.3", "Nitratos (mg/L)": "1.1", "Nitritos (mg/L)": "0.006", "Ph": "6.95", "SDT (mg/L)": "541", "Sulfatos (mg/L)": "126", "Cloro Total (mg/L)": "0.02", "Conductividad (muS/cm)": "1054", "Temperatura (°C)": "21.9", "ID": "Ajacuba_Santiago Tezontlale_Pozo Santiago Tezontlale" }, "geometry": { "type": "Point", "coordinates": [ -99.10527521322858, 20.162652327768729 ] } },
{ "type": "Feature", "properties": { "CVEGEO_LOC": "130050005", "AÑO": 2019.0, "NOM_MUN": "Ajacuba", "NOM_LOC": "Santiago Tezontlale", "Fuente de abastecimiento": "Pozo Santiago Tezontlale", "Coliformes Totales (Ausencia o Presencia/100mL)": "Presencia", "E. Coli (Ausencia o Presencia/100mL)": "Ausencia", "Arsenico (mg/L)": "0", "Bario (mg/L)": "0", "Cadmio (mg/L)": "0", "Cobre (mg/L)": "0.03", "Hierro (mg/L)": "0.01", "Manganeso (mg/L)": "0.01", "Plomo (mg/L)": "0", "Zinc (mg/L)": "0.04", "Cianuros (mg/L)": "0.002", "Cloro Residual (mg/L)": "0.04", "Cloruros (mg/L)": "121.5", "Dureza Total (mg/L)": "199.99", "Fluoruros (mg/L)": "0.3", "Nitratos (mg/L)": "1", "Nitritos (mg/L)": "0.005", "Ph": "6.5", "SDT (mg/L)": "601", "Sulfatos (mg/L)": "125", "Cloro Total (mg/L)": "0", "Conductividad (muS/cm)": "1019", "Temperatura (°C)": "29", "ID": "Ajacuba_Santiago Tezontlale_Pozo Santiago Tezontlale" }, "geometry": { "type": "Point", "coordinates": [ -99.10527521322858, 20.162652327768729 ] } },
{ "type": "Feature", "properties": { "CVEGEO_LOC": "130050007", "AÑO": 2019.0, "NOM_MUN": "Ajacuba", "NOM_LOC": "Tulancalco", "Fuente de abastecimiento": "Pozo Tulancalco", "Coliformes Totales (Ausencia o Presencia/100mL)": "Presencia", "E. Coli (Ausencia o Presencia/100mL)": "Ausencia", "Arsenico (mg/L)": "0", "Bario (mg/L)": "0", "Cadmio (mg/L)": "0", "Cobre (mg/L)": "0.8", "Hierro (mg/L)": "0.02", "Manganeso (mg/L)": "0.1", "Plomo (mg/L)": "0", "Zinc (mg/L)": "0.02", "Cianuros (mg/L)": "0.001", "Cloro Residual (mg/L)": "0.27", "Cloruros (mg/L)": "17.8", "Dureza Total (mg/L)": "131.1", "Fluoruros (mg/L)": "0.38", "Nitratos (mg/L)": "4.8", "Nitritos (mg/L)": "0.013", "Ph": "6.68", "SDT (mg/L)": "128", "Sulfatos (mg/L)": "30", "Cloro Total (mg/L)": "0", "Conductividad (muS/cm)": "616", "Temperatura (°C)": "27.7", "ID": "Ajacuba_Tulancalco_Pozo Tulancalco" }, "geometry": { "type": "Point", "coordinates": [ -99.030112411158754, 20.105320770949305 ] } },
{ "type": "Feature", "properties": { "CVEGEO_LOC": "130060001", "AÑO": 2013.0, "NOM_MUN": "Alfajayucan", "NOM_LOC": "Alfajayucan", "Fuente de abastecimiento": "Manantial La Alberca", "Coliformes Totales (Ausencia o Presencia/100mL)": "Presencia", "E. Coli (Ausencia o Presencia/100mL)": "Ausencia", "Arsenico (mg/L)": "0", "Bario (mg/L)": "0", "Cadmio (mg/L)": null, "Cobre (mg/L)": "0", "Hierro (mg/L)": "0.01", "Manganeso (mg/L)": "0", "Plomo (mg/L)": "0", "Zinc (mg/L)": "0.03", "Cianuros (mg/L)": "0.001", "Cloro Residual (mg/L)": "0", "Cloruros (mg/L)": "60.1", "Dureza Total (mg/L)": "125.5", "Fluoruros (mg/L)": "1", "Nitratos (mg/L)": "0.1", "Nitritos (mg/L)": "0.1", "Ph": "8.27", "SDT (mg/L)": "236.1", "Sulfatos (mg/L)": "10.1", "Cloro Total (mg/L)": "0", "Conductividad (muS/cm)": "307", "Temperatura (°C)": "17.4", "ID": "Alfajayucan_Alfajayucan_Manantial La Alberca" }, "geometry": { "type": "Point", "coordinates": [ -99.346955753360731, 20.405522181778068 ] } },
{ "type": "Feature", "properties": { "CVEGEO_LOC": "130060001", "AÑO": 2015.0, "NOM_MUN": "Alfajayucan", "NOM_LOC": "Alfajayucan", "Fuente de abastecimiento": "Pozo Pueblo Nuevo", "Coliformes Totales (Ausencia o Presencia/100mL)": "Presencia", "E. Coli (Ausencia o Presencia/100mL)": "Ausencia", "Arsenico (mg/L)": "0", "Bario (mg/L)": "0", "Cadmio (mg/L)": null, "Cobre (mg/L)": "0.56", "Hierro (mg/L)": "0", "Manganeso (mg/L)": "0", "Plomo (mg/L)": "0", "Zinc (mg/L)": "0.04", "Cianuros (mg/L)": "0", "Cloro Residual (mg/L)": "0", "Cloruros (mg/L)": "35.3", "Dureza Total (mg/L)": "422.21", "Fluoruros (mg/L)": "0", "Nitratos (mg/L)": "1.2", "Nitritos (mg/L)": "0.1", "Ph": "6.55", "SDT (mg/L)": "178", "Sulfatos (mg/L)": "76", "Cloro Total (mg/L)": "0", "Conductividad (muS/cm)": "37.2", "Temperatura (°C)": "19.7", "ID": "Alfajayucan_Alfajayucan_Pozo Pueblo Nuevo" }, "geometry": { "type": "Point", "coordinates": [ -99.350933732908828, 20.401948654356712 ] } },
{ "type": "Feature", "properties": { "CVEGEO_LOC": "130060001", "AÑO": 2015.0, "NOM_MUN": "Alfajayucan", "NOM_LOC": "Alfajayucan", "Fuente de abastecimiento": "Pozo San Francisco", "Coliformes Totales (Ausencia o Presencia/100mL)": "Presencia", "E. Coli (Ausencia o Presencia/100mL)": "Ausencia", "Arsenico (mg/L)": "0", "Bario (mg/L)": "0", "Cadmio (mg/L)": null, "Cobre (mg/L)": "0", "Hierro (mg/L)": "0.01", "Manganeso (mg/L)": "0", "Plomo (mg/L)": "0", "Zinc (mg/L)": "0.03", "Cianuros (mg/L)": "0.001", "Cloro Residual (mg/L)": "0", "Cloruros (mg/L)": "60.1", "Dureza Total (mg/L)": "125.5", "Fluoruros (mg/L)": "1", "Nitratos (mg/L)": "0.1", "Nitritos (mg/L)": "0.1", "Ph": "8.27", "SDT (mg/L)": "236.1", "Sulfatos (mg/L)": "10.1", "Cloro Total (mg/L)": "0", "Conductividad (muS/cm)": "307", "Temperatura (°C)": "17.4", "ID": "Alfajayucan_Alfajayucan_Pozo San Francisco" }, "geometry": { "type": "Point", "coordinates": [ -99.35355615354257, 20.410308393792935 ] } },
{ "type": "Feature", "properties": { "CVEGEO_LOC": "130060014", "AÑO": 2017.0, "NOM_MUN": "Alfajayucan", "NOM_LOC": "La Huapilla", "Fuente de abastecimiento": "Deposito Centro", "Coliformes Totales (Ausencia o Presencia/100mL)": "ND", "E. Coli (Ausencia o Presencia/100mL)": "ND", "Arsenico (mg/L)": "0", "Bario (mg/L)": "0", "Cadmio (mg/L)": null, "Cobre (mg/L)": "0", "Hierro (mg/L)": "0", "Manganeso (mg/L)": "0", "Plomo (mg/L)": "0", "Zinc (mg/L)": "0.02", "Cianuros (mg/L)": null, "Cloro Residual (mg/L)": null, "Cloruros (mg/L)": null, "Dureza Total (mg/L)": null, "Fluoruros (mg/L)": null, "Nitratos (mg/L)": null, "Nitritos (mg/L)": null, "Ph": null, "SDT (mg/L)": null, "Sulfatos (mg/L)": null, "Cloro Total (mg/L)": null, "Conductividad (muS/cm)": null, "Temperatura (°C)": "23", "ID": "Alfajayucan_La Huapilla_Deposito Centro" }, "geometry": { "type": "Point", "coordinates": [ -99.372721513261183, 20.419707596873998 ] } },
{ "type": "Feature", "properties": { "CVEGEO_LOC": "130060014", "AÑO": 2017.0, "NOM_MUN": "Alfajayucan", "NOM_LOC": "La Huapilla", "Fuente de abastecimiento": "Pozo Huapilla", "Coliformes Totales (Ausencia o Presencia/100mL)": "Presencia", "E. Coli (Ausencia o Presencia/100mL)": "Ausencia", "Arsenico (mg/L)": "0", "Bario (mg/L)": "0", "Cadmio (mg/L)": null, "Cobre (mg/L)": "0.21", "Hierro (mg/L)": "0", "Manganeso (mg/L)": "0", "Plomo (mg/L)": "0", "Zinc (mg/L)": "0.03", "Cianuros (mg/L)": "0", "Cloro Residual (mg/L)": "0.01", "Cloruros (mg/L)": "66.4", "Dureza Total (mg/L)": "404.44", "Fluoruros (mg/L)": "0.53", "Nitratos (mg/L)": "0.08", "Nitritos (mg/L)": "0.004", "Ph": "7.85", "SDT (mg/L)": "1471", "Sulfatos (mg/L)": "96", "Cloro Total (mg/L)": "0.02", "Conductividad (muS/cm)": "1151", "Temperatura (°C)": "23.4", "ID": "Alfajayucan_La Huapilla_Pozo Huapilla" }, "geometry": { "type": "Point", "coordinates": [ -99.376926510629062, 20.420861732777162 ] } },
{ "type": "Feature", "properties": { "CVEGEO_LOC": "130060014", "AÑO": 2016.0, "NOM_MUN": "Alfajayucan", "NOM_LOC": "La Huapilla", "Fuente de abastecimiento": "Pozo Huapilla", "Coliformes Totales (Ausencia o Presencia/100mL)": "Presencia", "E. Coli (Ausencia o Presencia/100mL)": "Ausencia", "Arsenico (mg/L)": "0", "Bario (mg/L)": "0", "Cadmio (mg/L)": "ND", "Cobre (mg/L)": "0.03", "Hierro (mg/L)": "0.03", "Manganeso (mg/L)": "0", "Plomo (mg/L)": "0", "Zinc (mg/L)": "0.06", "Cianuros (mg/L)": "5", "Cloro Residual (mg/L)": "0.03", "Cloruros (mg/L)": "105.8", "Dureza Total (mg/L)": "399.99", "Fluoruros (mg/L)": "0.47", "Nitratos (mg/L)": "45813", "Nitritos (mg/L)": "5", "Ph": "45907", "SDT (mg/L)": "836", "Sulfatos (mg/L)": "86", "Cloro Total (mg/L)": "0.1", "Conductividad (muS/cm)": "1015", "Temperatura (°C)": "45895", "ID": "Alfajayucan_La Huapilla_Pozo Huapilla" }, "geometry": { "type": "Point", "coordinates": [ -99.376926510629062, 20.420861732777162 ] } },
{ "type": "Feature", "properties": { "CVEGEO_LOC": "130060014", "AÑO": 2017.0, "NOM_MUN": "Alfajayucan", "NOM_LOC": "La Huapilla", "Fuente de abastecimiento": "Toma domiciliaria", "Coliformes Totales (Ausencia o Presencia/100mL)": "Presencia", "E. Coli (Ausencia o Presencia/100mL)": "Ausencia", "Arsenico (mg/L)": "0", "Bario (mg/L)": "0", "Cadmio (mg/L)": null, "Cobre (mg/L)": "0.16", "Hierro (mg/L)": "0.2", "Manganeso (mg/L)": "0.1", "Plomo (mg/L)": "0", "Zinc (mg/L)": "0.02", "Cianuros (mg/L)": "0", "Cloro Residual (mg/L)": "0", "Cloruros (mg/L)": "40.5", "Dureza Total (mg/L)": "321.11", "Fluoruros (mg/L)": "0.63", "Nitratos (mg/L)": "1.8", "Nitritos (mg/L)": "0.004", "Ph": "7.49", "SDT (mg/L)": "546", "Sulfatos (mg/L)": "44", "Cloro Total (mg/L)": "0", "Conductividad (muS/cm)": "838", "Temperatura (°C)": "23.2", "ID": "Alfajayucan_La Huapilla_Toma domiciliaria" }, "geometry": { "type": "Point", "coordinates": [ -99.3754995230247, 20.422475379581979 ] } },
{ "type": "Feature", "properties": { "CVEGEO_LOC": "130060017", "AÑO": 2014.0, "NOM_MUN": "Alfajayucan", "NOM_LOC": "Madho Corrales", "Fuente de abastecimiento": "Cárcamo Madho Corrales", "Coliformes Totales (Ausencia o Presencia/100mL)": "Presencia", "E. Coli (Ausencia o Presencia/100mL)": "Ausencia", "Arsenico (mg/L)": "0", "Bario (mg/L)": "0", "Cadmio (mg/L)": null, "Cobre (mg/L)": "0", "Hierro (mg/L)": "0", "Manganeso (mg/L)": "0", "Plomo (mg/L)": "0", "Zinc (mg/L)": "0.05", "Cianuros (mg/L)": "0.002", "Cloro Residual (mg/L)": "0.1", "Cloruros (mg/L)": "9.8", "Dureza Total (mg/L)": "395.55", "Fluoruros (mg/L)": "0.59", "Nitratos (mg/L)": "0", "Nitritos (mg/L)": "0.003", "Ph": "7.48", "SDT (mg/L)": "399", "Sulfatos (mg/L)": "81", "Cloro Total (mg/L)": "0.04", "Conductividad (muS/cm)": "852", "Temperatura (°C)": "26.6", "ID": "Alfajayucan_Madho Corrales_Cárcamo Madho Corrales" }, "geometry": { "type": "Point", "coordinates": [ -99.371145226939348, 20.500857800558521 ] } },
{ "type": "Feature", "properties": { "CVEGEO_LOC": "130060031", "AÑO": 2016.0, "NOM_MUN": "Alfajayucan", "NOM_LOC": "San Francisco Sacachichilco", "Fuente de abastecimiento": "Pozo San Francisco", "Coliformes Totales (Ausencia o Presencia/100mL)": "Presencia", "E. Coli (Ausencia o Presencia/100mL)": "Ausencia", "Arsenico (mg/L)": "0", "Bario (mg/L)": "0", "Cadmio (mg/L)": "ND", "Cobre (mg/L)": "0", "Hierro (mg/L)": "0", "Manganeso (mg/L)": "0", "Plomo (mg/L)": "0", "Zinc (mg/L)": "0.07", "Cianuros (mg/L)": "1", "Cloro Residual (mg/L)": "0.15", "Cloruros (mg/L)": "45838", "Dureza Total (mg/L)": "226.66", "Fluoruros (mg/L)": "0.63", "Nitratos (mg/L)": "0.8", "Nitritos (mg/L)": "0", "Ph": "7.68", "SDT (mg/L)": "300", "Sulfatos (mg/L)": "33", "Cloro Total (mg/L)": "0", "Conductividad (muS/cm)": "1145", "Temperatura (°C)": "45859", "ID": "Alfajayucan_San Francisco Sacachichilco_Pozo San Francisco" }, "geometry": { "type": "Point", "coordinates": [ -99.387941507806559, 20.474657889969791 ] } },
{ "type": "Feature", "properties": { "CVEGEO_LOC": "130060044", "AÑO": 2012.0, "NOM_MUN": "Alfajayucan", "NOM_LOC": "Zozea", "Fuente de abastecimiento": "Pozo Zozea", "Coliformes Totales (Ausencia o Presencia/100mL)": "Ausencia", "E. Coli (Ausencia o Presencia/100mL)": "Ausencia", "Arsenico (mg/L)": "0.001", "Bario (mg/L)": "0.4", "Cadmio (mg/L)": null, "Cobre (mg/L)": "0", "Hierro (mg/L)": "0", "Manganeso (mg/L)": "0", "Plomo (mg/L)": "0", "Zinc (mg/L)": "0.033", "Cianuros (mg/L)": "0", "Cloro Residual (mg/L)": "0.02", "Cloruros (mg/L)": "62.5", "Dureza Total (mg/L)": "111.11", "Fluoruros (mg/L)": "0.01", "Nitratos (mg/L)": "0.5", "Nitritos (mg/L)": "0", "Ph": "6.68", "SDT (mg/L)": "36.4", "Sulfatos (mg/L)": "20", "Cloro Total (mg/L)": "0.02", "Conductividad (muS/cm)": "154.1", "Temperatura (°C)": "22.7", "ID": "Alfajayucan_Zozea_Pozo Zozea" }, "geometry": { "type": "Point", "coordinates": [ -99.361894514872418, 20.441693132863861 ] } },
{ "type": "Feature", "properties": { "CVEGEO_LOC": "130060070", "AÑO": 2013.0, "NOM_MUN": "Alfajayucan", "NOM_LOC": "Pueblo Nuevo", "Fuente de abastecimiento": "Pozo Del Bachillerato", "Coliformes Totales (Ausencia o Presencia/100mL)": "Presencia", "E. Coli (Ausencia o Presencia/100mL)": "Ausencia", "Arsenico (mg/L)": "0", "Bario (mg/L)": "0", "Cadmio (mg/L)": null, "Cobre (mg/L)": "0", "Hierro (mg/L)": "0.01", "Manganeso (mg/L)": "0", "Plomo (mg/L)": "0", "Zinc (mg/L)": "0.02", "Cianuros (mg/L)": "0.001", "Cloro Residual (mg/L)": "0", "Cloruros (mg/L)": "58.7", "Dureza Total (mg/L)": "120.11", "Fluoruros (mg/L)": "0.8", "Nitratos (mg/L)": "0.1", "Nitritos (mg/L)": "0", "Ph": "7.67", "SDT (mg/L)": "206.3", "Sulfatos (mg/L)": "5", "Cloro Total (mg/L)": "0", "Conductividad (muS/cm)": "564", "Temperatura (°C)": "19.7", "ID": "Alfajayucan_Pueblo Nuevo_Pozo Del Bachillerato" }, "geometry": { "type": "Point", "coordinates": [ -99.350354662929561, 20.383944088124458 ] } },
{ "type": "Feature", "properties": { "CVEGEO_LOC": "130060070", "AÑO": 2012.0, "NOM_MUN": "Alfajayucan", "NOM_LOC": "Pueblo Nuevo", "Fuente de abastecimiento": "Pozo Pueblo Nuevo", "Coliformes Totales (Ausencia o Presencia/100mL)": "Presencia", "E. Coli (Ausencia o Presencia/100mL)": "Ausencia", "Arsenico (mg/L)": "0", "Bario (mg/L)": "0.45", "Cadmio (mg/L)": null, "Cobre (mg/L)": "0", "Hierro (mg/L)": "0.03", "Manganeso (mg/L)": "0", "Plomo (mg/L)": "0", "Zinc (mg/L)": "0.021", "Cianuros (mg/L)": "0", "Cloro Residual (mg/L)": "0", "Cloruros (mg/L)": "60.5", "Dureza Total (mg/L)": "115.5544", "Fluoruros (mg/L)": "0.9", "Nitratos (mg/L)": "0.2", "Nitritos (mg/L)": "0", "Ph": "6.51", "SDT (mg/L)": "174.33", "Sulfatos (mg/L)": "5", "Cloro Total (mg/L)": "0", "Conductividad (muS/cm)": "200", "Temperatura (°C)": "23.8", "ID": "Alfajayucan_Pueblo Nuevo_Pozo Pueblo Nuevo" }, "geometry": { "type": "Point", "coordinates": [ -99.349640736653313, 20.385010902777008 ] } },
{ "type": "Feature", "properties": { "CVEGEO_LOC": "130070001", "AÑO": 2014.0, "NOM_MUN": "Almoloya", "NOM_LOC": "Almoloya", "Fuente de abastecimiento": "Manantial Barrio El Can", "Coliformes Totales (Ausencia o Presencia/100mL)": "Presencia", "E. Coli (Ausencia o Presencia/100mL)": "Ausencia", "Arsenico (mg/L)": "0", "Bario (mg/L)": "0", "Cadmio (mg/L)": null, "Cobre (mg/L)": "0.27", "Hierro (mg/L)": "0.03", "Manganeso (mg/L)": "0.02", "Plomo (mg/L)": "0", "Zinc (mg/L)": "0.03", "Cianuros (mg/L)": "0.001", "Cloro Residual (mg/L)": "0.01", "Cloruros (mg/L)": "8.3", "Dureza Total (mg/L)": "202.22", "Fluoruros (mg/L)": "0", "Nitratos (mg/L)": "1.4", "Nitritos (mg/L)": "0.003", "Ph": "7.4", "SDT (mg/L)": "132.6", "Sulfatos (mg/L)": "10", "Cloro Total (mg/L)": "0.03", "Conductividad (muS/cm)": "276", "Temperatura (°C)": "20.2", "ID": "Almoloya_Almoloya_Manantial Barrio El Can" }, "geometry": { "type": "Point", "coordinates": [ -98.408059793066315, 19.699879849425898 ] } },
{ "type": "Feature", "properties": { "CVEGEO_LOC": "130070001", "AÑO": 2012.0, "NOM_MUN": "Almoloya", "NOM_LOC": "Almoloya", "Fuente de abastecimiento": "Manantial del Centro", "Coliformes Totales (Ausencia o Presencia/100mL)": "Presencia", "E. Coli (Ausencia o Presencia/100mL)": "Presencia", "Arsenico (mg/L)": "0.003", "Bario (mg/L)": null, "Cadmio (mg/L)": null, "Cobre (mg/L)": "0.111", "Hierro (mg/L)": "0.007", "Manganeso (mg/L)": "0", "Plomo (mg/L)": "0", "Zinc (mg/L)": "0.011", "Cianuros (mg/L)": "0.006", "Cloro Residual (mg/L)": "0", "Cloruros (mg/L)": "49.5", "Dureza Total (mg/L)": "133.332", "Fluoruros (mg/L)": "0.15", "Nitratos (mg/L)": "0", "Nitritos (mg/L)": "0.0031", "Ph": "7.19", "SDT (mg/L)": "135.9", "Sulfatos (mg/L)": "2.5", "Cloro Total (mg/L)": "0.04", "Conductividad (muS/cm)": "137.4", "Temperatura (°C)": "20.1", "ID": "Almoloya_Almoloya_Manantial del Centro" }, "geometry": { "type": "Point", "coordinates": [ -98.407250896711417, 19.705087953263561 ] } },
{ "type": "Feature", "properties": { "CVEGEO_LOC": "130070001", "AÑO": 2015.0, "NOM_MUN": "Almoloya", "NOM_LOC": "Almoloya", "Fuente de abastecimiento": "Manantial La Alberca", "Coliformes Totales (Ausencia o Presencia/100mL)": "Presencia", "E. Coli (Ausencia o Presencia/100mL)": "Presencia", "Arsenico (mg/L)": "0", "Bario (mg/L)": "0", "Cadmio (mg/L)": null, "Cobre (mg/L)": "0.019", "Hierro (mg/L)": "0", "Manganeso (mg/L)": "0", "Plomo (mg/L)": "0", "Zinc (mg/L)": "0.13", "Cianuros (mg/L)": "0.002", "Cloro Residual (mg/L)": "0", "Cloruros (mg/L)": "4", "Dureza Total (mg/L)": "102.22", "Fluoruros (mg/L)": "0.11", "Nitratos (mg/L)": "0.9", "Nitritos (mg/L)": "0.001", "Ph": "7.3", "SDT (mg/L)": "138.7", "Sulfatos (mg/L)": "10.5", "Cloro Total (mg/L)": "0.03", "Conductividad (muS/cm)": "280", "Temperatura (°C)": "20.3", "ID": "Almoloya_Almoloya_Manantial La Alberca" }, "geometry": { "type": "Point", "coordinates": [ -98.409466129873294, 19.701539678089809 ] } },
{ "type": "Feature", "properties": { "CVEGEO_LOC": "130070001", "AÑO": 2016.0, "NOM_MUN": "Almoloya", "NOM_LOC": "Almoloya", "Fuente de abastecimiento": "Manantial La Alberca", "Coliformes Totales (Ausencia o Presencia/100mL)": "Presencia", "E. Coli (Ausencia o Presencia/100mL)": "Ausencia", "Arsenico (mg/L)": "0", "Bario (mg/L)": "0", "Cadmio (mg/L)": "ND", "Cobre (mg/L)": "0.38", "Hierro (mg/L)": "0", "Manganeso (mg/L)": "0", "Plomo (mg/L)": "0", "Zinc (mg/L)": "0.08", "Cianuros (mg/L)": "0", "Cloro Residual (mg/L)": "0", "Cloruros (mg/L)": "45784", "Dureza Total (mg/L)": "168.88", "Fluoruros (mg/L)": "0", "Nitratos (mg/L)": "45659", "Nitritos (mg/L)": "13", "Ph": "45754", "SDT (mg/L)": "139.1", "Sulfatos (mg/L)": "8", "Cloro Total (mg/L)": "0.01", "Conductividad (muS/cm)": "288", "Temperatura (°C)": "45858", "ID": "Almoloya_Almoloya_Manantial La Alberca" }, "geometry": { "type": "Point", "coordinates": [ -98.409466129873294, 19.701539678089809 ] } },
{ "type": "Feature", "properties": { "CVEGEO_LOC": "130070001", "AÑO": 2013.0, "NOM_MUN": "Almoloya", "NOM_LOC": "Almoloya", "Fuente de abastecimiento": "Planta Potabilizadora", "Coliformes Totales (Ausencia o Presencia/100mL)": "Presencia", "E. Coli (Ausencia o Presencia/100mL)": "Presencia", "Arsenico (mg/L)": "0", "Bario (mg/L)": "0", "Cadmio (mg/L)": null, "Cobre (mg/L)": "0", "Hierro (mg/L)": "0", "Manganeso (mg/L)": "0", "Plomo (mg/L)": "0", "Zinc (mg/L)": "0.039", "Cianuros (mg/L)": "0.003", "Cloro Residual (mg/L)": "0", "Cloruros (mg/L)": "70", "Dureza Total (mg/L)": "145.55", "Fluoruros (mg/L)": "0.28", "Nitratos (mg/L)": "0", "Nitritos (mg/L)": "0.001", "Ph": "7.18", "SDT (mg/L)": "140", "Sulfatos (mg/L)": "0", "Cloro Total (mg/L)": "0.01", "Conductividad (muS/cm)": "300", "Temperatura (°C)": "25", "ID": "Almoloya_Almoloya_Planta Potabilizadora" }, "geometry": { "type": "Point", "coordinates": [ -98.4028223201841, 19.704988632161637 ] } },
{ "type": "Feature", "properties": { "CVEGEO_LOC": "130070001", "AÑO": 2017.0, "NOM_MUN": "Almoloya", "NOM_LOC": "Almoloya", "Fuente de abastecimiento": "Pozo 1", "Coliformes Totales (Ausencia o Presencia/100mL)": "Ausencia", "E. Coli (Ausencia o Presencia/100mL)": "Ausencia", "Arsenico (mg/L)": "0", "Bario (mg/L)": "0", "Cadmio (mg/L)": null, "Cobre (mg/L)": "0.1", "Hierro (mg/L)": "0.02", "Manganeso (mg/L)": "0.02", "Plomo (mg/L)": "0", "Zinc (mg/L)": "0", "Cianuros (mg/L)": "0.002", "Cloro Residual (mg/L)": "0.25", "Cloruros (mg/L)": "146.9", "Dureza Total (mg/L)": "334.44", "Fluoruros (mg/L)": "0.7", "Nitratos (mg/L)": "0", "Nitritos (mg/L)": "0", "Ph": "7.78", "SDT (mg/L)": "683", "Sulfatos (mg/L)": "148", "Cloro Total (mg/L)": "0.23", "Conductividad (muS/cm)": "903", "Temperatura (°C)": "26.7", "ID": "Almoloya_Almoloya_Pozo 1" }, "geometry": { "type": "Point", "coordinates": [ -98.400402302324565, 19.706651993594992 ] } },
{ "type": "Feature", "properties": { "CVEGEO_LOC": "130070001", "AÑO": 2016.0, "NOM_MUN": "Almoloya", "NOM_LOC": "Almoloya", "Fuente de abastecimiento": "Pozo Cobaeh", "Coliformes Totales (Ausencia o Presencia/100mL)": "Presencia", "E. Coli (Ausencia o Presencia/100mL)": "Ausencia", "Arsenico (mg/L)": "0", "Bario (mg/L)": "0", "Cadmio (mg/L)": "ND", "Cobre (mg/L)": "1.22", "Hierro (mg/L)": "0.01", "Manganeso (mg/L)": "0", "Plomo (mg/L)": "0", "Zinc (mg/L)": "0.09", "Cianuros (mg/L)": "1", "Cloro Residual (mg/L)": "0.1", "Cloruros (mg/L)": "45914", "Dureza Total (mg/L)": "182.22", "Fluoruros (mg/L)": "8", "Nitratos (mg/L)": "45839", "Nitritos (mg/L)": "7", "Ph": "45845", "SDT (mg/L)": "146.5", "Sulfatos (mg/L)": "6", "Cloro Total (mg/L)": "0.2", "Conductividad (muS/cm)": "282", "Temperatura (°C)": "45858", "ID": "Almoloya_Almoloya_Pozo Cobaeh" }, "geometry": { "type": "Point", "coordinates": [ -98.398564453955075, 19.702988599113297 ] } },
{ "type": "Feature", "properties": { "CVEGEO_LOC": "130070001", "AÑO": 2014.0, "NOM_MUN": "Almoloya", "NOM_LOC": "Almoloya", "Fuente de abastecimiento": "Pozo Cobaeh", "Coliformes Totales (Ausencia o Presencia/100mL)": "Presencia", "E. Coli (Ausencia o Presencia/100mL)": "Ausencia", "Arsenico (mg/L)": "0", "Bario (mg/L)": "0", "Cadmio (mg/L)": null, "Cobre (mg/L)": "0.2", "Hierro (mg/L)": "0.02", "Manganeso (mg/L)": "0.01", "Plomo (mg/L)": "0", "Zinc (mg/L)": "0.02", "Cianuros (mg/L)": "0.002", "Cloro Residual (mg/L)": "0.01", "Cloruros (mg/L)": "9.2", "Dureza Total (mg/L)": "168.88", "Fluoruros (mg/L)": "0", "Nitratos (mg/L)": "1.3", "Nitritos (mg/L)": "0.001", "Ph": "7.32", "SDT (mg/L)": "138.8", "Sulfatos (mg/L)": "8", "Cloro Total (mg/L)": "0.02", "Conductividad (muS/cm)": "277", "Temperatura (°C)": "20.1", "ID": "Almoloya_Almoloya_Pozo Cobaeh" }, "geometry": { "type": "Point", "coordinates": [ -98.398564453955075, 19.702988599113297 ] } },
{ "type": "Feature", "properties": { "CVEGEO_LOC": "130070001", "AÑO": 2012.0, "NOM_MUN": "Almoloya", "NOM_LOC": "Almoloya", "Fuente de abastecimiento": "Pozo del Bachillerato", "Coliformes Totales (Ausencia o Presencia/100mL)": "Presencia", "E. Coli (Ausencia o Presencia/100mL)": "Presencia", "Arsenico (mg/L)": "0.002", "Bario (mg/L)": null, "Cadmio (mg/L)": null, "Cobre (mg/L)": "0", "Hierro (mg/L)": "0", "Manganeso (mg/L)": "0", "Plomo (mg/L)": "0", "Zinc (mg/L)": "0.047", "Cianuros (mg/L)": "0.006", "Cloro Residual (mg/L)": "0", "Cloruros (mg/L)": "63.75", "Dureza Total (mg/L)": "144.443", "Fluoruros (mg/L)": "0.3", "Nitratos (mg/L)": "0", "Nitritos (mg/L)": "0.0021", "Ph": "7.16", "SDT (mg/L)": "144.5", "Sulfatos (mg/L)": "0", "Cloro Total (mg/L)": "0.01", "Conductividad (muS/cm)": "293", "Temperatura (°C)": "20.5", "ID": "Almoloya_Almoloya_Pozo del Bachillerato" }, "geometry": { "type": "Point", "coordinates": [ -98.40274177999504, 19.699486440424465 ] } },
{ "type": "Feature", "properties": { "CVEGEO_LOC": "130070001", "AÑO": 2013.0, "NOM_MUN": "Almoloya", "NOM_LOC": "Almoloya", "Fuente de abastecimiento": "Pozo Santa Cruz", "Coliformes Totales (Ausencia o Presencia/100mL)": "Presencia", "E. Coli (Ausencia o Presencia/100mL)": "Presencia", "Arsenico (mg/L)": "0", "Bario (mg/L)": "0", "Cadmio (mg/L)": null, "Cobre (mg/L)": "0.019", "Hierro (mg/L)": "0", "Manganeso (mg/L)": "0", "Plomo (mg/L)": "0", "Zinc (mg/L)": "0.13", "Cianuros (mg/L)": "0.002", "Cloro Residual (mg/L)": "0", "Cloruros (mg/L)": "4", "Dureza Total (mg/L)": "102.22", "Fluoruros (mg/L)": "0.11", "Nitratos (mg/L)": "0.9", "Nitritos (mg/L)": "0.001", "Ph": "7.3", "SDT (mg/L)": "138.7", "Sulfatos (mg/L)": "10.5", "Cloro Total (mg/L)": "0.03", "Conductividad (muS/cm)": "280", "Temperatura (°C)": "20.3", "ID": "Almoloya_Almoloya_Pozo Santa Cruz" }, "geometry": { "type": "Point", "coordinates": [ -98.398259920217555, 19.700982245727545 ] } },
{ "type": "Feature", "properties": { "CVEGEO_LOC": "130070024", "AÑO": 2017.0, "NOM_MUN": "Almoloya", "NOM_LOC": "Ocotepec", "Fuente de abastecimiento": "Pozo Ocotepec", "Coliformes Totales (Ausencia o Presencia/100mL)": "Presencia", "E. Coli (Ausencia o Presencia/100mL)": "Ausencia", "Arsenico (mg/L)": "0", "Bario (mg/L)": "0", "Cadmio (mg/L)": null, "Cobre (mg/L)": "0.09", "Hierro (mg/L)": "0.05", "Manganeso (mg/L)": "0", "Plomo (mg/L)": "0.02", "Zinc (mg/L)": "0.02", "Cianuros (mg/L)": "0.001", "Cloro Residual (mg/L)": "0.44", "Cloruros (mg/L)": "40.1", "Dureza Total (mg/L)": "413.32", "Fluoruros (mg/L)": "0.62", "Nitratos (mg/L)": "2.1", "Nitritos (mg/L)": "0.004", "Ph": "7.63", "SDT (mg/L)": "634", "Sulfatos (mg/L)": "85", "Cloro Total (mg/L)": "0.02", "Conductividad (muS/cm)": "787", "Temperatura (°C)": "24", "ID": "Almoloya_Ocotepec_Pozo Ocotepec" }, "geometry": { "type": "Point", "coordinates": [ -98.433126038513933, 19.697034800714533 ] } },
{ "type": "Feature", "properties": { "CVEGEO_LOC": "130070025", "AÑO": 2017.0, "NOM_MUN": "Almoloya", "NOM_LOC": "Ocotepec de Morelos", "Fuente de abastecimiento": "Pozo Morelos", "Coliformes Totales (Ausencia o Presencia/100mL)": "Ausencia", "E. Coli (Ausencia o Presencia/100mL)": "Ausencia", "Arsenico (mg/L)": "0", "Bario (mg/L)": "0", "Cadmio (mg/L)": null, "Cobre (mg/L)": "0.1", "Hierro (mg/L)": "0.01", "Manganeso (mg/L)": "0.02", "Plomo (mg/L)": "0.01", "Zinc (mg/L)": "0.05", "Cianuros (mg/L)": "0.003", "Cloro Residual (mg/L)": "0.24", "Cloruros (mg/L)": "143.1", "Dureza Total (mg/L)": "323.33", "Fluoruros (mg/L)": "0.61", "Nitratos (mg/L)": "0", "Nitritos (mg/L)": "0", "Ph": "7.77", "SDT (mg/L)": "678", "Sulfatos (mg/L)": "140", "Cloro Total (mg/L)": "0.25", "Conductividad (muS/cm)": "897", "Temperatura (°C)": "23.7", "ID": "Almoloya_Ocotepec de Morelos_Pozo Morelos" }, "geometry": { "type": "Point", "coordinates": [ -98.380332838345353, 19.671983672050281 ] } },
{ "type": "Feature", "properties": { "CVEGEO_LOC": "130070032", "AÑO": 2020.0, "NOM_MUN": "Almoloya", "NOM_LOC": "Rancho Nuevo", "Fuente de abastecimiento": "Manantial Santa Inés", "Coliformes Totales (Ausencia o Presencia/100mL)": "Presencia", "E. Coli (Ausencia o Presencia/100mL)": "Presencia", "Arsenico (mg/L)": "0", "Bario (mg/L)": "0", "Cadmio (mg/L)": "0", "Cobre (mg/L)": "0.37", "Hierro (mg/L)": "0.08", "Manganeso (mg/L)": "0", "Plomo (mg/L)": "0", "Zinc (mg/L)": "0.02", "Cianuros (mg/L)": "0", "Cloro Residual (mg/L)": "0", "Cloruros (mg/L)": "13.3", "Dureza Total (mg/L)": "57.77", "Fluoruros (mg/L)": "0.07", "Nitratos (mg/L)": "1.1", "Nitritos (mg/L)": "0.022", "Ph": "6.93", "SDT (mg/L)": "57.2", "Sulfatos (mg/L)": "0", "Cloro Total (mg/L)": "0", "Conductividad (muS/cm)": "113.1", "Temperatura (°C)": "11.5", "ID": "Almoloya_Rancho Nuevo_Manantial Santa Inés" }, "geometry": { "type": "Point", "coordinates": [ -98.28187987949444, 19.746421217698149 ] } },
{ "type": "Feature", "properties": { "CVEGEO_LOC": "130080001", "AÑO": 2012.0, "NOM_MUN": "Apan", "NOM_LOC": "Apan", "Fuente de abastecimiento": "Pozo 1", "Coliformes Totales (Ausencia o Presencia/100mL)": "Presencia", "E. Coli (Ausencia o Presencia/100mL)": "Presencia", "Arsenico (mg/L)": "0.01", "Bario (mg/L)": null, "Cadmio (mg/L)": null, "Cobre (mg/L)": "1.088", "Hierro (mg/L)": "0.035", "Manganeso (mg/L)": "0.6", "Plomo (mg/L)": "0", "Zinc (mg/L)": "0.056", "Cianuros (mg/L)": "0.001", "Cloro Residual (mg/L)": "0", "Cloruros (mg/L)": "68.75", "Dureza Total (mg/L)": "166.665", "Fluoruros (mg/L)": "0.39", "Nitratos (mg/L)": "1.3", "Nitritos (mg/L)": "0", "Ph": "7.6", "SDT (mg/L)": "206", "Sulfatos (mg/L)": "0", "Cloro Total (mg/L)": "0.01", "Conductividad (muS/cm)": "398", "Temperatura (°C)": "24.4", "ID": "Apan_Apan_Pozo 1" }, "geometry": { "type": "Point", "coordinates": [ -98.449371404605046, 19.718208837174156 ] } },
{ "type": "Feature", "properties": { "CVEGEO_LOC": "130080001", "AÑO": 2014.0, "NOM_MUN": "Apan", "NOM_LOC": "Apan", "Fuente de abastecimiento": "Pozo 1", "Coliformes Totales (Ausencia o Presencia/100mL)": "Presencia", "E. Coli (Ausencia o Presencia/100mL)": "Ausencia", "Arsenico (mg/L)": "0", "Bario (mg/L)": "0", "Cadmio (mg/L)": null, "Cobre (mg/L)": "0.01", "Hierro (mg/L)": "0", "Manganeso (mg/L)": "0.1", "Plomo (mg/L)": "0", "Zinc (mg/L)": "0.04", "Cianuros (mg/L)": "0.002", "Cloro Residual (mg/L)": "0", "Cloruros (mg/L)": "11.1", "Dureza Total (mg/L)": "137.77", "Fluoruros (mg/L)": "0.18", "Nitratos (mg/L)": "1.4", "Nitritos (mg/L)": "0.003", "Ph": "7.81", "SDT (mg/L)": "185.1", "Sulfatos (mg/L)": "10", "Cloro Total (mg/L)": "0.01", "Conductividad (muS/cm)": "384", "Temperatura (°C)": "22.4", "ID": "Apan_Apan_Pozo 1" }, "geometry": { "type": "Point", "coordinates": [ -98.449371404605046, 19.718208837174156 ] } },
{ "type": "Feature", "properties": { "CVEGEO_LOC": "130080001", "AÑO": 2012.0, "NOM_MUN": "Apan", "NOM_LOC": "Apan", "Fuente de abastecimiento": "Pozo 2", "Coliformes Totales (Ausencia o Presencia/100mL)": "Presencia", "E. Coli (Ausencia o Presencia/100mL)": "Ausencia", "Arsenico (mg/L)": "0.013", "Bario (mg/L)": null, "Cadmio (mg/L)": null, "Cobre (mg/L)": "0.621", "Hierro (mg/L)": "0.025", "Manganeso (mg/L)": "0.7", "Plomo (mg/L)": "0", "Zinc (mg/L)": "0.063", "Cianuros (mg/L)": "0.001", "Cloro Residual (mg/L)": "0.02", "Cloruros (mg/L)": "52.25", "Dureza Total (mg/L)": "173.3316", "Fluoruros (mg/L)": "0.32", "Nitratos (mg/L)": "0.7", "Nitritos (mg/L)": "0", "Ph": "7.58", "SDT (mg/L)": "197.6", "Sulfatos (mg/L)": "25", "Cloro Total (mg/L)": "0.01", "Conductividad (muS/cm)": "415", "Temperatura (°C)": "23.7", "ID": "Apan_Apan_Pozo 2" }, "geometry": { "type": "Point", "coordinates": [ -98.449654623329735, 19.714756242783402 ] } },
{ "type": "Feature", "properties": { "CVEGEO_LOC": "130080001", "AÑO": 2014.0, "NOM_MUN": "Apan", "NOM_LOC": "Apan", "Fuente de abastecimiento": "Pozo 3", "Coliformes Totales (Ausencia o Presencia/100mL)": "Presencia", "E. Coli (Ausencia o Presencia/100mL)": "Ausencia", "Arsenico (mg/L)": "0", "Bario (mg/L)": "0", "Cadmio (mg/L)": null, "Cobre (mg/L)": "0.01", "Hierro (mg/L)": "0", "Manganeso (mg/L)": "0", "Plomo (mg/L)": "0", "Zinc (mg/L)": "0.04", "Cianuros (mg/L)": "0.003", "Cloro Residual (mg/L)": "0.04", "Cloruros (mg/L)": "9.3", "Dureza Total (mg/L)": "137.77", "Fluoruros (mg/L)": "0.05", "Nitratos (mg/L)": "2.7", "Nitritos (mg/L)": "0.003", "Ph": "7.56", "SDT (mg/L)": "208", "Sulfatos (mg/L)": "11", "Cloro Total (mg/L)": "0.03", "Conductividad (muS/cm)": "432", "Temperatura (°C)": "22.6", "ID": "Apan_Apan_Pozo 3" }, "geometry": { "type": "Point", "coordinates": [ -98.448357010497119, 19.712733756816867 ] } },
{ "type": "Feature", "properties": { "CVEGEO_LOC": "130080001", "AÑO": 2015.0, "NOM_MUN": "Apan", "NOM_LOC": "Apan", "Fuente de abastecimiento": "Pozo 3", "Coliformes Totales (Ausencia o Presencia/100mL)": "Presencia", "E. Coli (Ausencia o Presencia/100mL)": "Ausencia", "Arsenico (mg/L)": "0", "Bario (mg/L)": "0", "Cadmio (mg/L)": null, "Cobre (mg/L)": "1.45", "Hierro (mg/L)": "0.07", "Manganeso (mg/L)": "0", "Plomo (mg/L)": "0", "Zinc (mg/L)": "0.03", "Cianuros (mg/L)": "0", "Cloro Residual (mg/L)": "0.03", "Cloruros (mg/L)": "14.6", "Dureza Total (mg/L)": "193.33", "Fluoruros (mg/L)": "0.23", "Nitratos (mg/L)": "1.9", "Nitritos (mg/L)": "0.003", "Ph": "7.5", "SDT (mg/L)": "213", "Sulfatos (mg/L)": "12", "Cloro Total (mg/L)": "0.02", "Conductividad (muS/cm)": "437", "Temperatura (°C)": "23", "ID": "Apan_Apan_Pozo 3" }, "geometry": { "type": "Point", "coordinates": [ -98.448357010497119, 19.712733756816867 ] } },
{ "type": "Feature", "properties": { "CVEGEO_LOC": "130080001", "AÑO": 2015.0, "NOM_MUN": "Apan", "NOM_LOC": "Apan", "Fuente de abastecimiento": "Pozo 4", "Coliformes Totales (Ausencia o Presencia/100mL)": "Presencia", "E. Coli (Ausencia o Presencia/100mL)": "Ausencia", "Arsenico (mg/L)": "0", "Bario (mg/L)": "0", "Cadmio (mg/L)": null, "Cobre (mg/L)": "0.11", "Hierro (mg/L)": "0.05", "Manganeso (mg/L)": "0", "Plomo (mg/L)": "0", "Zinc (mg/L)": "0.03", "Cianuros (mg/L)": "0", "Cloro Residual (mg/L)": "0.02", "Cloruros (mg/L)": "13", "Dureza Total (mg/L)": "228.88", "Fluoruros (mg/L)": "0.28", "Nitratos (mg/L)": "1.6", "Nitritos (mg/L)": "0.002", "Ph": "7.47", "SDT (mg/L)": "136.3", "Sulfatos (mg/L)": "7", "Cloro Total (mg/L)": "0.01", "Conductividad (muS/cm)": "150.3", "Temperatura (°C)": "22.1", "ID": "Apan_Apan_Pozo 4" }, "geometry": { "type": "Point", "coordinates": [ -98.444578328405782, 19.712345512197842 ] } },
{ "type": "Feature", "properties": { "CVEGEO_LOC": "130080001", "AÑO": 2014.0, "NOM_MUN": "Apan", "NOM_LOC": "Apan", "Fuente de abastecimiento": "Pozo 4", "Coliformes Totales (Ausencia o Presencia/100mL)": "Presencia", "E. Coli (Ausencia o Presencia/100mL)": "Ausencia", "Arsenico (mg/L)": "0", "Bario (mg/L)": "0", "Cadmio (mg/L)": null, "Cobre (mg/L)": "0", "Hierro (mg/L)": "0.03", "Manganeso (mg/L)": "0", "Plomo (mg/L)": "0", "Zinc (mg/L)": "0.05", "Cianuros (mg/L)": "0.005", "Cloro Residual (mg/L)": "0.03", "Cloruros (mg/L)": "10.4", "Dureza Total (mg/L)": "151.1", "Fluoruros (mg/L)": "0.15", "Nitratos (mg/L)": "2.7", "Nitritos (mg/L)": "0.005", "Ph": "7.61", "SDT (mg/L)": "224", "Sulfatos (mg/L)": "11", "Cloro Total (mg/L)": "0.03", "Conductividad (muS/cm)": "463", "Temperatura (°C)": "22.6", "ID": "Apan_Apan_Pozo 4" }, "geometry": { "type": "Point", "coordinates": [ -98.444578328405782, 19.712345512197842 ] } },
{ "type": "Feature", "properties": { "CVEGEO_LOC": "130080001", "AÑO": 2016.0, "NOM_MUN": "Apan", "NOM_LOC": "Apan", "Fuente de abastecimiento": "Pozo Espejel", "Coliformes Totales (Ausencia o Presencia/100mL)": "Presencia", "E. Coli (Ausencia o Presencia/100mL)": "Ausencia", "Arsenico (mg/L)": "0", "Bario (mg/L)": "0", "Cadmio (mg/L)": "ND", "Cobre (mg/L)": "0.13", "Hierro (mg/L)": "0", "Manganeso (mg/L)": "0", "Plomo (mg/L)": "0", "Zinc (mg/L)": "0.12", "Cianuros (mg/L)": "1", "Cloro Residual (mg/L)": "0", "Cloruros (mg/L)": "45726", "Dureza Total (mg/L)": "213.33", "Fluoruros (mg/L)": "0.37", "Nitratos (mg/L)": "45719", "Nitritos (mg/L)": "13", "Ph": "45664", "SDT (mg/L)": "221", "Sulfatos (mg/L)": "11", "Cloro Total (mg/L)": "0.01", "Conductividad (muS/cm)": "274", "Temperatura (°C)": "45679", "ID": "Apan_Apan_Pozo Espejel" }, "geometry": { "type": "Point", "coordinates": [ -98.445794369877234, 19.708900068458231 ] } },
{ "type": "Feature", "properties": { "CVEGEO_LOC": "130080001", "AÑO": 2019.0, "NOM_MUN": "Apan", "NOM_LOC": "Apan", "Fuente de abastecimiento": "Pozo la Estacion", "Coliformes Totales (Ausencia o Presencia/100mL)": "Ausencia", "E. Coli (Ausencia o Presencia/100mL)": "Ausencia", "Arsenico (mg/L)": "0", "Bario (mg/L)": "0", "Cadmio (mg/L)": "0", "Cobre (mg/L)": "0.01", "Hierro (mg/L)": "0.01", "Manganeso (mg/L)": "0", "Plomo (mg/L)": "0", "Zinc (mg/L)": "0.06", "Cianuros (mg/L)": "0.002", "Cloro Residual (mg/L)": "0.02", "Cloruros (mg/L)": "6", "Dureza Total (mg/L)": "139.99", "Fluoruros (mg/L)": "0", "Nitratos (mg/L)": "4", "Nitritos (mg/L)": "0.003", "Ph": "7.25", "SDT (mg/L)": "141", "Sulfatos (mg/L)": "15", "Cloro Total (mg/L)": "0", "Conductividad (muS/cm)": "336", "Temperatura (°C)": "24.5", "ID": "Apan_Apan_Pozo la Estacion" }, "geometry": { "type": "Point", "coordinates": [ -98.451934178343109, 19.717489654481977 ] } },
{ "type": "Feature", "properties": { "CVEGEO_LOC": "130080001", "AÑO": 2014.0, "NOM_MUN": "Apan", "NOM_LOC": "Apan", "Fuente de abastecimiento": "Pozo La Estación", "Coliformes Totales (Ausencia o Presencia/100mL)": "Presencia", "E. Coli (Ausencia o Presencia/100mL)": "Ausencia", "Arsenico (mg/L)": "0", "Bario (mg/L)": "0", "Cadmio (mg/L)": null, "Cobre (mg/L)": "0.02", "Hierro (mg/L)": "0.01", "Manganeso (mg/L)": "0", "Plomo (mg/L)": "0", "Zinc (mg/L)": "0.06", "Cianuros (mg/L)": "0.002", "Cloro Residual (mg/L)": "0", "Cloruros (mg/L)": "5.7", "Dureza Total (mg/L)": "159.99", "Fluoruros (mg/L)": "0", "Nitratos (mg/L)": "4", "Nitritos (mg/L)": "0.003", "Ph": "7.61", "SDT (mg/L)": "241", "Sulfatos (mg/L)": "14", "Cloro Total (mg/L)": "0.04", "Conductividad (muS/cm)": "498", "Temperatura (°C)": "22.4", "ID": "Apan_Apan_Pozo La Estación" }, "geometry": { "type": "Point", "coordinates": [ -98.448640345585716, 19.706445133545941 ] } },
{ "type": "Feature", "properties": { "CVEGEO_LOC": "130080001", "AÑO": 2019.0, "NOM_MUN": "Apan", "NOM_LOC": "Apan", "Fuente de abastecimiento": "Pozo No 1", "Coliformes Totales (Ausencia o Presencia/100mL)": "Ausencia", "E. Coli (Ausencia o Presencia/100mL)": "Ausencia", "Arsenico (mg/L)": "0", "Bario (mg/L)": "0", "Cadmio (mg/L)": "0", "Cobre (mg/L)": "0.01", "Hierro (mg/L)": "0", "Manganeso (mg/L)": "0", "Plomo (mg/L)": "0", "Zinc (mg/L)": "0.05", "Cianuros (mg/L)": "0.002", "Cloro Residual (mg/L)": "0.03", "Cloruros (mg/L)": "12", "Dureza Total (mg/L)": "128.88", "Fluoruros (mg/L)": "0.2", "Nitratos (mg/L)": "1.1", "Nitritos (mg/L)": "0.002", "Ph": "7.4", "SDT (mg/L)": "187", "Sulfatos (mg/L)": "70", "Cloro Total (mg/L)": "0", "Conductividad (muS/cm)": "369", "Temperatura (°C)": "18.6", "ID": "Apan_Apan_Pozo No 1" }, "geometry": { "type": "Point", "coordinates": [ -98.453184151616369, 19.705683925797139 ] } },
{ "type": "Feature", "properties": { "CVEGEO_LOC": "130080001", "AÑO": 2019.0, "NOM_MUN": "Apan", "NOM_LOC": "Apan", "Fuente de abastecimiento": "Pozo No 3", "Coliformes Totales (Ausencia o Presencia/100mL)": "Ausencia", "E. Coli (Ausencia o Presencia/100mL)": "Ausencia", "Arsenico (mg/L)": "0", "Bario (mg/L)": "0", "Cadmio (mg/L)": "0", "Cobre (mg/L)": "0.01", "Hierro (mg/L)": "0", "Manganeso (mg/L)": "0", "Plomo (mg/L)": "0", "Zinc (mg/L)": "0.03", "Cianuros (mg/L)": "0.003", "Cloro Residual (mg/L)": "2", "Cloruros (mg/L)": "10", "Dureza Total (mg/L)": "137.77", "Fluoruros (mg/L)": "0.06", "Nitratos (mg/L)": "0", "Nitritos (mg/L)": "0", "Ph": "7.24", "SDT (mg/L)": "30.1", "Sulfatos (mg/L)": "12", "Cloro Total (mg/L)": "1.65", "Conductividad (muS/cm)": "70", "Temperatura (°C)": "27", "ID": "Apan_Apan_Pozo No 3" }, "geometry": { "type": "Point", "coordinates": [ -98.455564183730843, 19.703740919647615 ] } },
{ "type": "Feature", "properties": { "CVEGEO_LOC": "130080001", "AÑO": 2016.0, "NOM_MUN": "Apan", "NOM_LOC": "Apan", "Fuente de abastecimiento": "Pozo No. 2", "Coliformes Totales (Ausencia o Presencia/100mL)": "Presencia", "E. Coli (Ausencia o Presencia/100mL)": "Ausencia", "Arsenico (mg/L)": "0", "Bario (mg/L)": "0", "Cadmio (mg/L)": "ND", "Cobre (mg/L)": "0.03", "Hierro (mg/L)": "0", "Manganeso (mg/L)": "0", "Plomo (mg/L)": "0", "Zinc (mg/L)": "0.09", "Cianuros (mg/L)": "2", "Cloro Residual (mg/L)": "0.01", "Cloruros (mg/L)": "45881", "Dureza Total (mg/L)": "177.77", "Fluoruros (mg/L)": "0", "Nitratos (mg/L)": "45660", "Nitritos (mg/L)": "8", "Ph": "7.85", "SDT (mg/L)": "196.6", "Sulfatos (mg/L)": "10", "Cloro Total (mg/L)": "0.2", "Conductividad (muS/cm)": "407", "Temperatura (°C)": "23", "ID": "Apan_Apan_Pozo No. 2" }, "geometry": { "type": "Point", "coordinates": [ -98.457448899776978, 19.70658053581905 ] } },
{ "type": "Feature", "properties": { "CVEGEO_LOC": "130080001", "AÑO": 2017.0, "NOM_MUN": "Apan", "NOM_LOC": "Apan", "Fuente de abastecimiento": "Pozo No. 4 El Espejel", "Coliformes Totales (Ausencia o Presencia/100mL)": "ND", "E. Coli (Ausencia o Presencia/100mL)": "ND", "Arsenico (mg/L)": "0", "Bario (mg/L)": "0.02", "Cadmio (mg/L)": null, "Cobre (mg/L)": "0.27", "Hierro (mg/L)": "0.02", "Manganeso (mg/L)": "0", "Plomo (mg/L)": "0.004", "Zinc (mg/L)": "0.2", "Cianuros (mg/L)": null, "Cloro Residual (mg/L)": null, "Cloruros (mg/L)": null, "Dureza Total (mg/L)": null, "Fluoruros (mg/L)": null, "Nitratos (mg/L)": null, "Nitritos (mg/L)": null, "Ph": null, "SDT (mg/L)": null, "Sulfatos (mg/L)": null, "Cloro Total (mg/L)": null, "Conductividad (muS/cm)": null, "Temperatura (°C)": null, "ID": "Apan_Apan_Pozo No. 4 El Espejel" }, "geometry": { "type": "Point", "coordinates": [ -98.458265781089921, 19.709342304656346 ] } },
{ "type": "Feature", "properties": { "CVEGEO_LOC": "130080001", "AÑO": 2020.0, "NOM_MUN": "Apan", "NOM_LOC": "Apan", "Fuente de abastecimiento": "Pozo No. 4 Espejel", "Coliformes Totales (Ausencia o Presencia/100mL)": "Presencia", "E. Coli (Ausencia o Presencia/100mL)": "ND", "Arsenico (mg/L)": "0", "Bario (mg/L)": "0", "Cadmio (mg/L)": "0", "Cobre (mg/L)": "0.79", "Hierro (mg/L)": "0.04", "Manganeso (mg/L)": "0.1", "Plomo (mg/L)": "0", "Zinc (mg/L)": "0.02", "Cianuros (mg/L)": "0.001", "Cloro Residual (mg/L)": "0", "Cloruros (mg/L)": "14.2", "Dureza Total (mg/L)": "150.11", "Fluoruros (mg/L)": "0.79", "Nitratos (mg/L)": "5.8", "Nitritos (mg/L)": "0.002", "Ph": "7.09", "SDT (mg/L)": "253", "Sulfatos (mg/L)": "12", "Cloro Total (mg/L)": "0.1", "Conductividad (muS/cm)": "435", "Temperatura (°C)": "23.2", "ID": "Apan_Apan_Pozo No. 4 Espejel" }, "geometry": { "type": "Point", "coordinates": [ -98.45622466952517, 19.713166113490495 ] } },
{ "type": "Feature", "properties": { "CVEGEO_LOC": "130080001", "AÑO": 2017.0, "NOM_MUN": "Apan", "NOM_LOC": "Apan", "Fuente de abastecimiento": "Pozo No.3", "Coliformes Totales (Ausencia o Presencia/100mL)": "ND", "E. Coli (Ausencia o Presencia/100mL)": "ND", "Arsenico (mg/L)": "0.14", "Bario (mg/L)": "0.01", "Cadmio (mg/L)": null, "Cobre (mg/L)": "0.01", "Hierro (mg/L)": "0.02", "Manganeso (mg/L)": "0.1", "Plomo (mg/L)": "0", "Zinc (mg/L)": "0.01", "Cianuros (mg/L)": null, "Cloro Residual (mg/L)": null, "Cloruros (mg/L)": null, "Dureza Total (mg/L)": null, "Fluoruros (mg/L)": null, "Nitratos (mg/L)": null, "Nitritos (mg/L)": null, "Ph": null, "SDT (mg/L)": null, "Sulfatos (mg/L)": null, "Cloro Total (mg/L)": null, "Conductividad (muS/cm)": null, "Temperatura (°C)": null, "ID": "Apan_Apan_Pozo No.3" }, "geometry": { "type": "Point", "coordinates": [ -98.452999660280085, 19.714245483282106 ] } },
{ "type": "Feature", "properties": { "CVEGEO_LOC": "130080002", "AÑO": 2020.0, "NOM_MUN": "Apan", "NOM_LOC": "Acopinalco", "Fuente de abastecimiento": "1er Aforo", "Coliformes Totales (Ausencia o Presencia/100mL)": "Presencia", "E. Coli (Ausencia o Presencia/100mL)": "ND", "Arsenico (mg/L)": "0", "Bario (mg/L)": "0", "Cadmio (mg/L)": "0", "Cobre (mg/L)": "0.95", "Hierro (mg/L)": "0.03", "Manganeso (mg/L)": "0", "Plomo (mg/L)": "0", "Zinc (mg/L)": "0.02", "Cianuros (mg/L)": "0", "Cloro Residual (mg/L)": "0", "Cloruros (mg/L)": "27.5", "Dureza Total (mg/L)": "104.44", "Fluoruros (mg/L)": "0.55", "Nitratos (mg/L)": "0.7", "Nitritos (mg/L)": "0.023", "Ph": "7.04", "SDT (mg/L)": "196.8", "Sulfatos (mg/L)": "11", "Cloro Total (mg/L)": "0", "Conductividad (muS/cm)": "453", "Temperatura (°C)": "24.7", "ID": "Apan_Acopinalco_1er Aforo" }, "geometry": { "type": "Point", "coordinates": [ -98.533481662207663, 19.699910063140763 ] } },
{ "type": "Feature", "properties": { "CVEGEO_LOC": "130080016", "AÑO": 2013.0, "NOM_MUN": "Apan", "NOM_LOC": "Santa Cruz", "Fuente de abastecimiento": "Noria Tlamaco", "Coliformes Totales (Ausencia o Presencia/100mL)": "Ausencia", "E. Coli (Ausencia o Presencia/100mL)": "Presencia", "Arsenico (mg/L)": "0", "Bario (mg/L)": "0", "Cadmio (mg/L)": null, "Cobre (mg/L)": "0.11", "Hierro (mg/L)": "0.02", "Manganeso (mg/L)": "0.7", "Plomo (mg/L)": "0", "Zinc (mg/L)": "0", "Cianuros (mg/L)": "0.004", "Cloro Residual (mg/L)": "0.02", "Cloruros (mg/L)": "6.4", "Dureza Total (mg/L)": "0", "Fluoruros (mg/L)": "0.28", "Nitratos (mg/L)": "3.6", "Nitritos (mg/L)": "0.115", "Ph": "7.25", "SDT (mg/L)": "205", "Sulfatos (mg/L)": "33", "Cloro Total (mg/L)": "0.06", "Conductividad (muS/cm)": "424", "Temperatura (°C)": "17.9", "ID": "Apan_Santa Cruz_Noria Tlamaco" }, "geometry": { "type": "Point", "coordinates": [ -98.394923902001295, 19.8119924009819 ] } },
{ "type": "Feature", "properties": { "CVEGEO_LOC": "130080016", "AÑO": 2014.0, "NOM_MUN": "Apan", "NOM_LOC": "Santa Cruz", "Fuente de abastecimiento": "Planta Potabilizadora", "Coliformes Totales (Ausencia o Presencia/100mL)": "Ausencia", "E. Coli (Ausencia o Presencia/100mL)": "Ausencia", "Arsenico (mg/L)": "0", "Bario (mg/L)": "0", "Cadmio (mg/L)": null, "Cobre (mg/L)": "0.01", "Hierro (mg/L)": "0.04", "Manganeso (mg/L)": "0.5", "Plomo (mg/L)": "0.016", "Zinc (mg/L)": "0", "Cianuros (mg/L)": "0.004", "Cloro Residual (mg/L)": "0.28", "Cloruros (mg/L)": "4.6", "Dureza Total (mg/L)": "0", "Fluoruros (mg/L)": "0", "Nitratos (mg/L)": "0.9", "Nitritos (mg/L)": "0.002", "Ph": "6.8", "SDT (mg/L)": "203", "Sulfatos (mg/L)": "37", "Cloro Total (mg/L)": "0.42", "Conductividad (muS/cm)": "421", "Temperatura (°C)": "19.3", "ID": "Apan_Santa Cruz_Planta Potabilizadora" }, "geometry": { "type": "Point", "coordinates": [ -98.396243346544708, 19.810986458365377 ] } },
{ "type": "Feature", "properties": { "CVEGEO_LOC": "130080016", "AÑO": 2014.0, "NOM_MUN": "Apan", "NOM_LOC": "Santa Cruz", "Fuente de abastecimiento": "Planta Potabilizadora", "Coliformes Totales (Ausencia o Presencia/100mL)": "Presencia", "E. Coli (Ausencia o Presencia/100mL)": "Ausencia", "Arsenico (mg/L)": "0", "Bario (mg/L)": "0", "Cadmio (mg/L)": null, "Cobre (mg/L)": "0.02", "Hierro (mg/L)": "0.03", "Manganeso (mg/L)": "0.5", "Plomo (mg/L)": "0.001", "Zinc (mg/L)": "0.03", "Cianuros (mg/L)": "0.005", "Cloro Residual (mg/L)": "1", "Cloruros (mg/L)": "7.2", "Dureza Total (mg/L)": "177.77", "Fluoruros (mg/L)": "0.44", "Nitratos (mg/L)": "0.9", "Nitritos (mg/L)": "0.014", "Ph": "6.85", "SDT (mg/L)": "225", "Sulfatos (mg/L)": "29", "Cloro Total (mg/L)": "2", "Conductividad (muS/cm)": "450", "Temperatura (°C)": "19.3", "ID": "Apan_Santa Cruz_Planta Potabilizadora" }, "geometry": { "type": "Point", "coordinates": [ -98.396243346544708, 19.810986458365377 ] } },
{ "type": "Feature", "properties": { "CVEGEO_LOC": "130080016", "AÑO": 2017.0, "NOM_MUN": "Apan", "NOM_LOC": "Santa Cruz", "Fuente de abastecimiento": "Pozo anta Cruz", "Coliformes Totales (Ausencia o Presencia/100mL)": "ND", "E. Coli (Ausencia o Presencia/100mL)": "ND", "Arsenico (mg/L)": "0", "Bario (mg/L)": "0.03", "Cadmio (mg/L)": null, "Cobre (mg/L)": "0.49", "Hierro (mg/L)": "0.06", "Manganeso (mg/L)": "0.1", "Plomo (mg/L)": "0", "Zinc (mg/L)": "0.03", "Cianuros (mg/L)": null, "Cloro Residual (mg/L)": null, "Cloruros (mg/L)": null, "Dureza Total (mg/L)": null, "Fluoruros (mg/L)": null, "Nitratos (mg/L)": null, "Nitritos (mg/L)": null, "Ph": null, "SDT (mg/L)": null, "Sulfatos (mg/L)": null, "Cloro Total (mg/L)": null, "Conductividad (muS/cm)": null, "Temperatura (°C)": null, "ID": "Apan_Santa Cruz_Pozo anta Cruz" }, "geometry": { "type": "Point", "coordinates": [ -98.395276736204792, 19.813536204467859 ] } },
{ "type": "Feature", "properties": { "CVEGEO_LOC": "130080016", "AÑO": 2013.0, "NOM_MUN": "Apan", "NOM_LOC": "Santa Cruz", "Fuente de abastecimiento": "Pozo Tlamaco", "Coliformes Totales (Ausencia o Presencia/100mL)": "Presencia", "E. Coli (Ausencia o Presencia/100mL)": "Presencia", "Arsenico (mg/L)": "0.006", "Bario (mg/L)": "0.1", "Cadmio (mg/L)": null, "Cobre (mg/L)": "0.19", "Hierro (mg/L)": "0.3", "Manganeso (mg/L)": "2.3", "Plomo (mg/L)": "0.019", "Zinc (mg/L)": "0.54", "Cianuros (mg/L)": "0.015", "Cloro Residual (mg/L)": "0.02", "Cloruros (mg/L)": "8.4", "Dureza Total (mg/L)": "176.4", "Fluoruros (mg/L)": "0.51", "Nitratos (mg/L)": "5.33", "Nitritos (mg/L)": "0.116", "Ph": "7.11", "SDT (mg/L)": "157.6", "Sulfatos (mg/L)": "51.1", "Cloro Total (mg/L)": "0.03", "Conductividad (muS/cm)": "450.01", "Temperatura (°C)": "21.7", "ID": "Apan_Santa Cruz_Pozo Tlamaco" }, "geometry": { "type": "Point", "coordinates": [ -98.396881974637012, 19.812624391392799 ] } },
{ "type": "Feature", "properties": { "CVEGEO_LOC": "1300800170010800", "AÑO": 2017.0, "NOM_MUN": "Apan", "NOM_LOC": "El Tezoyo", "Fuente de abastecimiento": "Pozo el Tezoyo", "Coliformes Totales (Ausencia o Presencia/100mL)": "ND", "E. Coli (Ausencia o Presencia/100mL)": "ND", "Arsenico (mg/L)": "0", "Bario (mg/L)": "0.01", "Cadmio (mg/L)": null, "Cobre (mg/L)": "0.08", "Hierro (mg/L)": "0.06", "Manganeso (mg/L)": "0.1", "Plomo (mg/L)": "0", "Zinc (mg/L)": "0", "Cianuros (mg/L)": null, "Cloro Residual (mg/L)": null, "Cloruros (mg/L)": null, "Dureza Total (mg/L)": null, "Fluoruros (mg/L)": null, "Nitratos (mg/L)": null, "Nitritos (mg/L)": null, "Ph": null, "SDT (mg/L)": null, "Sulfatos (mg/L)": null, "Cloro Total (mg/L)": null, "Conductividad (muS/cm)": null, "Temperatura (°C)": null, "ID": "Apan_El Tezoyo_Pozo el Tezoyo" }, "geometry": { "type": "Point", "coordinates": [ -98.313509294593104, 19.8420728640919 ] } },
{ "type": "Feature", "properties": { "CVEGEO_LOC": "130080019", "AÑO": 2015.0, "NOM_MUN": "Apan", "NOM_LOC": "Los Voladores", "Fuente de abastecimiento": "Pozo Los Voladores", "Coliformes Totales (Ausencia o Presencia/100mL)": "Presencia", "E. Coli (Ausencia o Presencia/100mL)": "Ausencia", "Arsenico (mg/L)": "0", "Bario (mg/L)": "0", "Cadmio (mg/L)": null, "Cobre (mg/L)": "0.67", "Hierro (mg/L)": "0", "Manganeso (mg/L)": "0", "Plomo (mg/L)": "0", "Zinc (mg/L)": "0.02", "Cianuros (mg/L)": "0", "Cloro Residual (mg/L)": "0.2", "Cloruros (mg/L)": "11.5", "Dureza Total (mg/L)": "131.1", "Fluoruros (mg/L)": "0.49", "Nitratos (mg/L)": "1.8", "Nitritos (mg/L)": "0.001", "Ph": "7.43", "SDT (mg/L)": "186.8", "Sulfatos (mg/L)": "6", "Cloro Total (mg/L)": "0.1", "Conductividad (muS/cm)": "387", "Temperatura (°C)": "26.7", "ID": "Apan_Los Voladores_Pozo Los Voladores" }, "geometry": { "type": "Point", "coordinates": [ -98.49479509180523, 19.680893793459084 ] } },
{ "type": "Feature", "properties": { "CVEGEO_LOC": "130090002", "AÑO": 2014.0, "NOM_MUN": "El Arenal", "NOM_LOC": "El Bocja", "Fuente de abastecimiento": "Pozo Bocja", "Coliformes Totales (Ausencia o Presencia/100mL)": "Presencia", "E. Coli (Ausencia o Presencia/100mL)": "Ausencia", "Arsenico (mg/L)": "0", "Bario (mg/L)": "0", "Cadmio (mg/L)": null, "Cobre (mg/L)": "0.33", "Hierro (mg/L)": "0.01", "Manganeso (mg/L)": "0.01", "Plomo (mg/L)": "0", "Zinc (mg/L)": "0.07", "Cianuros (mg/L)": "0.004", "Cloro Residual (mg/L)": "0", "Cloruros (mg/L)": "181.3", "Dureza Total (mg/L)": "426.66", "Fluoruros (mg/L)": "0", "Nitratos (mg/L)": "1.1", "Nitritos (mg/L)": "0.004", "Ph": "7.26", "SDT (mg/L)": "969", "Sulfatos (mg/L)": "119", "Cloro Total (mg/L)": "0", "Conductividad (muS/cm)": "1071", "Temperatura (°C)": "23.8", "ID": "El Arenal_El Bocja_Pozo Bocja" }, "geometry": { "type": "Point", "coordinates": [ -98.92140048092223, 20.208348360969953 ] } },
{ "type": "Feature", "properties": { "CVEGEO_LOC": "130090002", "AÑO": 2016.0, "NOM_MUN": "El Arenal", "NOM_LOC": "El Bocja", "Fuente de abastecimiento": "Pozo Bocja", "Coliformes Totales (Ausencia o Presencia/100mL)": "Presencia", "E. Coli (Ausencia o Presencia/100mL)": "Ausencia", "Arsenico (mg/L)": "0", "Bario (mg/L)": "0", "Cadmio (mg/L)": "ND", "Cobre (mg/L)": "0.09", "Hierro (mg/L)": "0.02", "Manganeso (mg/L)": "0", "Plomo (mg/L)": "0", "Zinc (mg/L)": "0.06", "Cianuros (mg/L)": "1", "Cloro Residual (mg/L)": "0.23", "Cloruros (mg/L)": "130.9", "Dureza Total (mg/L)": "333.33", "Fluoruros (mg/L)": "0.72", "Nitratos (mg/L)": "45718", "Nitritos (mg/L)": "5", "Ph": "7.45", "SDT (mg/L)": "389", "Sulfatos (mg/L)": "117", "Cloro Total (mg/L)": "0.31", "Conductividad (muS/cm)": "2003", "Temperatura (°C)": "45926", "ID": "El Arenal_El Bocja_Pozo Bocja" }, "geometry": { "type": "Point", "coordinates": [ -98.92140048092223, 20.208348360969953 ] } },
{ "type": "Feature", "properties": { "CVEGEO_LOC": "130090002", "AÑO": 2015.0, "NOM_MUN": "El Arenal", "NOM_LOC": "El Bocja", "Fuente de abastecimiento": "Pozo Bocja Chimalpa", "Coliformes Totales (Ausencia o Presencia/100mL)": "Presencia", "E. Coli (Ausencia o Presencia/100mL)": "Ausencia", "Arsenico (mg/L)": "0", "Bario (mg/L)": "0", "Cadmio (mg/L)": null, "Cobre (mg/L)": "0.13", "Hierro (mg/L)": "0.06", "Manganeso (mg/L)": "0", "Plomo (mg/L)": "0", "Zinc (mg/L)": "0.02", "Cianuros (mg/L)": "0.002", "Cloro Residual (mg/L)": "0", "Cloruros (mg/L)": "16.5", "Dureza Total (mg/L)": "165.66", "Fluoruros (mg/L)": "0.25", "Nitratos (mg/L)": "2.1", "Nitritos (mg/L)": "0.006", "Ph": "7.54", "SDT (mg/L)": "989", "Sulfatos (mg/L)": "116", "Cloro Total (mg/L)": "0", "Conductividad (muS/cm)": "2.05", "Temperatura (°C)": "25.9", "ID": "El Arenal_El Bocja_Pozo Bocja Chimalpa" }, "geometry": { "type": "Point", "coordinates": [ -98.924626318416585, 20.220298235306569 ] } },
{ "type": "Feature", "properties": { "CVEGEO_LOC": "1300900020018800", "AÑO": 2013.0, "NOM_MUN": "El Arenal", "NOM_LOC": "El Bocja", "Fuente de abastecimiento": "Manantial \"Las Granillas\"", "Coliformes Totales (Ausencia o Presencia/100mL)": "Presencia", "E. Coli (Ausencia o Presencia/100mL)": "Ausencia", "Arsenico (mg/L)": "0", "Bario (mg/L)": "0", "Cadmio (mg/L)": null, "Cobre (mg/L)": "0.01", "Hierro (mg/L)": "0.01", "Manganeso (mg/L)": "0.01", "Plomo (mg/L)": "0.001", "Zinc (mg/L)": "0.1", "Cianuros (mg/L)": "0.005", "Cloro Residual (mg/L)": "0", "Cloruros (mg/L)": "80.4", "Dureza Total (mg/L)": "45.5", "Fluoruros (mg/L)": "1.3", "Nitratos (mg/L)": "1", "Nitritos (mg/L)": "0.01", "Ph": "7.73", "SDT (mg/L)": "936", "Sulfatos (mg/L)": "80.5", "Cloro Total (mg/L)": "0", "Conductividad (muS/cm)": "1056", "Temperatura (°C)": "24.6", "ID": "El Arenal_El Bocja_Manantial \"Las Granillas\"" }, "geometry": { "type": "Point", "coordinates": [ -98.916908760072346, 20.21231178078574 ] } },
{ "type": "Feature", "properties": { "CVEGEO_LOC": "1300900030018800", "AÑO": 2012.0, "NOM_MUN": "El Arenal", "NOM_LOC": "Chimilpa", "Fuente de abastecimiento": "Pozo Bocja Chimalpa", "Coliformes Totales (Ausencia o Presencia/100mL)": "Presencia", "E. Coli (Ausencia o Presencia/100mL)": "Ausencia", "Arsenico (mg/L)": "0.001", "Bario (mg/L)": null, "Cadmio (mg/L)": null, "Cobre (mg/L)": "0.595", "Hierro (mg/L)": "0.024", "Manganeso (mg/L)": "0.2", "Plomo (mg/L)": "0", "Zinc (mg/L)": "0.011", "Cianuros (mg/L)": "0.003", "Cloro Residual (mg/L)": "0", "Cloruros (mg/L)": "411.5", "Dureza Total (mg/L)": "444.44", "Fluoruros (mg/L)": "0.2", "Nitratos (mg/L)": "0.8", "Nitritos (mg/L)": "0", "Ph": "7.68", "SDT (mg/L)": "85.3", "Sulfatos (mg/L)": "310", "Cloro Total (mg/L)": "0.02", "Conductividad (muS/cm)": "1083", "Temperatura (°C)": "27.1", "ID": "El Arenal_Chimilpa_Pozo Bocja Chimalpa" }, "geometry": { "type": "Point", "coordinates": [ -98.939802358599906, 20.203990638804065 ] } },
{ "type": "Feature", "properties": { "CVEGEO_LOC": "130090004", "AÑO": 2017.0, "NOM_MUN": "El Arenal", "NOM_LOC": "Fray Francisco", "Fuente de abastecimiento": "Manantial la Fuente", "Coliformes Totales (Ausencia o Presencia/100mL)": "ND", "E. Coli (Ausencia o Presencia/100mL)": "ND", "Arsenico (mg/L)": "0", "Bario (mg/L)": "0", "Cadmio (mg/L)": null, "Cobre (mg/L)": "0.02", "Hierro (mg/L)": "0", "Manganeso (mg/L)": "0", "Plomo (mg/L)": "0", "Zinc (mg/L)": "0.02", "Cianuros (mg/L)": null, "Cloro Residual (mg/L)": null, "Cloruros (mg/L)": null, "Dureza Total (mg/L)": null, "Fluoruros (mg/L)": null, "Nitratos (mg/L)": null, "Nitritos (mg/L)": null, "Ph": null, "SDT (mg/L)": null, "Sulfatos (mg/L)": null, "Cloro Total (mg/L)": null, "Conductividad (muS/cm)": null, "Temperatura (°C)": null, "ID": "El Arenal_Fray Francisco_Manantial la Fuente" }, "geometry": { "type": "Point", "coordinates": [ -98.870257237121734, 20.257071681653088 ] } },
{ "type": "Feature", "properties": { "CVEGEO_LOC": "130090005", "AÑO": 2012.0, "NOM_MUN": "El Arenal", "NOM_LOC": "El Jiadi", "Fuente de abastecimiento": "Pozo Solidaridad", "Coliformes Totales (Ausencia o Presencia/100mL)": "Presencia", "E. Coli (Ausencia o Presencia/100mL)": "Ausencia", "Arsenico (mg/L)": "0", "Bario (mg/L)": "ND", "Cadmio (mg/L)": "ND", "Cobre (mg/L)": "691", "Hierro (mg/L)": "59", "Manganeso (mg/L)": "0.2", "Plomo (mg/L)": "0", "Zinc (mg/L)": "0.02", "Cianuros (mg/L)": "0.01", "Cloro Residual (mg/L)": "0.03", "Cloruros (mg/L)": "193.5", "Dureza Total (mg/L)": "3177746", "Fluoruros (mg/L)": "0", "Nitratos (mg/L)": "0.5", "Nitritos (mg/L)": "26", "Ph": "6.98", "SDT (mg/L)": "517", "Sulfatos (mg/L)": "125", "Cloro Total (mg/L)": "0.03", "Conductividad (muS/cm)": "1021", "Temperatura (°C)": "45895", "ID": "El Arenal_El Jiadi_Pozo Solidaridad" }, "geometry": { "type": "Point", "coordinates": [ -98.926200667639563, 20.246675890240986 ] } },
{ "type": "Feature", "properties": { "CVEGEO_LOC": "130090008", "AÑO": 2017.0, "NOM_MUN": "El Arenal", "NOM_LOC": "El Rincón", "Fuente de abastecimiento": "Escurrideros", "Coliformes Totales (Ausencia o Presencia/100mL)": "Presencia", "E. Coli (Ausencia o Presencia/100mL)": "Presencia", "Arsenico (mg/L)": null, "Bario (mg/L)": "0", "Cadmio (mg/L)": null, "Cobre (mg/L)": null, "Hierro (mg/L)": null, "Manganeso (mg/L)": "0", "Plomo (mg/L)": "0.002", "Zinc (mg/L)": "0.06", "Cianuros (mg/L)": "0.06", "Cloro Residual (mg/L)": "0.04", "Cloruros (mg/L)": null, "Dureza Total (mg/L)": "273.33", "Fluoruros (mg/L)": "0.45", "Nitratos (mg/L)": "5.7", "Nitritos (mg/L)": "0.008", "Ph": "7.12", "SDT (mg/L)": "134.6", "Sulfatos (mg/L)": "56", "Cloro Total (mg/L)": "0", "Conductividad (muS/cm)": null, "Temperatura (°C)": null, "ID": "El Arenal_El Rincón_Escurrideros" }, "geometry": { "type": "Point", "coordinates": [ -98.906493401134, 20.271797834127298 ] } },
{ "type": "Feature", "properties": { "CVEGEO_LOC": "130090009", "AÑO": 2016.0, "NOM_MUN": "El Arenal", "NOM_LOC": "San Jerónimo", "Fuente de abastecimiento": "Captación El Llano", "Coliformes Totales (Ausencia o Presencia/100mL)": "Presencia", "E. Coli (Ausencia o Presencia/100mL)": "Ausencia", "Arsenico (mg/L)": "0", "Bario (mg/L)": "0", "Cadmio (mg/L)": "ND", "Cobre (mg/L)": "45748", "Hierro (mg/L)": "0.04", "Manganeso (mg/L)": "0", "Plomo (mg/L)": "0", "Zinc (mg/L)": "0.09", "Cianuros (mg/L)": "0", "Cloro Residual (mg/L)": "0.04", "Cloruros (mg/L)": "45779", "Dureza Total (mg/L)": "104.44", "Fluoruros (mg/L)": "0.54", "Nitratos (mg/L)": "0.6", "Nitritos (mg/L)": "4", "Ph": "45907", "SDT (mg/L)": "1053", "Sulfatos (mg/L)": "2", "Cloro Total (mg/L)": "0.03", "Conductividad (muS/cm)": "79.7", "Temperatura (°C)": "45915", "ID": "El Arenal_San Jerónimo_Captación El Llano" }, "geometry": { "type": "Point", "coordinates": [ -98.849420447150266, 20.229389013979542 ] } },
{ "type": "Feature", "properties": { "CVEGEO_LOC": "130090012", "AÑO": 2013.0, "NOM_MUN": "El Arenal", "NOM_LOC": "20 de Noviembre [Colonia]", "Fuente de abastecimiento": "Manantial \"La Lámpara\"", "Coliformes Totales (Ausencia o Presencia/100mL)": "Presencia", "E. Coli (Ausencia o Presencia/100mL)": "Ausencia", "Arsenico (mg/L)": "0", "Bario (mg/L)": "0", "Cadmio (mg/L)": null, "Cobre (mg/L)": "0.5", "Hierro (mg/L)": "0.03", "Manganeso (mg/L)": "0", "Plomo (mg/L)": "0", "Zinc (mg/L)": "0.02", "Cianuros (mg/L)": "0.02", "Cloro Residual (mg/L)": "0.07", "Cloruros (mg/L)": "175.1", "Dureza Total (mg/L)": "211.11", "Fluoruros (mg/L)": "0", "Nitratos (mg/L)": "0.06", "Nitritos (mg/L)": "0", "Ph": "7.29", "SDT (mg/L)": "545", "Sulfatos (mg/L)": "130", "Cloro Total (mg/L)": "0", "Conductividad (muS/cm)": "934", "Temperatura (°C)": "26.3", "ID": "El Arenal_20 de Noviembre [Colonia]_Manantial \"La Lámpara\"" }, "geometry": { "type": "Point", "coordinates": [ -98.92703117697917, 20.238873485805975 ] } },
{ "type": "Feature", "properties": { "CVEGEO_LOC": "130090012", "AÑO": 2014.0, "NOM_MUN": "El Arenal", "NOM_LOC": "20 de Noviembre [Colonia]", "Fuente de abastecimiento": "Pozo La 20", "Coliformes Totales (Ausencia o Presencia/100mL)": "Presencia", "E. Coli (Ausencia o Presencia/100mL)": "Ausencia", "Arsenico (mg/L)": "0", "Bario (mg/L)": "0", "Cadmio (mg/L)": null, "Cobre (mg/L)": "0.37", "Hierro (mg/L)": "0", "Manganeso (mg/L)": "0", "Plomo (mg/L)": "0", "Zinc (mg/L)": "0.02", "Cianuros (mg/L)": "0.005", "Cloro Residual (mg/L)": "0", "Cloruros (mg/L)": "79.1", "Dureza Total (mg/L)": "313.33", "Fluoruros (mg/L)": "0", "Nitratos (mg/L)": "2.1", "Nitritos (mg/L)": "0.004", "Ph": "6.97", "SDT (mg/L)": "475", "Sulfatos (mg/L)": "63", "Cloro Total (mg/L)": "0.01", "Conductividad (muS/cm)": "968", "Temperatura (°C)": "27.1", "ID": "El Arenal_20 de Noviembre [Colonia]_Pozo La 20" }, "geometry": { "type": "Point", "coordinates": [ -98.930260651609387, 20.238357133972706 ] } },
{ "type": "Feature", "properties": { "CVEGEO_LOC": "130090012", "AÑO": 2015.0, "NOM_MUN": "El Arenal", "NOM_LOC": "20 de Noviembre [Colonia]", "Fuente de abastecimiento": "Pozo Solidaridad", "Coliformes Totales (Ausencia o Presencia/100mL)": "Presencia", "E. Coli (Ausencia o Presencia/100mL)": "Ausencia", "Arsenico (mg/L)": "0", "Bario (mg/L)": "0", "Cadmio (mg/L)": null, "Cobre (mg/L)": "0.14", "Hierro (mg/L)": "0.02", "Manganeso (mg/L)": "0", "Plomo (mg/L)": "0", "Zinc (mg/L)": "0.005", "Cianuros (mg/L)": "0.002", "Cloro Residual (mg/L)": "0", "Cloruros (mg/L)": "20", "Dureza Total (mg/L)": "234.15", "Fluoruros (mg/L)": "0", "Nitratos (mg/L)": "1.7", "Nitritos (mg/L)": "0.006", "Ph": "7.14", "SDT (mg/L)": "504", "Sulfatos (mg/L)": "65", "Cloro Total (mg/L)": "0", "Conductividad (muS/cm)": "1003", "Temperatura (°C)": "22.7", "ID": "El Arenal_20 de Noviembre [Colonia]_Pozo Solidaridad" }, "geometry": { "type": "Point", "coordinates": [ -98.930089261795786, 20.240618317982058 ] } },
{ "type": "Feature", "properties": { "CVEGEO_LOC": "130100001", "AÑO": 2013.0, "NOM_MUN": "Atitalaquia", "NOM_LOC": "Atitalaquia", "Fuente de abastecimiento": "Pozo 18 de Marzo", "Coliformes Totales (Ausencia o Presencia/100mL)": "Presencia", "E. Coli (Ausencia o Presencia/100mL)": "Ausencia", "Arsenico (mg/L)": "0.02", "Bario (mg/L)": "0.01", "Cadmio (mg/L)": null, "Cobre (mg/L)": "0.57", "Hierro (mg/L)": "0", "Manganeso (mg/L)": "0.2", "Plomo (mg/L)": "0.01", "Zinc (mg/L)": "0.01", "Cianuros (mg/L)": "0.013", "Cloro Residual (mg/L)": "1", "Cloruros (mg/L)": "23.2", "Dureza Total (mg/L)": "299.99", "Fluoruros (mg/L)": "0.81", "Nitratos (mg/L)": "3", "Nitritos (mg/L)": "0", "Ph": "7.42", "SDT (mg/L)": "989", "Sulfatos (mg/L)": "380", "Cloro Total (mg/L)": "0", "Conductividad (muS/cm)": "1970", "Temperatura (°C)": "24.7", "ID": "Atitalaquia_Atitalaquia_Pozo 18 de Marzo" }, "geometry": { "type": "Point", "coordinates": [ -99.216871069842654, 20.056902147772689 ] } },
{ "type": "Feature", "properties": { "CVEGEO_LOC": "130100001", "AÑO": 2017.0, "NOM_MUN": "Atitalaquia", "NOM_LOC": "Atitalaquia", "Fuente de abastecimiento": "Pozo Dendho", "Coliformes Totales (Ausencia o Presencia/100mL)": "Ausencia", "E. Coli (Ausencia o Presencia/100mL)": "Ausencia", "Arsenico (mg/L)": "0", "Bario (mg/L)": "0", "Cadmio (mg/L)": null, "Cobre (mg/L)": "0", "Hierro (mg/L)": "1.2", "Manganeso (mg/L)": "0", "Plomo (mg/L)": "0", "Zinc (mg/L)": "0", "Cianuros (mg/L)": "0", "Cloro Residual (mg/L)": "0.1", "Cloruros (mg/L)": "10", "Dureza Total (mg/L)": "159.99", "Fluoruros (mg/L)": "0.6", "Nitratos (mg/L)": "1.2", "Nitritos (mg/L)": "0.001", "Ph": "7.9", "SDT (mg/L)": "126", "Sulfatos (mg/L)": null, "Cloro Total (mg/L)": "0", "Conductividad (muS/cm)": "329", "Temperatura (°C)": "22.9", "ID": "Atitalaquia_Atitalaquia_Pozo Dendho" }, "geometry": { "type": "Point", "coordinates": [ -99.213637696799708, 20.050697471747682 ] } },
{ "type": "Feature", "properties": { "CVEGEO_LOC": "130100001", "AÑO": 2013.0, "NOM_MUN": "Atitalaquia", "NOM_LOC": "Atitalaquia", "Fuente de abastecimiento": "Pozo El Cardenal", "Coliformes Totales (Ausencia o Presencia/100mL)": "Presencia", "E. Coli (Ausencia o Presencia/100mL)": "Ausencia", "Arsenico (mg/L)": "0.01", "Bario (mg/L)": "0", "Cadmio (mg/L)": null, "Cobre (mg/L)": "0", "Hierro (mg/L)": "0", "Manganeso (mg/L)": "0", "Plomo (mg/L)": "0", "Zinc (mg/L)": "0.03", "Cianuros (mg/L)": "0.008", "Cloro Residual (mg/L)": "0", "Cloruros (mg/L)": "36.6", "Dureza Total (mg/L)": "255.55", "Fluoruros (mg/L)": "0.7", "Nitratos (mg/L)": "0.2", "Nitritos (mg/L)": "0", "Ph": "7.43", "SDT (mg/L)": "649", "Sulfatos (mg/L)": "380", "Cloro Total (mg/L)": "0.4", "Conductividad (muS/cm)": "1312", "Temperatura (°C)": "30.5", "ID": "Atitalaquia_Atitalaquia_Pozo El Cardenal" }, "geometry": { "type": "Point", "coordinates": [ -99.212361794361755, 20.043852322438937 ] } },
{ "type": "Feature", "properties": { "CVEGEO_LOC": "130100001", "AÑO": 2019.0, "NOM_MUN": "Atitalaquia", "NOM_LOC": "Atitalaquia", "Fuente de abastecimiento": "Pozo el Tablon", "Coliformes Totales (Ausencia o Presencia/100mL)": "Presencia", "E. Coli (Ausencia o Presencia/100mL)": "Ausencia", "Arsenico (mg/L)": "0.039", "Bario (mg/L)": "0.1", "Cadmio (mg/L)": "0", "Cobre (mg/L)": "1.7", "Hierro (mg/L)": "0.2", "Manganeso (mg/L)": "0.16", "Plomo (mg/L)": "0", "Zinc (mg/L)": "0.3", "Cianuros (mg/L)": "0.03", "Cloro Residual (mg/L)": "0.32", "Cloruros (mg/L)": "275", "Dureza Total (mg/L)": "175.55", "Fluoruros (mg/L)": "1.3", "Nitratos (mg/L)": "0.9", "Nitritos (mg/L)": "0.001", "Ph": "6.78", "SDT (mg/L)": "978", "Sulfatos (mg/L)": "470", "Cloro Total (mg/L)": "0.03", "Conductividad (muS/cm)": "1704", "Temperatura (°C)": "21.4", "ID": "Atitalaquia_Atitalaquia_Pozo el Tablon" }, "geometry": { "type": "Point", "coordinates": [ -99.221042607707574, 20.05690071626011 ] } },
{ "type": "Feature", "properties": { "CVEGEO_LOC": "130100001", "AÑO": 2013.0, "NOM_MUN": "Atitalaquia", "NOM_LOC": "Atitalaquia", "Fuente de abastecimiento": "Pozo Parque Pituza", "Coliformes Totales (Ausencia o Presencia/100mL)": "Presencia", "E. Coli (Ausencia o Presencia/100mL)": "Ausencia", "Arsenico (mg/L)": "0.02", "Bario (mg/L)": "0", "Cadmio (mg/L)": null, "Cobre (mg/L)": "0.07", "Hierro (mg/L)": "0.02", "Manganeso (mg/L)": "0", "Plomo (mg/L)": "0", "Zinc (mg/L)": "0.02", "Cianuros (mg/L)": "0.036", "Cloro Residual (mg/L)": "0.5", "Cloruros (mg/L)": "29.9", "Dureza Total (mg/L)": "306.66", "Fluoruros (mg/L)": "1.48", "Nitratos (mg/L)": "2.6", "Nitritos (mg/L)": "0", "Ph": "7.37", "SDT (mg/L)": "301", "Sulfatos (mg/L)": "400", "Cloro Total (mg/L)": "0.5", "Conductividad (muS/cm)": "2.56", "Temperatura (°C)": "24.5", "ID": "Atitalaquia_Atitalaquia_Pozo Parque Pituza" }, "geometry": { "type": "Point", "coordinates": [ -99.217897429294865, 20.04772105925904 ] } },
{ "type": "Feature", "properties": { "CVEGEO_LOC": "130100001", "AÑO": 2013.0, "NOM_MUN": "Atitalaquia", "NOM_LOC": "Atitalaquia", "Fuente de abastecimiento": "Pozo Tezoquipa", "Coliformes Totales (Ausencia o Presencia/100mL)": "Presencia", "E. Coli (Ausencia o Presencia/100mL)": "Ausencia", "Arsenico (mg/L)": "0.03", "Bario (mg/L)": "0.01", "Cadmio (mg/L)": null, "Cobre (mg/L)": "0", "Hierro (mg/L)": "0", "Manganeso (mg/L)": "0.2", "Plomo (mg/L)": "0.01", "Zinc (mg/L)": "0.08", "Cianuros (mg/L)": "0.006", "Cloro Residual (mg/L)": "0", "Cloruros (mg/L)": "33.4", "Dureza Total (mg/L)": "266.66", "Fluoruros (mg/L)": "1.45", "Nitratos (mg/L)": "3.2", "Nitritos (mg/L)": "0", "Ph": "7.45", "SDT (mg/L)": "958", "Sulfatos (mg/L)": "400", "Cloro Total (mg/L)": "0", "Conductividad (muS/cm)": "1911", "Temperatura (°C)": "25.9", "ID": "Atitalaquia_Atitalaquia_Pozo Tezoquipa" }, "geometry": { "type": "Point", "coordinates": [ -99.221816998672011, 20.049042021295946 ] } },
{ "type": "Feature", "properties": { "CVEGEO_LOC": "130100002", "AÑO": 2013.0, "NOM_MUN": "Atitalaquia", "NOM_LOC": "Cardonal", "Fuente de abastecimiento": "Cárcamo Atlapexco", "Coliformes Totales (Ausencia o Presencia/100mL)": "Presencia", "E. Coli (Ausencia o Presencia/100mL)": "Ausencia", "Arsenico (mg/L)": "0.03", "Bario (mg/L)": "0.01", "Cadmio (mg/L)": null, "Cobre (mg/L)": "0.07", "Hierro (mg/L)": "0", "Manganeso (mg/L)": "0", "Plomo (mg/L)": "0.01", "Zinc (mg/L)": "0.04", "Cianuros (mg/L)": "0.008", "Cloro Residual (mg/L)": "0.3", "Cloruros (mg/L)": "23.3", "Dureza Total (mg/L)": "222.22", "Fluoruros (mg/L)": "1.09", "Nitratos (mg/L)": "2.6", "Nitritos (mg/L)": "0.003", "Ph": "7.56", "SDT (mg/L)": "318", "Sulfatos (mg/L)": "400", "Cloro Total (mg/L)": "0", "Conductividad (muS/cm)": "2.59", "Temperatura (°C)": "25.7", "ID": "Atitalaquia_Cardonal_Cárcamo Atlapexco" }, "geometry": { "type": "Point", "coordinates": [ -99.229665164094484, 20.054014209051687 ] } },
{ "type": "Feature", "properties": { "CVEGEO_LOC": "130100002", "AÑO": 2019.0, "NOM_MUN": "Atitalaquia", "NOM_LOC": "Cardonal", "Fuente de abastecimiento": "Planta Potabilizadora Cardonal", "Coliformes Totales (Ausencia o Presencia/100mL)": "Ausencia", "E. Coli (Ausencia o Presencia/100mL)": "Ausencia", "Arsenico (mg/L)": "0.021", "Bario (mg/L)": "0", "Cadmio (mg/L)": "0", "Cobre (mg/L)": "0.2", "Hierro (mg/L)": "0.01", "Manganeso (mg/L)": "0.1", "Plomo (mg/L)": "0", "Zinc (mg/L)": "0", "Cianuros (mg/L)": "0.002", "Cloro Residual (mg/L)": "0.48", "Cloruros (mg/L)": "23.4", "Dureza Total (mg/L)": "177.77", "Fluoruros (mg/L)": "0.5", "Nitratos (mg/L)": "0", "Nitritos (mg/L)": "0", "Ph": "7.08", "SDT (mg/L)": "0.8", "Sulfatos (mg/L)": "370", "Cloro Total (mg/L)": "0", "Conductividad (muS/cm)": "2.75", "Temperatura (°C)": "24.9", "ID": "Atitalaquia_Cardonal_Planta Potabilizadora Cardonal" }, "geometry": { "type": "Point", "coordinates": [ -99.237859396212059, 20.052347942631769 ] } },
{ "type": "Feature", "properties": { "CVEGEO_LOC": "130100002", "AÑO": 2019.0, "NOM_MUN": "Atitalaquia", "NOM_LOC": "Cardonal", "Fuente de abastecimiento": "Pozo Cardonal", "Coliformes Totales (Ausencia o Presencia/100mL)": "Presencia", "E. Coli (Ausencia o Presencia/100mL)": "Ausencia", "Arsenico (mg/L)": "0.031", "Bario (mg/L)": "0", "Cadmio (mg/L)": "0", "Cobre (mg/L)": "0.3", "Hierro (mg/L)": "0.07", "Manganeso (mg/L)": "0.16", "Plomo (mg/L)": "0", "Zinc (mg/L)": "0.1", "Cianuros (mg/L)": "0.003", "Cloro Residual (mg/L)": "0.01", "Cloruros (mg/L)": "26.1", "Dureza Total (mg/L)": "30", "Fluoruros (mg/L)": "1.3", "Nitratos (mg/L)": "0.01", "Nitritos (mg/L)": "0.1", "Ph": "6.74", "SDT (mg/L)": "1.7", "Sulfatos (mg/L)": "740", "Cloro Total (mg/L)": "0.03", "Conductividad (muS/cm)": "2.65", "Temperatura (°C)": "26.2", "ID": "Atitalaquia_Cardonal_Pozo Cardonal" }, "geometry": { "type": "Point", "coordinates": [ -99.238215130840473, 20.059896264463873 ] } },
{ "type": "Feature", "properties": { "CVEGEO_LOC": "130100002", "AÑO": 2012.0, "NOM_MUN": "Atitalaquia", "NOM_LOC": "Cardonal", "Fuente de abastecimiento": "Pozo El Cardonal", "Coliformes Totales (Ausencia o Presencia/100mL)": "Presencia", "E. Coli (Ausencia o Presencia/100mL)": "Ausencia", "Arsenico (mg/L)": "0.09", "Bario (mg/L)": null, "Cadmio (mg/L)": null, "Cobre (mg/L)": "0.032", "Hierro (mg/L)": "0.236", "Manganeso (mg/L)": "0.5", "Plomo (mg/L)": "0.03", "Zinc (mg/L)": "0.04", "Cianuros (mg/L)": "0.003", "Cloro Residual (mg/L)": "0.02", "Cloruros (mg/L)": "162.5", "Dureza Total (mg/L)": "515.5504", "Fluoruros (mg/L)": "1", "Nitratos (mg/L)": "1.3", "Nitritos (mg/L)": "0.007", "Ph": "7.17", "SDT (mg/L)": "985", "Sulfatos (mg/L)": "95", "Cloro Total (mg/L)": "0.03", "Conductividad (muS/cm)": "1328", "Temperatura (°C)": "24.3", "ID": "Atitalaquia_Cardonal_Pozo El Cardonal" }, "geometry": { "type": "Point", "coordinates": [ -99.234472097871375, 20.064029152457916 ] } },
{ "type": "Feature", "properties": { "CVEGEO_LOC": "130100002", "AÑO": 2015.0, "NOM_MUN": "Atitalaquia", "NOM_LOC": "Cardonal", "Fuente de abastecimiento": "Pozo El Cardonal", "Coliformes Totales (Ausencia o Presencia/100mL)": "Presencia", "E. Coli (Ausencia o Presencia/100mL)": "Ausencia", "Arsenico (mg/L)": "0.025", "Bario (mg/L)": "0.01", "Cadmio (mg/L)": null, "Cobre (mg/L)": "0.06", "Hierro (mg/L)": "0.24", "Manganeso (mg/L)": "0", "Plomo (mg/L)": "0.01", "Zinc (mg/L)": "0.06", "Cianuros (mg/L)": "0.005", "Cloro Residual (mg/L)": "0.2", "Cloruros (mg/L)": "68.95", "Dureza Total (mg/L)": "257.55", "Fluoruros (mg/L)": "1", "Nitratos (mg/L)": "1.9", "Nitritos (mg/L)": "0.003", "Ph": "7.3", "SDT (mg/L)": "357", "Sulfatos (mg/L)": "400", "Cloro Total (mg/L)": "0", "Conductividad (muS/cm)": "824", "Temperatura (°C)": "24", "ID": "Atitalaquia_Cardonal_Pozo El Cardonal" }, "geometry": { "type": "Point", "coordinates": [ -99.234472097871375, 20.064029152457916 ] } },
{ "type": "Feature", "properties": { "CVEGEO_LOC": "130100006", "AÑO": 2013.0, "NOM_MUN": "Atitalaquia", "NOM_LOC": "Tezoquipa", "Fuente de abastecimiento": "Cárcamo Tecolotitla", "Coliformes Totales (Ausencia o Presencia/100mL)": "Presencia", "E. Coli (Ausencia o Presencia/100mL)": "Ausencia", "Arsenico (mg/L)": "0.01", "Bario (mg/L)": "0.03", "Cadmio (mg/L)": null, "Cobre (mg/L)": "3.74", "Hierro (mg/L)": "0", "Manganeso (mg/L)": "0.3", "Plomo (mg/L)": "0.01", "Zinc (mg/L)": "0.01", "Cianuros (mg/L)": "0.04", "Cloro Residual (mg/L)": "0.4", "Cloruros (mg/L)": "12.7", "Dureza Total (mg/L)": "746.65", "Fluoruros (mg/L)": "0.94", "Nitratos (mg/L)": "2.7", "Nitritos (mg/L)": "0.001", "Ph": "7.41", "SDT (mg/L)": "719", "Sulfatos (mg/L)": "111", "Cloro Total (mg/L)": "0.3", "Conductividad (muS/cm)": "2.22", "Temperatura (°C)": "20.9", "ID": "Atitalaquia_Tezoquipa_Cárcamo Tecolotitla" }, "geometry": { "type": "Point", "coordinates": [ -99.201096275031432, 20.055748186022235 ] } },
{ "type": "Feature", "properties": { "CVEGEO_LOC": "130100007", "AÑO": 2013.0, "NOM_MUN": "Atitalaquia", "NOM_LOC": "Tlalminulpa", "Fuente de abastecimiento": "Pozo Col. Dendho", "Coliformes Totales (Ausencia o Presencia/100mL)": "Presencia", "E. Coli (Ausencia o Presencia/100mL)": "Presencia", "Arsenico (mg/L)": "0.01", "Bario (mg/L)": "0", "Cadmio (mg/L)": null, "Cobre (mg/L)": "0.04", "Hierro (mg/L)": "0.01", "Manganeso (mg/L)": "0", "Plomo (mg/L)": "0.01", "Zinc (mg/L)": "0.07", "Cianuros (mg/L)": "0.005", "Cloro Residual (mg/L)": "0", "Cloruros (mg/L)": "13.3", "Dureza Total (mg/L)": "311.1", "Fluoruros (mg/L)": "1", "Nitratos (mg/L)": "4.2", "Nitritos (mg/L)": "0", "Ph": "7.26", "SDT (mg/L)": "910", "Sulfatos (mg/L)": "280", "Cloro Total (mg/L)": "0", "Conductividad (muS/cm)": "2.35", "Temperatura (°C)": "21.3", "ID": "Atitalaquia_Tlalminulpa_Pozo Col. Dendho" }, "geometry": { "type": "Point", "coordinates": [ -99.213852273576038, 20.069739497282427 ] } },
{ "type": "Feature", "properties": { "CVEGEO_LOC": "130100007", "AÑO": 2017.0, "NOM_MUN": "Atitalaquia", "NOM_LOC": "Tlalminulpa", "Fuente de abastecimiento": "Pozo Tlaminulpa", "Coliformes Totales (Ausencia o Presencia/100mL)": "Presencia", "E. Coli (Ausencia o Presencia/100mL)": "Ausencia", "Arsenico (mg/L)": "0", "Bario (mg/L)": "0", "Cadmio (mg/L)": null, "Cobre (mg/L)": "0.43", "Hierro (mg/L)": "0.02", "Manganeso (mg/L)": "0", "Plomo (mg/L)": "0", "Zinc (mg/L)": "0", "Cianuros (mg/L)": "0.003", "Cloro Residual (mg/L)": "0.01", "Cloruros (mg/L)": "2.5", "Dureza Total (mg/L)": "191.1", "Fluoruros (mg/L)": "0.59", "Nitratos (mg/L)": "4.1", "Nitritos (mg/L)": "0.001", "Ph": "7.73", "SDT (mg/L)": "136", "Sulfatos (mg/L)": "8", "Cloro Total (mg/L)": "0", "Conductividad (muS/cm)": "343", "Temperatura (°C)": "21.8", "ID": "Atitalaquia_Tlalminulpa_Pozo Tlaminulpa" }, "geometry": { "type": "Point", "coordinates": [ -99.223163197238449, 20.073278719334589 ] } },
{ "type": "Feature", "properties": { "CVEGEO_LOC": "130100008", "AÑO": 2013.0, "NOM_MUN": "Atitalaquia", "NOM_LOC": "Tlamaco (San Gerónimo Tlamaco)", "Fuente de abastecimiento": "Pozo Dendho", "Coliformes Totales (Ausencia o Presencia/100mL)": "Presencia", "E. Coli (Ausencia o Presencia/100mL)": "Ausencia", "Arsenico (mg/L)": "0.03", "Bario (mg/L)": "0", "Cadmio (mg/L)": null, "Cobre (mg/L)": "0.09", "Hierro (mg/L)": "0", "Manganeso (mg/L)": "0.1", "Plomo (mg/L)": "0.01", "Zinc (mg/L)": "0.05", "Cianuros (mg/L)": "0.005", "Cloro Residual (mg/L)": "0.1", "Cloruros (mg/L)": "41", "Dureza Total (mg/L)": "348.88", "Fluoruros (mg/L)": "0.96", "Nitratos (mg/L)": "1.8", "Nitritos (mg/L)": "0", "Ph": "7.35", "SDT (mg/L)": "691", "Sulfatos (mg/L)": "405", "Cloro Total (mg/L)": "0.1", "Conductividad (muS/cm)": "1394", "Temperatura (°C)": "28.2", "ID": "Atitalaquia_Tlamaco (San Gerónimo Tlamaco)_Pozo Dendho" }, "geometry": { "type": "Point", "coordinates": [ -99.226729692024122, 20.033490900397148 ] } },
{ "type": "Feature", "properties": { "CVEGEO_LOC": "130100008", "AÑO": 2023.0, "NOM_MUN": "Atitalaquia", "NOM_LOC": "Tlamaco (San Gerónimo Tlamaco)", "Fuente de abastecimiento": "Pozo San Jerónimo Tlamaco", "Coliformes Totales (Ausencia o Presencia/100mL)": "Presencia", "E. Coli (Ausencia o Presencia/100mL)": "Ausencia", "Arsenico (mg/L)": "0", "Bario (mg/L)": "0.06", "Cadmio (mg/L)": "0", "Cobre (mg/L)": "1.293", "Hierro (mg/L)": "0.11", "Manganeso (mg/L)": "0", "Plomo (mg/L)": "0", "Zinc (mg/L)": "0.013", "Cianuros (mg/L)": "0.005", "Cloro Residual (mg/L)": "0.02", "Cloruros (mg/L)": "117.97", "Dureza Total (mg/L)": "676.6", "Fluoruros (mg/L)": "0.5", "Nitratos (mg/L)": "5.4", "Nitritos (mg/L)": "0.006", "Ph": "6.67", "SDT (mg/L)": "30.2", "Sulfatos (mg/L)": "80", "Cloro Total (mg/L)": "0.06", "Conductividad (muS/cm)": "295.72", "Temperatura (°C)": "27.5", "ID": "Atitalaquia_Tlamaco (San Gerónimo Tlamaco)_Pozo San Jerónimo Tlamaco" }, "geometry": { "type": "Point", "coordinates": [ -99.231278194822721, 20.028268618685843 ] } },
{ "type": "Feature", "properties": { "CVEGEO_LOC": "130100008", "AÑO": 2023.0, "NOM_MUN": "Atitalaquia", "NOM_LOC": "Tlamaco (San Gerónimo Tlamaco)", "Fuente de abastecimiento": "Pozo San Jerónimo Tlamaco", "Coliformes Totales (Ausencia o Presencia/100mL)": "Presencia", "E. Coli (Ausencia o Presencia/100mL)": "Ausencia", "Arsenico (mg/L)": "0", "Bario (mg/L)": "0", "Cadmio (mg/L)": "0", "Cobre (mg/L)": "0.53", "Hierro (mg/L)": "0.04", "Manganeso (mg/L)": "0", "Plomo (mg/L)": "0", "Zinc (mg/L)": "0.09", "Cianuros (mg/L)": "0.009", "Cloro Residual (mg/L)": "0.03", "Cloruros (mg/L)": "168.6", "Dureza Total (mg/L)": "317.77", "Fluoruros (mg/L)": "0.4", "Nitratos (mg/L)": "1", "Nitritos (mg/L)": "0.019", "Ph": "6.8", "SDT (mg/L)": "56.1", "Sulfatos (mg/L)": "40", "Cloro Total (mg/L)": "0", "Conductividad (muS/cm)": "138.89", "Temperatura (°C)": "22.4", "ID": "Atitalaquia_Tlamaco (San Gerónimo Tlamaco)_Pozo San Jerónimo Tlamaco" }, "geometry": { "type": "Point", "coordinates": [ -99.231278194822721, 20.028268618685843 ] } },
{ "type": "Feature", "properties": { "CVEGEO_LOC": "130100008", "AÑO": 2017.0, "NOM_MUN": "Atitalaquia", "NOM_LOC": "Tlamaco (San Gerónimo Tlamaco)", "Fuente de abastecimiento": "Pozo Tlamaco", "Coliformes Totales (Ausencia o Presencia/100mL)": "ND", "E. Coli (Ausencia o Presencia/100mL)": "ND", "Arsenico (mg/L)": "0", "Bario (mg/L)": "0.02", "Cadmio (mg/L)": null, "Cobre (mg/L)": "0.59", "Hierro (mg/L)": "0.08", "Manganeso (mg/L)": "2.5", "Plomo (mg/L)": "0", "Zinc (mg/L)": "0.02", "Cianuros (mg/L)": null, "Cloro Residual (mg/L)": null, "Cloruros (mg/L)": null, "Dureza Total (mg/L)": null, "Fluoruros (mg/L)": null, "Nitratos (mg/L)": null, "Nitritos (mg/L)": null, "Ph": null, "SDT (mg/L)": null, "Sulfatos (mg/L)": null, "Cloro Total (mg/L)": null, "Conductividad (muS/cm)": null, "Temperatura (°C)": null, "ID": "Atitalaquia_Tlamaco (San Gerónimo Tlamaco)_Pozo Tlamaco" }, "geometry": { "type": "Point", "coordinates": [ -99.23581536641646, 20.034052699123897 ] } },
{ "type": "Feature", "properties": { "CVEGEO_LOC": "130100008", "AÑO": 2013.0, "NOM_MUN": "Atitalaquia", "NOM_LOC": "Tlamaco (San Gerónimo Tlamaco)", "Fuente de abastecimiento": "Pozo Tlaminulpa", "Coliformes Totales (Ausencia o Presencia/100mL)": "Presencia", "E. Coli (Ausencia o Presencia/100mL)": "Ausencia", "Arsenico (mg/L)": "0.03", "Bario (mg/L)": "0", "Cadmio (mg/L)": null, "Cobre (mg/L)": "0.68", "Hierro (mg/L)": "0", "Manganeso (mg/L)": "0.4", "Plomo (mg/L)": "0.01", "Zinc (mg/L)": "0.01", "Cianuros (mg/L)": "0.006", "Cloro Residual (mg/L)": "0.3", "Cloruros (mg/L)": "26", "Dureza Total (mg/L)": "355.55", "Fluoruros (mg/L)": "1.42", "Nitratos (mg/L)": "1.8", "Nitritos (mg/L)": "0", "Ph": "7.69", "SDT (mg/L)": "691", "Sulfatos (mg/L)": "480", "Cloro Total (mg/L)": "0", "Conductividad (muS/cm)": "1394", "Temperatura (°C)": "25.2", "ID": "Atitalaquia_Tlamaco (San Gerónimo Tlamaco)_Pozo Tlaminulpa" }, "geometry": { "type": "Point", "coordinates": [ -99.229005487433099, 20.038414855118901 ] } },
{ "type": "Feature", "properties": { "CVEGEO_LOC": "1301000090339800", "AÑO": 2017.0, "NOM_MUN": "Atitalaquia", "NOM_LOC": "San José Bojay el Grande", "Fuente de abastecimiento": "Pozo San Jose", "Coliformes Totales (Ausencia o Presencia/100mL)": "ND", "E. Coli (Ausencia o Presencia/100mL)": "ND", "Arsenico (mg/L)": "0.03", "Bario (mg/L)": "0", "Cadmio (mg/L)": "ND", "Cobre (mg/L)": "0.16", "Hierro (mg/L)": "0.02", "Manganeso (mg/L)": "0", "Plomo (mg/L)": "ND", "Zinc (mg/L)": "0.02", "Cianuros (mg/L)": "ND", "Cloro Residual (mg/L)": "ND", "Cloruros (mg/L)": "ND", "Dureza Total (mg/L)": "ND", "Fluoruros (mg/L)": "ND", "Nitratos (mg/L)": "ND", "Nitritos (mg/L)": "ND", "Ph": "ND", "SDT (mg/L)": "ND", "Sulfatos (mg/L)": "ND", "Cloro Total (mg/L)": "ND", "Conductividad (muS/cm)": "ND", "Temperatura (°C)": "ND", "ID": "Atitalaquia_San José Bojay el Grande_Pozo San Jose" }, "geometry": { "type": "Point", "coordinates": [ -99.203681556132068, 20.042407503466155 ] } },
{ "type": "Feature", "properties": { "CVEGEO_LOC": "130100012", "AÑO": 2014.0, "NOM_MUN": "Atitalaquia", "NOM_LOC": "Unidad Habitacional Antonio Osorio de León (Bojay)", "Fuente de abastecimiento": "Pozo San José Bojay", "Coliformes Totales (Ausencia o Presencia/100mL)": "Presencia", "E. Coli (Ausencia o Presencia/100mL)": "Presencia", "Arsenico (mg/L)": "0.02", "Bario (mg/L)": "0", "Cadmio (mg/L)": null, "Cobre (mg/L)": "0.02", "Hierro (mg/L)": "0.06", "Manganeso (mg/L)": "0", "Plomo (mg/L)": "0", "Zinc (mg/L)": "0.17", "Cianuros (mg/L)": "0.003", "Cloro Residual (mg/L)": "0", "Cloruros (mg/L)": "40.2", "Dureza Total (mg/L)": "349.6", "Fluoruros (mg/L)": "0", "Nitratos (mg/L)": "2.9", "Nitritos (mg/L)": "0.012", "Ph": "6.92", "SDT (mg/L)": "984", "Sulfatos (mg/L)": "145", "Cloro Total (mg/L)": "0.02", "Conductividad (muS/cm)": "1960", "Temperatura (°C)": "21", "ID": "Atitalaquia_Unidad Habitacional Antonio Osorio de León (Bojay)_Pozo San José Bojay" }, "geometry": { "type": "Point", "coordinates": [ -99.243376921057177, 20.042162102033828 ] } },
{ "type": "Feature", "properties": { "CVEGEO_LOC": "130110001", "AÑO": 2013.0, "NOM_MUN": "Atlapexco", "NOM_LOC": "Atlapexco", "Fuente de abastecimiento": "Manantial Apipilhuasco", "Coliformes Totales (Ausencia o Presencia/100mL)": "Presencia", "E. Coli (Ausencia o Presencia/100mL)": "Ausencia", "Arsenico (mg/L)": "0", "Bario (mg/L)": "0", "Cadmio (mg/L)": null, "Cobre (mg/L)": "0.311", "Hierro (mg/L)": "0.02", "Manganeso (mg/L)": "0", "Plomo (mg/L)": "0", "Zinc (mg/L)": "0.002", "Cianuros (mg/L)": "0.004", "Cloro Residual (mg/L)": "0.01", "Cloruros (mg/L)": "43.64", "Dureza Total (mg/L)": "300.33", "Fluoruros (mg/L)": "0.3", "Nitratos (mg/L)": "0.29", "Nitritos (mg/L)": "0.0034", "Ph": "7.54", "SDT (mg/L)": "156.1", "Sulfatos (mg/L)": "36.7", "Cloro Total (mg/L)": "0.01", "Conductividad (muS/cm)": "534", "Temperatura (°C)": "26.1", "ID": "Atlapexco_Atlapexco_Manantial Apipilhuasco" }, "geometry": { "type": "Point", "coordinates": [ -98.343289178967666, 21.020267425154557 ] } },
{ "type": "Feature", "properties": { "CVEGEO_LOC": "130110001", "AÑO": 2016.0, "NOM_MUN": "Atlapexco", "NOM_LOC": "Atlapexco", "Fuente de abastecimiento": "Río Atlapexco", "Coliformes Totales (Ausencia o Presencia/100mL)": "Presencia", "E. Coli (Ausencia o Presencia/100mL)": "Presencia", "Arsenico (mg/L)": "0", "Bario (mg/L)": "0", "Cadmio (mg/L)": "ND", "Cobre (mg/L)": "223", "Hierro (mg/L)": "0.01", "Manganeso (mg/L)": "0", "Plomo (mg/L)": "0", "Zinc (mg/L)": "0", "Cianuros (mg/L)": "1", "Cloro Residual (mg/L)": "0.01", "Cloruros (mg/L)": "46.61", "Dureza Total (mg/L)": "288.88", "Fluoruros (mg/L)": "0.3", "Nitratos (mg/L)": "0.39", "Nitritos (mg/L)": "37", "Ph": "7.59", "SDT (mg/L)": "168.1", "Sulfatos (mg/L)": "34.2", "Cloro Total (mg/L)": "0.02", "Conductividad (muS/cm)": "258", "Temperatura (°C)": "38.1", "ID": "Atlapexco_Atlapexco_Río Atlapexco" }, "geometry": { "type": "Point", "coordinates": [ -98.34787881592726, 21.023996238131538 ] } },
{ "type": "Feature", "properties": { "CVEGEO_LOC": "130110010", "AÑO": 2014.0, "NOM_MUN": "Atlapexco", "NOM_LOC": "Cochotla", "Fuente de abastecimiento": "Manantial Veyiapa", "Coliformes Totales (Ausencia o Presencia/100mL)": "Presencia", "E. Coli (Ausencia o Presencia/100mL)": "Presencia", "Arsenico (mg/L)": "0", "Bario (mg/L)": "0", "Cadmio (mg/L)": null, "Cobre (mg/L)": "0", "Hierro (mg/L)": "0", "Manganeso (mg/L)": "0", "Plomo (mg/L)": "0", "Zinc (mg/L)": "0.05", "Cianuros (mg/L)": "0.001", "Cloro Residual (mg/L)": "0.06", "Cloruros (mg/L)": "6.6", "Dureza Total (mg/L)": "222.22", "Fluoruros (mg/L)": "0.09", "Nitratos (mg/L)": "0.5", "Nitritos (mg/L)": "0.004", "Ph": "7", "SDT (mg/L)": "242", "Sulfatos (mg/L)": "7", "Cloro Total (mg/L)": "0", "Conductividad (muS/cm)": "573", "Temperatura (°C)": "28.7", "ID": "Atlapexco_Cochotla_Manantial Veyiapa" }, "geometry": { "type": "Point", "coordinates": [ -98.421871779260258, 21.007934598954108 ] } },
{ "type": "Feature", "properties": { "CVEGEO_LOC": "130110010", "AÑO": 2015.0, "NOM_MUN": "Atlapexco", "NOM_LOC": "Cochotla", "Fuente de abastecimiento": "Manantial Veyiapa", "Coliformes Totales (Ausencia o Presencia/100mL)": "Presencia", "E. Coli (Ausencia o Presencia/100mL)": "Presencia", "Arsenico (mg/L)": "0", "Bario (mg/L)": "0", "Cadmio (mg/L)": null, "Cobre (mg/L)": "0", "Hierro (mg/L)": "0", "Manganeso (mg/L)": "0", "Plomo (mg/L)": "0", "Zinc (mg/L)": "0.05", "Cianuros (mg/L)": "0.001", "Cloro Residual (mg/L)": "0.06", "Cloruros (mg/L)": "6.6", "Dureza Total (mg/L)": "222.22", "Fluoruros (mg/L)": "0.09", "Nitratos (mg/L)": "0.5", "Nitritos (mg/L)": "0.004", "Ph": "7", "SDT (mg/L)": "242", "Sulfatos (mg/L)": "7", "Cloro Total (mg/L)": "0", "Conductividad (muS/cm)": "573", "Temperatura (°C)": "28.7", "ID": "Atlapexco_Cochotla_Manantial Veyiapa" }, "geometry": { "type": "Point", "coordinates": [ -98.421871779260258, 21.007934598954108 ] } },
{ "type": "Feature", "properties": { "CVEGEO_LOC": "130110032", "AÑO": 2014.0, "NOM_MUN": "Atlapexco", "NOM_LOC": "Tecacahuaco", "Fuente de abastecimiento": "Tanque", "Coliformes Totales (Ausencia o Presencia/100mL)": "Presencia", "E. Coli (Ausencia o Presencia/100mL)": "Ausencia", "Arsenico (mg/L)": "0", "Bario (mg/L)": "0", "Cadmio (mg/L)": null, "Cobre (mg/L)": "0.08", "Hierro (mg/L)": "0", "Manganeso (mg/L)": "0", "Plomo (mg/L)": "0", "Zinc (mg/L)": "0.02", "Cianuros (mg/L)": "0", "Cloro Residual (mg/L)": "0", "Cloruros (mg/L)": "5.2", "Dureza Total (mg/L)": "299.99", "Fluoruros (mg/L)": "0.17", "Nitratos (mg/L)": "0", "Nitritos (mg/L)": "0.001", "Ph": "7", "SDT (mg/L)": "237", "Sulfatos (mg/L)": "13", "Cloro Total (mg/L)": "0", "Conductividad (muS/cm)": "559", "Temperatura (°C)": "28.7", "ID": "Atlapexco_Tecacahuaco_Tanque" }, "geometry": { "type": "Point", "coordinates": [ -98.33921595973294, 20.942356427445489 ] } },
{ "type": "Feature", "properties": { "CVEGEO_LOC": "130110033", "AÑO": 2013.0, "NOM_MUN": "Atlapexco", "NOM_LOC": "Tecolotitla", "Fuente de abastecimiento": "Manantial El Zapote", "Coliformes Totales (Ausencia o Presencia/100mL)": "Presencia", "E. Coli (Ausencia o Presencia/100mL)": "Ausencia", "Arsenico (mg/L)": "0", "Bario (mg/L)": "0", "Cadmio (mg/L)": null, "Cobre (mg/L)": "0.4", "Hierro (mg/L)": "0.011", "Manganeso (mg/L)": "0", "Plomo (mg/L)": "0", "Zinc (mg/L)": "0.003", "Cianuros (mg/L)": "0.003", "Cloro Residual (mg/L)": "0.02", "Cloruros (mg/L)": "50.61", "Dureza Total (mg/L)": "305.51", "Fluoruros (mg/L)": "0.6", "Nitratos (mg/L)": "0.26", "Nitritos (mg/L)": "0.004", "Ph": "7.6", "SDT (mg/L)": "189.4", "Sulfatos (mg/L)": "40", "Cloro Total (mg/L)": "0.01", "Conductividad (muS/cm)": "408.9", "Temperatura (°C)": "27", "ID": "Atlapexco_Tecolotitla_Manantial El Zapote" }, "geometry": { "type": "Point", "coordinates": [ -98.362441569221119, 21.005872297857323 ] } },
{ "type": "Feature", "properties": { "CVEGEO_LOC": "130110033", "AÑO": 2016.0, "NOM_MUN": "Atlapexco", "NOM_LOC": "Tecolotitla", "Fuente de abastecimiento": "Manantial Tecolotitla", "Coliformes Totales (Ausencia o Presencia/100mL)": "Presencia", "E. Coli (Ausencia o Presencia/100mL)": "Ausencia", "Arsenico (mg/L)": "0", "Bario (mg/L)": "0", "Cadmio (mg/L)": "ND", "Cobre (mg/L)": "0.2", "Hierro (mg/L)": "4", "Manganeso (mg/L)": "0", "Plomo (mg/L)": "0", "Zinc (mg/L)": "0", "Cianuros (mg/L)": "1", "Cloro Residual (mg/L)": "0", "Cloruros (mg/L)": "45.2", "Dureza Total (mg/L)": "272.21", "Fluoruros (mg/L)": "0.3", "Nitratos (mg/L)": "0.17", "Nitritos (mg/L)": "2", "Ph": "8.25", "SDT (mg/L)": "176.3", "Sulfatos (mg/L)": "6", "Cloro Total (mg/L)": "0.01", "Conductividad (muS/cm)": "263", "Temperatura (°C)": "33.7", "ID": "Atlapexco_Tecolotitla_Manantial Tecolotitla" }, "geometry": { "type": "Point", "coordinates": [ -98.364182387229675, 21.008092951734227 ] } },
{ "type": "Feature", "properties": { "CVEGEO_LOC": "130110035", "AÑO": 2015.0, "NOM_MUN": "Atlapexco", "NOM_LOC": "Tenexco I", "Fuente de abastecimiento": "Cárcamo", "Coliformes Totales (Ausencia o Presencia/100mL)": "Presencia", "E. Coli (Ausencia o Presencia/100mL)": "Ausencia", "Arsenico (mg/L)": "0", "Bario (mg/L)": "0", "Cadmio (mg/L)": null, "Cobre (mg/L)": "0.78", "Hierro (mg/L)": "0", "Manganeso (mg/L)": "0", "Plomo (mg/L)": "0", "Zinc (mg/L)": "0.03", "Cianuros (mg/L)": "0.001", "Cloro Residual (mg/L)": "0.1", "Cloruros (mg/L)": "6.9", "Dureza Total (mg/L)": "266.66", "Fluoruros (mg/L)": "0.2", "Nitratos (mg/L)": "0.8", "Nitritos (mg/L)": "0.006", "Ph": "7.41", "SDT (mg/L)": "345", "Sulfatos (mg/L)": "14", "Cloro Total (mg/L)": "0", "Conductividad (muS/cm)": "500", "Temperatura (°C)": "27.6", "ID": "Atlapexco_Tenexco I_Cárcamo" }, "geometry": { "type": "Point", "coordinates": [ -98.348611842435105, 21.063604740589632 ] } },
{ "type": "Feature", "properties": { "CVEGEO_LOC": "130110035", "AÑO": 2015.0, "NOM_MUN": "Atlapexco", "NOM_LOC": "Tenexco I", "Fuente de abastecimiento": "Tanque de Almacenamiento", "Coliformes Totales (Ausencia o Presencia/100mL)": "Presencia", "E. Coli (Ausencia o Presencia/100mL)": "Presencia", "Arsenico (mg/L)": "0", "Bario (mg/L)": "0", "Cadmio (mg/L)": null, "Cobre (mg/L)": "2.08", "Hierro (mg/L)": "4.42", "Manganeso (mg/L)": "4.3", "Plomo (mg/L)": "0", "Zinc (mg/L)": "0.03", "Cianuros (mg/L)": "0.04", "Cloro Residual (mg/L)": "0", "Cloruros (mg/L)": "10.5", "Dureza Total (mg/L)": "233.33", "Fluoruros (mg/L)": "0.08", "Nitratos (mg/L)": "2", "Nitritos (mg/L)": "0.04", "Ph": "7.2", "SDT (mg/L)": "412", "Sulfatos (mg/L)": "23", "Cloro Total (mg/L)": "0", "Conductividad (muS/cm)": "432", "Temperatura (°C)": "38.26", "ID": "Atlapexco_Tenexco I_Tanque de Almacenamiento" }, "geometry": { "type": "Point", "coordinates": [ -98.348071724360636, 21.06542954524776 ] } },
{ "type": "Feature", "properties": { "CVEGEO_LOC": "130120001", "AÑO": 2013.0, "NOM_MUN": "Atotonilco el Grande", "NOM_LOC": "Atotonilco el Grande", "Fuente de abastecimiento": "Manantial", "Coliformes Totales (Ausencia o Presencia/100mL)": "Presencia", "E. Coli (Ausencia o Presencia/100mL)": "Ausencia", "Arsenico (mg/L)": "0", "Bario (mg/L)": "0", "Cadmio (mg/L)": null, "Cobre (mg/L)": "0.8", "Hierro (mg/L)": "0", "Manganeso (mg/L)": "0", "Plomo (mg/L)": "0", "Zinc (mg/L)": "0.02", "Cianuros (mg/L)": "0.002", "Cloro Residual (mg/L)": "0.2", "Cloruros (mg/L)": "10", "Dureza Total (mg/L)": "106", "Fluoruros (mg/L)": "0", "Nitratos (mg/L)": "0.6", "Nitritos (mg/L)": "0.003", "Ph": "6.85", "SDT (mg/L)": "136", "Sulfatos (mg/L)": "40", "Cloro Total (mg/L)": "0", "Conductividad (muS/cm)": "160.6", "Temperatura (°C)": "16.6", "ID": "Atotonilco el Grande_Atotonilco el Grande_Manantial" }, "geometry": { "type": "Point", "coordinates": [ -98.666726640330211, 20.28396064698244 ] } },
{ "type": "Feature", "properties": { "CVEGEO_LOC": "130120001", "AÑO": 2012.0, "NOM_MUN": "Atotonilco el Grande", "NOM_LOC": "Atotonilco el Grande", "Fuente de abastecimiento": "Pozo La Virgen", "Coliformes Totales (Ausencia o Presencia/100mL)": "Presencia", "E. Coli (Ausencia o Presencia/100mL)": "Ausencia", "Arsenico (mg/L)": "0", "Bario (mg/L)": "0", "Cadmio (mg/L)": null, "Cobre (mg/L)": "0.868", "Hierro (mg/L)": "0", "Manganeso (mg/L)": "0", "Plomo (mg/L)": "0", "Zinc (mg/L)": "0.06", "Cianuros (mg/L)": "0", "Cloro Residual (mg/L)": "0", "Cloruros (mg/L)": "73.75", "Dureza Total (mg/L)": "128.8876", "Fluoruros (mg/L)": "0.09", "Nitratos (mg/L)": "3.3", "Nitritos (mg/L)": "0", "Ph": "7.96", "SDT (mg/L)": "147.9", "Sulfatos (mg/L)": "5", "Cloro Total (mg/L)": "0", "Conductividad (muS/cm)": "266", "Temperatura (°C)": "20.9", "ID": "Atotonilco el Grande_Atotonilco el Grande_Pozo La Virgen" }, "geometry": { "type": "Point", "coordinates": [ -98.656981167565021, 20.287012615841967 ] } },
{ "type": "Feature", "properties": { "CVEGEO_LOC": "130120002", "AÑO": 2013.0, "NOM_MUN": "Atotonilco el Grande", "NOM_LOC": "Apipilhuasco", "Fuente de abastecimiento": "Manantial Texcaco", "Coliformes Totales (Ausencia o Presencia/100mL)": "Presencia", "E. Coli (Ausencia o Presencia/100mL)": "Presencia", "Arsenico (mg/L)": "0", "Bario (mg/L)": "0", "Cadmio (mg/L)": null, "Cobre (mg/L)": "0.9", "Hierro (mg/L)": "0", "Manganeso (mg/L)": "0", "Plomo (mg/L)": "0", "Zinc (mg/L)": "0.03", "Cianuros (mg/L)": "0.003", "Cloro Residual (mg/L)": "0.2", "Cloruros (mg/L)": "8", "Dureza Total (mg/L)": "120.98", "Fluoruros (mg/L)": "0", "Nitratos (mg/L)": "0.7", "Nitritos (mg/L)": "0.006", "Ph": "6.85", "SDT (mg/L)": "183", "Sulfatos (mg/L)": "38.1", "Cloro Total (mg/L)": "0", "Conductividad (muS/cm)": "249", "Temperatura (°C)": "17", "ID": "Atotonilco el Grande_Apipilhuasco_Manantial Texcaco" }, "geometry": { "type": "Point", "coordinates": [ -98.626508629596714, 20.294215537867721 ] } },
{ "type": "Feature", "properties": { "CVEGEO_LOC": "130120003", "AÑO": 2012.0, "NOM_MUN": "Atotonilco el Grande", "NOM_LOC": "Cerro Colorado", "Fuente de abastecimiento": "Manantial El Puerto", "Coliformes Totales (Ausencia o Presencia/100mL)": "Presencia", "E. Coli (Ausencia o Presencia/100mL)": "Presencia", "Arsenico (mg/L)": "0", "Bario (mg/L)": "0.01", "Cadmio (mg/L)": null, "Cobre (mg/L)": "0.08", "Hierro (mg/L)": "0.01", "Manganeso (mg/L)": "0.4", "Plomo (mg/L)": "0", "Zinc (mg/L)": "0.004", "Cianuros (mg/L)": "0.011", "Cloro Residual (mg/L)": "0.14", "Cloruros (mg/L)": "65.5", "Dureza Total (mg/L)": "122.221", "Fluoruros (mg/L)": "0", "Nitratos (mg/L)": "1", "Nitritos (mg/L)": "0.0187", "Ph": "7.23", "SDT (mg/L)": "280", "Sulfatos (mg/L)": "25", "Cloro Total (mg/L)": "0.15", "Conductividad (muS/cm)": "283", "Temperatura (°C)": "21.5", "ID": "Atotonilco el Grande_Cerro Colorado_Manantial El Puerto" }, "geometry": { "type": "Point", "coordinates": [ -98.715729133811578, 20.404448837981764 ] } },
{ "type": "Feature", "properties": { "CVEGEO_LOC": "130120004", "AÑO": 2014.0, "NOM_MUN": "Atotonilco el Grande", "NOM_LOC": "Cieneguillas", "Fuente de abastecimiento": "Tanque de Cieneguillas", "Coliformes Totales (Ausencia o Presencia/100mL)": "Presencia", "E. Coli (Ausencia o Presencia/100mL)": "Presencia", "Arsenico (mg/L)": "0", "Bario (mg/L)": "0", "Cadmio (mg/L)": null, "Cobre (mg/L)": "0.03", "Hierro (mg/L)": "0.07", "Manganeso (mg/L)": "0.17", "Plomo (mg/L)": "0", "Zinc (mg/L)": "0.03", "Cianuros (mg/L)": "0.009", "Cloro Residual (mg/L)": "0", "Cloruros (mg/L)": "7", "Dureza Total (mg/L)": "93.33", "Fluoruros (mg/L)": "0.36", "Nitratos (mg/L)": "4.9", "Nitritos (mg/L)": "0.013", "Ph": "7.36", "SDT (mg/L)": "103.9", "Sulfatos (mg/L)": "23", "Cloro Total (mg/L)": "0", "Conductividad (muS/cm)": "102.5", "Temperatura (°C)": "27.2", "ID": "Atotonilco el Grande_Cieneguillas_Tanque de Cieneguillas" }, "geometry": { "type": "Point", "coordinates": [ -98.645745790441666, 20.29381893355491 ] } },
{ "type": "Feature", "properties": { "CVEGEO_LOC": "130120015", "AÑO": 2014.0, "NOM_MUN": "Atotonilco el Grande", "NOM_LOC": "Paso de Amajac", "Fuente de abastecimiento": "Manantial Rivera", "Coliformes Totales (Ausencia o Presencia/100mL)": "Presencia", "E. Coli (Ausencia o Presencia/100mL)": "Ausencia", "Arsenico (mg/L)": "0", "Bario (mg/L)": "0", "Cadmio (mg/L)": null, "Cobre (mg/L)": "0.55", "Hierro (mg/L)": "0.1", "Manganeso (mg/L)": "0", "Plomo (mg/L)": "0", "Zinc (mg/L)": "0.01", "Cianuros (mg/L)": "0.002", "Cloro Residual (mg/L)": "0.1", "Cloruros (mg/L)": "4.8", "Dureza Total (mg/L)": "251.08", "Fluoruros (mg/L)": "0.71", "Nitratos (mg/L)": "0.2", "Nitritos (mg/L)": "0.003", "Ph": "7.02", "SDT (mg/L)": "268", "Sulfatos (mg/L)": "94", "Cloro Total (mg/L)": "0", "Conductividad (muS/cm)": "493", "Temperatura (°C)": "26.2", "ID": "Atotonilco el Grande_Paso de Amajac_Manantial Rivera" }, "geometry": { "type": "Point", "coordinates": [ -98.727139664270425, 20.302913368326905 ] } },
{ "type": "Feature", "properties": { "CVEGEO_LOC": "130120015", "AÑO": 2015.0, "NOM_MUN": "Atotonilco el Grande", "NOM_LOC": "Paso de Amajac", "Fuente de abastecimiento": "Manantial Rivera", "Coliformes Totales (Ausencia o Presencia/100mL)": "Presencia", "E. Coli (Ausencia o Presencia/100mL)": "Ausencia", "Arsenico (mg/L)": "0", "Bario (mg/L)": "0", "Cadmio (mg/L)": null, "Cobre (mg/L)": "0.55", "Hierro (mg/L)": "0.1", "Manganeso (mg/L)": "0", "Plomo (mg/L)": "0", "Zinc (mg/L)": "0.001", "Cianuros (mg/L)": "0.002", "Cloro Residual (mg/L)": "0.1", "Cloruros (mg/L)": "4.8", "Dureza Total (mg/L)": "251.08", "Fluoruros (mg/L)": "0.71", "Nitratos (mg/L)": "0.2", "Nitritos (mg/L)": "3e-04", "Ph": "7.02", "SDT (mg/L)": "268", "Sulfatos (mg/L)": "94", "Cloro Total (mg/L)": "0", "Conductividad (muS/cm)": "493", "Temperatura (°C)": "26", "ID": "Atotonilco el Grande_Paso de Amajac_Manantial Rivera" }, "geometry": { "type": "Point", "coordinates": [ -98.727139664270425, 20.302913368326905 ] } },
{ "type": "Feature", "properties": { "CVEGEO_LOC": "130120015", "AÑO": 2018.0, "NOM_MUN": "Atotonilco el Grande", "NOM_LOC": "Paso de Amajac", "Fuente de abastecimiento": "Tanque El Paso", "Coliformes Totales (Ausencia o Presencia/100mL)": "Ausencia", "E. Coli (Ausencia o Presencia/100mL)": "Ausencia", "Arsenico (mg/L)": "0", "Bario (mg/L)": "0", "Cadmio (mg/L)": "0", "Cobre (mg/L)": "0", "Hierro (mg/L)": "0", "Manganeso (mg/L)": "0", "Plomo (mg/L)": "0", "Zinc (mg/L)": "0", "Cianuros (mg/L)": "0.001", "Cloro Residual (mg/L)": "0.63", "Cloruros (mg/L)": "65", "Dureza Total (mg/L)": "133.33", "Fluoruros (mg/L)": "0.6", "Nitratos (mg/L)": "0", "Nitritos (mg/L)": "0", "Ph": "7.12", "SDT (mg/L)": "264", "Sulfatos (mg/L)": "43", "Cloro Total (mg/L)": "0.73", "Conductividad (muS/cm)": "621", "Temperatura (°C)": "22.3", "ID": "Atotonilco el Grande_Paso de Amajac_Tanque El Paso" }, "geometry": { "type": "Point", "coordinates": [ -98.73127019831243, 20.302945523864722 ] } },
{ "type": "Feature", "properties": { "CVEGEO_LOC": "130120033", "AÑO": 2016.0, "NOM_MUN": "Atotonilco el Grande", "NOM_LOC": "Santa María Amajac", "Fuente de abastecimiento": "Manantial Amajac", "Coliformes Totales (Ausencia o Presencia/100mL)": "Presencia", "E. Coli (Ausencia o Presencia/100mL)": "Presencia", "Arsenico (mg/L)": "0", "Bario (mg/L)": "0", "Cadmio (mg/L)": "ND", "Cobre (mg/L)": "0.43", "Hierro (mg/L)": "0", "Manganeso (mg/L)": "0", "Plomo (mg/L)": "0", "Zinc (mg/L)": "0.02", "Cianuros (mg/L)": "1", "Cloro Residual (mg/L)": "0.1", "Cloruros (mg/L)": "45693", "Dureza Total (mg/L)": "253.33", "Fluoruros (mg/L)": "0.65", "Nitratos (mg/L)": "0.4", "Nitritos (mg/L)": "1", "Ph": "7.49", "SDT (mg/L)": "288", "Sulfatos (mg/L)": "95", "Cloro Total (mg/L)": "0.1", "Conductividad (muS/cm)": "856", "Temperatura (°C)": "45774", "ID": "Atotonilco el Grande_Santa María Amajac_Manantial Amajac" }, "geometry": { "type": "Point", "coordinates": [ -98.749918353232488, 20.326982429344156 ] } },
{ "type": "Feature", "properties": { "CVEGEO_LOC": "130120033", "AÑO": 2022.0, "NOM_MUN": "Atotonilco el Grande", "NOM_LOC": "Santa María Amajac", "Fuente de abastecimiento": "Pozo Maguey Verde", "Coliformes Totales (Ausencia o Presencia/100mL)": "Presencia", "E. Coli (Ausencia o Presencia/100mL)": "Ausencia", "Arsenico (mg/L)": "0", "Bario (mg/L)": "0", "Cadmio (mg/L)": "0.0019", "Cobre (mg/L)": "1.64", "Hierro (mg/L)": "1.76", "Manganeso (mg/L)": "0.2", "Plomo (mg/L)": "0.0013", "Zinc (mg/L)": "0.03", "Cianuros (mg/L)": "0.003", "Cloro Residual (mg/L)": "0", "Cloruros (mg/L)": "1.5", "Dureza Total (mg/L)": "324.21", "Fluoruros (mg/L)": "2.53", "Nitratos (mg/L)": "2", "Nitritos (mg/L)": "0.002", "Ph": "7.6", "SDT (mg/L)": "349.6", "Sulfatos (mg/L)": "560", "Cloro Total (mg/L)": "0", "Conductividad (muS/cm)": "3.7", "Temperatura (°C)": "20.9", "ID": "Atotonilco el Grande_Santa María Amajac_Pozo Maguey Verde" }, "geometry": { "type": "Point", "coordinates": [ -98.745322408829892, 20.332208266624633 ] } },
{ "type": "Feature", "properties": { "CVEGEO_LOC": "130120033", "AÑO": 2018.0, "NOM_MUN": "Atotonilco el Grande", "NOM_LOC": "Santa María Amajac", "Fuente de abastecimiento": "Tanque La Cumbre", "Coliformes Totales (Ausencia o Presencia/100mL)": "Ausencia", "E. Coli (Ausencia o Presencia/100mL)": "Ausencia", "Arsenico (mg/L)": "0", "Bario (mg/L)": "0", "Cadmio (mg/L)": "0", "Cobre (mg/L)": "0", "Hierro (mg/L)": "0", "Manganeso (mg/L)": "0", "Plomo (mg/L)": "0", "Zinc (mg/L)": "0", "Cianuros (mg/L)": "0.001", "Cloro Residual (mg/L)": "0.09", "Cloruros (mg/L)": "58", "Dureza Total (mg/L)": "142.22", "Fluoruros (mg/L)": "0.2", "Nitratos (mg/L)": "0", "Nitritos (mg/L)": "0", "Ph": "7.19", "SDT (mg/L)": "265", "Sulfatos (mg/L)": "41", "Cloro Total (mg/L)": "0.23", "Conductividad (muS/cm)": "622", "Temperatura (°C)": "22.5", "ID": "Atotonilco el Grande_Santa María Amajac_Tanque La Cumbre" }, "geometry": { "type": "Point", "coordinates": [ -98.744867417229827, 20.326024614465005 ] } },
{ "type": "Feature", "properties": { "CVEGEO_LOC": "130120038", "AÑO": 2016.0, "NOM_MUN": "Atotonilco el Grande", "NOM_LOC": "Agua Limpia", "Fuente de abastecimiento": "Manantial Ojo de Agua", "Coliformes Totales (Ausencia o Presencia/100mL)": "Presencia", "E. Coli (Ausencia o Presencia/100mL)": "Presencia", "Arsenico (mg/L)": "0", "Bario (mg/L)": "0", "Cadmio (mg/L)": "ND", "Cobre (mg/L)": "0.12", "Hierro (mg/L)": "0", "Manganeso (mg/L)": "0", "Plomo (mg/L)": "0", "Zinc (mg/L)": "0.01", "Cianuros (mg/L)": "0", "Cloro Residual (mg/L)": "0.1", "Cloruros (mg/L)": "45811", "Dureza Total (mg/L)": "182.22", "Fluoruros (mg/L)": "0.22", "Nitratos (mg/L)": "0.2", "Nitritos (mg/L)": "0", "Ph": "45844", "SDT (mg/L)": "216", "Sulfatos (mg/L)": "55", "Cloro Total (mg/L)": "0", "Conductividad (muS/cm)": "137.5", "Temperatura (°C)": "18", "ID": "Atotonilco el Grande_Agua Limpia_Manantial Ojo de Agua" }, "geometry": { "type": "Point", "coordinates": [ -98.636881475116525, 20.247749076432491 ] } },
{ "type": "Feature", "properties": { "CVEGEO_LOC": "130120068", "AÑO": 2018.0, "NOM_MUN": "Atotonilco el Grande", "NOM_LOC": "Los Tepetates", "Fuente de abastecimiento": "Tanque Tepetates", "Coliformes Totales (Ausencia o Presencia/100mL)": "Ausencia", "E. Coli (Ausencia o Presencia/100mL)": "Ausencia", "Arsenico (mg/L)": "0", "Bario (mg/L)": "0", "Cadmio (mg/L)": "0", "Cobre (mg/L)": "0", "Hierro (mg/L)": "0", "Manganeso (mg/L)": "0", "Plomo (mg/L)": "0", "Zinc (mg/L)": "0", "Cianuros (mg/L)": "0.001", "Cloro Residual (mg/L)": "0.59", "Cloruros (mg/L)": "34", "Dureza Total (mg/L)": "122.22", "Fluoruros (mg/L)": "0.5", "Nitratos (mg/L)": "0", "Nitritos (mg/L)": "0", "Ph": "7.09", "SDT (mg/L)": "176", "Sulfatos (mg/L)": "32", "Cloro Total (mg/L)": "0.25", "Conductividad (muS/cm)": "582", "Temperatura (°C)": "20.7", "ID": "Atotonilco el Grande_Los Tepetates_Tanque Tepetates" }, "geometry": { "type": "Point", "coordinates": [ -98.724315028138136, 20.30497408650081 ] } },
{ "type": "Feature", "properties": { "CVEGEO_LOC": "1301200780028800", "AÑO": 2014.0, "NOM_MUN": "Atotonilco el Grande", "NOM_LOC": "La Loma del Zapote", "Fuente de abastecimiento": "Cárcamo El Zapote", "Coliformes Totales (Ausencia o Presencia/100mL)": "Presencia", "E. Coli (Ausencia o Presencia/100mL)": "Ausencia", "Arsenico (mg/L)": "0", "Bario (mg/L)": "0", "Cadmio (mg/L)": null, "Cobre (mg/L)": "0.01", "Hierro (mg/L)": "0.02", "Manganeso (mg/L)": "0", "Plomo (mg/L)": "0", "Zinc (mg/L)": "0.03", "Cianuros (mg/L)": "0.005", "Cloro Residual (mg/L)": "0", "Cloruros (mg/L)": "2.5", "Dureza Total (mg/L)": "124.44", "Fluoruros (mg/L)": "0.35", "Nitratos (mg/L)": "1", "Nitritos (mg/L)": "0.002", "Ph": "7.13", "SDT (mg/L)": "74.2", "Sulfatos (mg/L)": "6", "Cloro Total (mg/L)": "0", "Conductividad (muS/cm)": "72", "Temperatura (°C)": "17.3", "ID": "Atotonilco el Grande_La Loma del Zapote_Cárcamo El Zapote" }, "geometry": { "type": "Point", "coordinates": [ -98.569584218165176, 20.334025869037053 ] } },
{ "type": "Feature", "properties": { "CVEGEO_LOC": "130130005", "AÑO": 2015.0, "NOM_MUN": "Atotonilco de Tula", "NOM_LOC": "La Cañada", "Fuente de abastecimiento": "Pozo La Cañada", "Coliformes Totales (Ausencia o Presencia/100mL)": "Presencia", "E. Coli (Ausencia o Presencia/100mL)": "Ausencia", "Arsenico (mg/L)": "0", "Bario (mg/L)": "0.03", "Cadmio (mg/L)": null, "Cobre (mg/L)": "0", "Hierro (mg/L)": "0", "Manganeso (mg/L)": "0", "Plomo (mg/L)": "0", "Zinc (mg/L)": "0.03", "Cianuros (mg/L)": "0.002", "Cloro Residual (mg/L)": "0", "Cloruros (mg/L)": "4.6", "Dureza Total (mg/L)": "322.21", "Fluoruros (mg/L)": "0.14", "Nitratos (mg/L)": "0.5", "Nitritos (mg/L)": "0.008", "Ph": "7.72", "SDT (mg/L)": "386", "Sulfatos (mg/L)": "91", "Cloro Total (mg/L)": "0", "Conductividad (muS/cm)": "818", "Temperatura (°C)": "21.3", "ID": "Atotonilco de Tula_La Cañada_Pozo La Cañada" }, "geometry": { "type": "Point", "coordinates": [ -99.242119342826498, 19.991470796663926 ] } },
{ "type": "Feature", "properties": { "CVEGEO_LOC": "130130005", "AÑO": 2014.0, "NOM_MUN": "Atotonilco de Tula", "NOM_LOC": "La Cañada", "Fuente de abastecimiento": "Pozo La Cañada", "Coliformes Totales (Ausencia o Presencia/100mL)": "Presencia", "E. Coli (Ausencia o Presencia/100mL)": "Ausencia", "Arsenico (mg/L)": "0", "Bario (mg/L)": "0.03", "Cadmio (mg/L)": null, "Cobre (mg/L)": "0", "Hierro (mg/L)": "0", "Manganeso (mg/L)": "0", "Plomo (mg/L)": "0", "Zinc (mg/L)": "0.03", "Cianuros (mg/L)": "0.002", "Cloro Residual (mg/L)": "0", "Cloruros (mg/L)": "4.6", "Dureza Total (mg/L)": "322.21", "Fluoruros (mg/L)": "0.14", "Nitratos (mg/L)": "0.5", "Nitritos (mg/L)": "0.0058", "Ph": "7.72", "SDT (mg/L)": "386", "Sulfatos (mg/L)": "91", "Cloro Total (mg/L)": "0", "Conductividad (muS/cm)": "818", "Temperatura (°C)": "21.3", "ID": "Atotonilco de Tula_La Cañada_Pozo La Cañada" }, "geometry": { "type": "Point", "coordinates": [ -99.242119342826498, 19.991470796663926 ] } },
{ "type": "Feature", "properties": { "CVEGEO_LOC": "130130015", "AÑO": 2017.0, "NOM_MUN": "Atotonilco de Tula", "NOM_LOC": "San Antonio", "Fuente de abastecimiento": "Pozo SanAntonio", "Coliformes Totales (Ausencia o Presencia/100mL)": "ND", "E. Coli (Ausencia o Presencia/100mL)": "ND", "Arsenico (mg/L)": "0.02", "Bario (mg/L)": "0", "Cadmio (mg/L)": null, "Cobre (mg/L)": "0.14", "Hierro (mg/L)": "0.02", "Manganeso (mg/L)": "0", "Plomo (mg/L)": "0", "Zinc (mg/L)": "0.03", "Cianuros (mg/L)": null, "Cloro Residual (mg/L)": null, "Cloruros (mg/L)": null, "Dureza Total (mg/L)": null, "Fluoruros (mg/L)": null, "Nitratos (mg/L)": null, "Nitritos (mg/L)": null, "Ph": null, "SDT (mg/L)": null, "Sulfatos (mg/L)": null, "Cloro Total (mg/L)": null, "Conductividad (muS/cm)": null, "Temperatura (°C)": null, "ID": "Atotonilco de Tula_San Antonio_Pozo SanAntonio" }, "geometry": { "type": "Point", "coordinates": [ -99.290159303256516, 19.956769203163113 ] } },
{ "type": "Feature", "properties": { "CVEGEO_LOC": "130130029", "AÑO": 2017.0, "NOM_MUN": "Atotonilco de Tula", "NOM_LOC": "Paseos de la Pradera", "Fuente de abastecimiento": "Pozo 2", "Coliformes Totales (Ausencia o Presencia/100mL)": "ND", "E. Coli (Ausencia o Presencia/100mL)": "ND", "Arsenico (mg/L)": "0.02", "Bario (mg/L)": "0", "Cadmio (mg/L)": null, "Cobre (mg/L)": "0.17", "Hierro (mg/L)": "0.04", "Manganeso (mg/L)": "0", "Plomo (mg/L)": "0", "Zinc (mg/L)": "0.01", "Cianuros (mg/L)": null, "Cloro Residual (mg/L)": null, "Cloruros (mg/L)": null, "Dureza Total (mg/L)": null, "Fluoruros (mg/L)": null, "Nitratos (mg/L)": null, "Nitritos (mg/L)": null, "Ph": null, "SDT (mg/L)": null, "Sulfatos (mg/L)": null, "Cloro Total (mg/L)": null, "Conductividad (muS/cm)": null, "Temperatura (°C)": null, "ID": "Atotonilco de Tula_Paseos de la Pradera_Pozo 2" }, "geometry": { "type": "Point", "coordinates": [ -99.227810913198837, 19.896765922475211 ] } },
{ "type": "Feature", "properties": { "CVEGEO_LOC": "130140001", "AÑO": 2016.0, "NOM_MUN": "Calnali", "NOM_LOC": "Calnali", "Fuente de abastecimiento": "Río Calnali", "Coliformes Totales (Ausencia o Presencia/100mL)": "Presencia", "E. Coli (Ausencia o Presencia/100mL)": "Presencia", "Arsenico (mg/L)": "0", "Bario (mg/L)": "0", "Cadmio (mg/L)": "ND", "Cobre (mg/L)": "0.1", "Hierro (mg/L)": "0", "Manganeso (mg/L)": "0", "Plomo (mg/L)": "0", "Zinc (mg/L)": "0.03", "Cianuros (mg/L)": "1", "Cloro Residual (mg/L)": "0", "Cloruros (mg/L)": "33", "Dureza Total (mg/L)": "92.2", "Fluoruros (mg/L)": "0.12", "Nitratos (mg/L)": "0.11", "Nitritos (mg/L)": "0", "Ph": "7.35", "SDT (mg/L)": "116.2", "Sulfatos (mg/L)": "0", "Cloro Total (mg/L)": "0.01", "Conductividad (muS/cm)": "503", "Temperatura (°C)": "45714", "ID": "Calnali_Calnali_Río Calnali" }, "geometry": { "type": "Point", "coordinates": [ -98.588321866556115, 20.895074265203213 ] } },
{ "type": "Feature", "properties": { "CVEGEO_LOC": "130140009", "AÑO": 2015.0, "NOM_MUN": "Calnali", "NOM_LOC": "San Andrés (San Andrés Chichayotla)", "Fuente de abastecimiento": "Manantial Montesito", "Coliformes Totales (Ausencia o Presencia/100mL)": "Presencia", "E. Coli (Ausencia o Presencia/100mL)": "Ausencia", "Arsenico (mg/L)": "0", "Bario (mg/L)": "0", "Cadmio (mg/L)": null, "Cobre (mg/L)": "0.22", "Hierro (mg/L)": "0", "Manganeso (mg/L)": "0", "Plomo (mg/L)": "0", "Zinc (mg/L)": "0.05", "Cianuros (mg/L)": "0", "Cloro Residual (mg/L)": "0.1", "Cloruros (mg/L)": "4.2", "Dureza Total (mg/L)": "221.22", "Fluoruros (mg/L)": "0.13", "Nitratos (mg/L)": "0.2", "Nitritos (mg/L)": "0.005", "Ph": "7.4", "SDT (mg/L)": "136.7", "Sulfatos (mg/L)": "6", "Cloro Total (mg/L)": "0", "Conductividad (muS/cm)": "265", "Temperatura (°C)": "25.3", "ID": "Calnali_San Andrés (San Andrés Chichayotla)_Manantial Montesito" }, "geometry": { "type": "Point", "coordinates": [ -98.563258785665681, 20.926149738195011 ] } },
{ "type": "Feature", "properties": { "CVEGEO_LOC": "130140011", "AÑO": 2016.0, "NOM_MUN": "Calnali", "NOM_LOC": "Pezmatlán", "Fuente de abastecimiento": "Manantial Chicuapa", "Coliformes Totales (Ausencia o Presencia/100mL)": "Presencia", "E. Coli (Ausencia o Presencia/100mL)": "Presencia", "Arsenico (mg/L)": "0", "Bario (mg/L)": "0", "Cadmio (mg/L)": "ND", "Cobre (mg/L)": "0.03", "Hierro (mg/L)": "0.02", "Manganeso (mg/L)": "0", "Plomo (mg/L)": "0", "Zinc (mg/L)": "0.01", "Cianuros (mg/L)": "2", "Cloro Residual (mg/L)": "0", "Cloruros (mg/L)": "45781", "Dureza Total (mg/L)": "85.2", "Fluoruros (mg/L)": "0.52", "Nitratos (mg/L)": "0.9", "Nitritos (mg/L)": "4", "Ph": "7.41", "SDT (mg/L)": "49.5", "Sulfatos (mg/L)": "45692", "Cloro Total (mg/L)": "0.01", "Conductividad (muS/cm)": "65.7", "Temperatura (°C)": "45740", "ID": "Calnali_Pezmatlán_Manantial Chicuapa" }, "geometry": { "type": "Point", "coordinates": [ -98.548492665185762, 20.894163353999179 ] } },
{ "type": "Feature", "properties": { "CVEGEO_LOC": "130140020", "AÑO": 2015.0, "NOM_MUN": "Calnali", "NOM_LOC": "Tula", "Fuente de abastecimiento": "Tanque de Distribución", "Coliformes Totales (Ausencia o Presencia/100mL)": "Presencia", "E. Coli (Ausencia o Presencia/100mL)": "Ausencia", "Arsenico (mg/L)": "0", "Bario (mg/L)": "0", "Cadmio (mg/L)": null, "Cobre (mg/L)": "0.01", "Hierro (mg/L)": "0.01", "Manganeso (mg/L)": "0", "Plomo (mg/L)": "0", "Zinc (mg/L)": "0.05", "Cianuros (mg/L)": "0", "Cloro Residual (mg/L)": "0", "Cloruros (mg/L)": "3.2", "Dureza Total (mg/L)": "111.11", "Fluoruros (mg/L)": "0.06", "Nitratos (mg/L)": "0.5", "Nitritos (mg/L)": "0.008", "Ph": "7.6", "SDT (mg/L)": "96.2", "Sulfatos (mg/L)": "1", "Cloro Total (mg/L)": "0.01", "Conductividad (muS/cm)": "133.31", "Temperatura (°C)": "24.3", "ID": "Calnali_Tula_Tanque de Distribución" }, "geometry": { "type": "Point", "coordinates": [ -98.541614122070143, 20.87622185845958 ] } },
{ "type": "Feature", "properties": { "CVEGEO_LOC": "1301400290018800", "AÑO": 2014.0, "NOM_MUN": "Calnali", "NOM_LOC": "Texcaco (Sagrado Corazón de Jesús)", "Fuente de abastecimiento": "Manantial Texcaco", "Coliformes Totales (Ausencia o Presencia/100mL)": "Presencia", "E. Coli (Ausencia o Presencia/100mL)": "Presencia", "Arsenico (mg/L)": "0", "Bario (mg/L)": "0", "Cadmio (mg/L)": null, "Cobre (mg/L)": "0.7", "Hierro (mg/L)": "0.03", "Manganeso (mg/L)": "0", "Plomo (mg/L)": "0", "Zinc (mg/L)": "0.02", "Cianuros (mg/L)": "0.003", "Cloro Residual (mg/L)": "0.3", "Cloruros (mg/L)": "1.9", "Dureza Total (mg/L)": "126.66", "Fluoruros (mg/L)": "0.35", "Nitratos (mg/L)": "0.7", "Nitritos (mg/L)": "0.004", "Ph": "7.44", "SDT (mg/L)": "122.2", "Sulfatos (mg/L)": "2", "Cloro Total (mg/L)": "0", "Conductividad (muS/cm)": "117.2", "Temperatura (°C)": "21.6", "ID": "Calnali_Texcaco (Sagrado Corazón de Jesús)_Manantial Texcaco" }, "geometry": { "type": "Point", "coordinates": [ -98.595831443013594, 20.907626056617296 ] } },
{ "type": "Feature", "properties": { "CVEGEO_LOC": "1301400290018800", "AÑO": 2013.0, "NOM_MUN": "Calnali", "NOM_LOC": "Texcaco (Sagrado Corazón de Jesús)", "Fuente de abastecimiento": "Pozo Mohai", "Coliformes Totales (Ausencia o Presencia/100mL)": "Presencia", "E. Coli (Ausencia o Presencia/100mL)": "Ausencia", "Arsenico (mg/L)": "0", "Bario (mg/L)": "0", "Cadmio (mg/L)": "ND", "Cobre (mg/L)": "0", "Hierro (mg/L)": "0", "Manganeso (mg/L)": "0", "Plomo (mg/L)": "0", "Zinc (mg/L)": "0.04", "Cianuros (mg/L)": "2", "Cloro Residual (mg/L)": "0", "Cloruros (mg/L)": "45781", "Dureza Total (mg/L)": "124.44", "Fluoruros (mg/L)": "0.1", "Nitratos (mg/L)": "1", "Nitritos (mg/L)": "33", "Ph": "45846", "SDT (mg/L)": "118", "Sulfatos (mg/L)": "0", "Cloro Total (mg/L)": "0", "Conductividad (muS/cm)": "256", "Temperatura (°C)": "45856", "ID": "Calnali_Texcaco (Sagrado Corazón de Jesús)_Pozo Mohai" }, "geometry": { "type": "Point", "coordinates": [ -98.595830224106152, 20.908077832398657 ] } },
{ "type": "Feature", "properties": { "CVEGEO_LOC": "1301400430018800", "AÑO": 2014.0, "NOM_MUN": "Calnali", "NOM_LOC": "Chicuapa", "Fuente de abastecimiento": "Noria Chiciapa", "Coliformes Totales (Ausencia o Presencia/100mL)": "Presencia", "E. Coli (Ausencia o Presencia/100mL)": "Presencia", "Arsenico (mg/L)": "0", "Bario (mg/L)": "0", "Cadmio (mg/L)": null, "Cobre (mg/L)": "0.01", "Hierro (mg/L)": "0.02", "Manganeso (mg/L)": "0", "Plomo (mg/L)": "0", "Zinc (mg/L)": "0.02", "Cianuros (mg/L)": "0.002", "Cloro Residual (mg/L)": "0.04", "Cloruros (mg/L)": "3", "Dureza Total (mg/L)": "82.22", "Fluoruros (mg/L)": "0.5", "Nitratos (mg/L)": "0.6", "Nitritos (mg/L)": "0.006", "Ph": "7.35", "SDT (mg/L)": "39.1", "Sulfatos (mg/L)": "2", "Cloro Total (mg/L)": "0.04", "Conductividad (muS/cm)": "31.3", "Temperatura (°C)": "21.7", "ID": "Calnali_Chicuapa_Noria Chiciapa" }, "geometry": { "type": "Point", "coordinates": [ -98.611881481316033, 20.891497214013121 ] } },
{ "type": "Feature", "properties": { "CVEGEO_LOC": "130140109", "AÑO": 2013.0, "NOM_MUN": "Calnali", "NOM_LOC": "San Isidro", "Fuente de abastecimiento": "Pozo Isidro", "Coliformes Totales (Ausencia o Presencia/100mL)": "Presencia", "E. Coli (Ausencia o Presencia/100mL)": "Presencia", "Arsenico (mg/L)": "0", "Bario (mg/L)": "0", "Cadmio (mg/L)": null, "Cobre (mg/L)": "0.028", "Hierro (mg/L)": "0", "Manganeso (mg/L)": "0", "Plomo (mg/L)": "0", "Zinc (mg/L)": "0.032", "Cianuros (mg/L)": "0.001", "Cloro Residual (mg/L)": "0", "Cloruros (mg/L)": "8.5", "Dureza Total (mg/L)": "89.99", "Fluoruros (mg/L)": "0.16", "Nitratos (mg/L)": "1.1", "Nitritos (mg/L)": "0.004", "Ph": "8.22", "SDT (mg/L)": "125", "Sulfatos (mg/L)": "0.1", "Cloro Total (mg/L)": "0", "Conductividad (muS/cm)": "85.4", "Temperatura (°C)": "18.6", "ID": "Calnali_San Isidro_Pozo Isidro" }, "geometry": { "type": "Point", "coordinates": [ -98.585525806866912, 20.90294796360423 ] } },
{ "type": "Feature", "properties": { "CVEGEO_LOC": "130150001", "AÑO": 2013.0, "NOM_MUN": "Cardonal", "NOM_LOC": "Cardonal", "Fuente de abastecimiento": "Manantial Ojo de Agua", "Coliformes Totales (Ausencia o Presencia/100mL)": "Presencia", "E. Coli (Ausencia o Presencia/100mL)": "Ausencia", "Arsenico (mg/L)": "0", "Bario (mg/L)": "0", "Cadmio (mg/L)": null, "Cobre (mg/L)": "0.3", "Hierro (mg/L)": "0.03", "Manganeso (mg/L)": "0", "Plomo (mg/L)": "0", "Zinc (mg/L)": "0.2", "Cianuros (mg/L)": "0.004", "Cloro Residual (mg/L)": "0.02", "Cloruros (mg/L)": "19.6", "Dureza Total (mg/L)": "176.61", "Fluoruros (mg/L)": "0.4", "Nitratos (mg/L)": "1", "Nitritos (mg/L)": "0", "Ph": "7.8", "SDT (mg/L)": "126", "Sulfatos (mg/L)": "59.6", "Cloro Total (mg/L)": "0", "Conductividad (muS/cm)": "336", "Temperatura (°C)": "18", "ID": "Cardonal_Cardonal_Manantial Ojo de Agua" }, "geometry": { "type": "Point", "coordinates": [ -99.116207311159314, 20.61534607259636 ] } },
{ "type": "Feature", "properties": { "CVEGEO_LOC": "130150001", "AÑO": 2013.0, "NOM_MUN": "Cardonal", "NOM_LOC": "Cardonal", "Fuente de abastecimiento": "Manantial Xithi", "Coliformes Totales (Ausencia o Presencia/100mL)": "Presencia", "E. Coli (Ausencia o Presencia/100mL)": "Ausencia", "Arsenico (mg/L)": "0", "Bario (mg/L)": "0", "Cadmio (mg/L)": null, "Cobre (mg/L)": "0.4", "Hierro (mg/L)": "0", "Manganeso (mg/L)": "0", "Plomo (mg/L)": "0", "Zinc (mg/L)": "0.3", "Cianuros (mg/L)": "0.005", "Cloro Residual (mg/L)": "0.05", "Cloruros (mg/L)": "20.1", "Dureza Total (mg/L)": "180.01", "Fluoruros (mg/L)": "0.5", "Nitratos (mg/L)": "1.3", "Nitritos (mg/L)": "0.009", "Ph": "7.4", "SDT (mg/L)": "215", "Sulfatos (mg/L)": "60", "Cloro Total (mg/L)": "0", "Conductividad (muS/cm)": "450", "Temperatura (°C)": "19.2", "ID": "Cardonal_Cardonal_Manantial Xithi" }, "geometry": { "type": "Point", "coordinates": [ -99.113893519146359, 20.612125702541221 ] } },
{ "type": "Feature", "properties": { "CVEGEO_LOC": "130150001", "AÑO": 2015.0, "NOM_MUN": "Cardonal", "NOM_LOC": "Cardonal", "Fuente de abastecimiento": "Pozo Durango", "Coliformes Totales (Ausencia o Presencia/100mL)": "Presencia", "E. Coli (Ausencia o Presencia/100mL)": "Ausencia", "Arsenico (mg/L)": "0", "Bario (mg/L)": "0", "Cadmio (mg/L)": null, "Cobre (mg/L)": "0.65", "Hierro (mg/L)": "0.06", "Manganeso (mg/L)": "0", "Plomo (mg/L)": "0", "Zinc (mg/L)": "0.11", "Cianuros (mg/L)": "0", "Cloro Residual (mg/L)": "0", "Cloruros (mg/L)": "140.9", "Dureza Total (mg/L)": "388.88", "Fluoruros (mg/L)": "1.02", "Nitratos (mg/L)": "4.6", "Nitritos (mg/L)": "0.007", "Ph": "7.22", "SDT (mg/L)": "266", "Sulfatos (mg/L)": "86", "Cloro Total (mg/L)": "0", "Conductividad (muS/cm)": "394", "Temperatura (°C)": "26.3", "ID": "Cardonal_Cardonal_Pozo Durango" }, "geometry": { "type": "Point", "coordinates": [ -99.117531360320498, 20.612746093414209 ] } },
{ "type": "Feature", "properties": { "CVEGEO_LOC": "130150001", "AÑO": 2015.0, "NOM_MUN": "Cardonal", "NOM_LOC": "Cardonal", "Fuente de abastecimiento": "Pozo La Vega", "Coliformes Totales (Ausencia o Presencia/100mL)": "Presencia", "E. Coli (Ausencia o Presencia/100mL)": "Ausencia", "Arsenico (mg/L)": "0", "Bario (mg/L)": "0", "Cadmio (mg/L)": null, "Cobre (mg/L)": "0.88", "Hierro (mg/L)": "0.03", "Manganeso (mg/L)": "0", "Plomo (mg/L)": "0", "Zinc (mg/L)": "0.07", "Cianuros (mg/L)": "0", "Cloro Residual (mg/L)": "0", "Cloruros (mg/L)": "15.3", "Dureza Total (mg/L)": "211.1", "Fluoruros (mg/L)": "0.52", "Nitratos (mg/L)": "0.6", "Nitritos (mg/L)": "0.03", "Ph": "7.81", "SDT (mg/L)": "310", "Sulfatos (mg/L)": "56", "Cloro Total (mg/L)": "0", "Conductividad (muS/cm)": "391", "Temperatura (°C)": "25.8", "ID": "Cardonal_Cardonal_Pozo La Vega" }, "geometry": { "type": "Point", "coordinates": [ -99.118590082664809, 20.615795657827803 ] } },
{ "type": "Feature", "properties": { "CVEGEO_LOC": "130150013", "AÑO": 2018.0, "NOM_MUN": "Cardonal", "NOM_LOC": "La Florida", "Fuente de abastecimiento": "Manantial Pozo Seco", "Coliformes Totales (Ausencia o Presencia/100mL)": "Presencia", "E. Coli (Ausencia o Presencia/100mL)": "Presencia", "Arsenico (mg/L)": "0", "Bario (mg/L)": "0", "Cadmio (mg/L)": "0", "Cobre (mg/L)": "0.68", "Hierro (mg/L)": "0.02", "Manganeso (mg/L)": "0", "Plomo (mg/L)": "0", "Zinc (mg/L)": "0", "Cianuros (mg/L)": "0", "Cloro Residual (mg/L)": "0", "Cloruros (mg/L)": "23.9", "Dureza Total (mg/L)": "219.99", "Fluoruros (mg/L)": "0.97", "Nitratos (mg/L)": "1", "Nitritos (mg/L)": "0.008", "Ph": "7.51", "SDT (mg/L)": "126", "Sulfatos (mg/L)": "35", "Cloro Total (mg/L)": "0", "Conductividad (muS/cm)": "219.99", "Temperatura (°C)": "24.6", "ID": "Cardonal_La Florida_Manantial Pozo Seco" }, "geometry": { "type": "Point", "coordinates": [ -98.994860999342308, 20.505755932042554 ] } },
{ "type": "Feature", "properties": { "CVEGEO_LOC": "130150013", "AÑO": 2018.0, "NOM_MUN": "Cardonal", "NOM_LOC": "La Florida", "Fuente de abastecimiento": "Tanque de Distribución", "Coliformes Totales (Ausencia o Presencia/100mL)": "Presencia", "E. Coli (Ausencia o Presencia/100mL)": "Ausencia", "Arsenico (mg/L)": "0", "Bario (mg/L)": "0", "Cadmio (mg/L)": "0", "Cobre (mg/L)": "0.61", "Hierro (mg/L)": "0.02", "Manganeso (mg/L)": "0.1", "Plomo (mg/L)": "0", "Zinc (mg/L)": "0", "Cianuros (mg/L)": "0", "Cloro Residual (mg/L)": "0.12", "Cloruros (mg/L)": "21.8", "Dureza Total (mg/L)": "286.666", "Fluoruros (mg/L)": "0.96", "Nitratos (mg/L)": "2.8", "Nitritos (mg/L)": "0.009", "Ph": "8.22", "SDT (mg/L)": "130", "Sulfatos (mg/L)": "36", "Cloro Total (mg/L)": "0.1", "Conductividad (muS/cm)": "334", "Temperatura (°C)": "27.2", "ID": "Cardonal_La Florida_Tanque de Distribución" }, "geometry": { "type": "Point", "coordinates": [ -98.997087559868788, 20.509810031743669 ] } },
{ "type": "Feature", "properties": { "CVEGEO_LOC": "130150013", "AÑO": 2018.0, "NOM_MUN": "Cardonal", "NOM_LOC": "La Florida", "Fuente de abastecimiento": "Toma Domiciliaria", "Coliformes Totales (Ausencia o Presencia/100mL)": "Presencia", "E. Coli (Ausencia o Presencia/100mL)": "Ausencia", "Arsenico (mg/L)": "0", "Bario (mg/L)": "0", "Cadmio (mg/L)": "0", "Cobre (mg/L)": "0.72", "Hierro (mg/L)": "0.03", "Manganeso (mg/L)": "0.36", "Plomo (mg/L)": "0", "Zinc (mg/L)": "0.01", "Cianuros (mg/L)": "0", "Cloro Residual (mg/L)": "0", "Cloruros (mg/L)": "28.1", "Dureza Total (mg/L)": "284.44", "Fluoruros (mg/L)": "1.17", "Nitratos (mg/L)": "1.4", "Nitritos (mg/L)": "0.01", "Ph": "7.75", "SDT (mg/L)": "135", "Sulfatos (mg/L)": "36", "Cloro Total (mg/L)": "0", "Conductividad (muS/cm)": "340", "Temperatura (°C)": "32.1", "ID": "Cardonal_La Florida_Toma Domiciliaria" }, "geometry": { "type": "Point", "coordinates": [ -98.995416783492971, 20.509037536566598 ] } },
{ "type": "Feature", "properties": { "CVEGEO_LOC": "130150019", "AÑO": 2016.0, "NOM_MUN": "Cardonal", "NOM_LOC": "Pozuelos", "Fuente de abastecimiento": "Pozo Pozuelos", "Coliformes Totales (Ausencia o Presencia/100mL)": "Presencia", "E. Coli (Ausencia o Presencia/100mL)": "Ausencia", "Arsenico (mg/L)": "0", "Bario (mg/L)": "0", "Cadmio (mg/L)": "ND", "Cobre (mg/L)": "0.01", "Hierro (mg/L)": "0", "Manganeso (mg/L)": "0", "Plomo (mg/L)": "0", "Zinc (mg/L)": "0.03", "Cianuros (mg/L)": "2", "Cloro Residual (mg/L)": "0", "Cloruros (mg/L)": "45864", "Dureza Total (mg/L)": "326.66", "Fluoruros (mg/L)": "0.4", "Nitratos (mg/L)": "0.9", "Nitritos (mg/L)": "1", "Ph": "7.53", "SDT (mg/L)": "146.7", "Sulfatos (mg/L)": "40", "Cloro Total (mg/L)": "0", "Conductividad (muS/cm)": "532", "Temperatura (°C)": "45685", "ID": "Cardonal_Pozuelos_Pozo Pozuelos" }, "geometry": { "type": "Point", "coordinates": [ -99.058734079120512, 20.486601637392873 ] } },
{ "type": "Feature", "properties": { "CVEGEO_LOC": "130150021", "AÑO": 2016.0, "NOM_MUN": "Cardonal", "NOM_LOC": "San Antonio Sabanillas", "Fuente de abastecimiento": "Pozo Mohai", "Coliformes Totales (Ausencia o Presencia/100mL)": "Presencia", "E. Coli (Ausencia o Presencia/100mL)": "Ausencia", "Arsenico (mg/L)": "0", "Bario (mg/L)": "0", "Cadmio (mg/L)": "ND", "Cobre (mg/L)": "0.3", "Hierro (mg/L)": "0.04", "Manganeso (mg/L)": "0", "Plomo (mg/L)": "0", "Zinc (mg/L)": "0.3", "Cianuros (mg/L)": "5", "Cloro Residual (mg/L)": "0.1", "Cloruros (mg/L)": "45828", "Dureza Total (mg/L)": "186.82", "Fluoruros (mg/L)": "0.6", "Nitratos (mg/L)": "45658", "Nitritos (mg/L)": "0.01", "Ph": "45907", "SDT (mg/L)": "137", "Sulfatos (mg/L)": "60.7", "Cloro Total (mg/L)": "0.1", "Conductividad (muS/cm)": "311", "Temperatura (°C)": "45837", "ID": "Cardonal_San Antonio Sabanillas_Pozo Mohai" }, "geometry": { "type": "Point", "coordinates": [ -99.135084820134665, 20.577291032917699 ] } },
{ "type": "Feature", "properties": { "CVEGEO_LOC": "130150023", "AÑO": 2014.0, "NOM_MUN": "Cardonal", "NOM_LOC": "San Cristóbal", "Fuente de abastecimiento": "Tanque San Cristóbal", "Coliformes Totales (Ausencia o Presencia/100mL)": "Presencia", "E. Coli (Ausencia o Presencia/100mL)": "Presencia", "Arsenico (mg/L)": "0.01", "Bario (mg/L)": "0", "Cadmio (mg/L)": null, "Cobre (mg/L)": "0.43", "Hierro (mg/L)": "0.02", "Manganeso (mg/L)": "0.1", "Plomo (mg/L)": "0.01", "Zinc (mg/L)": "2.05", "Cianuros (mg/L)": "0.005", "Cloro Residual (mg/L)": "0.1", "Cloruros (mg/L)": "22.1", "Dureza Total (mg/L)": "315.55", "Fluoruros (mg/L)": "0.66", "Nitratos (mg/L)": "4.4", "Nitritos (mg/L)": "0.023", "Ph": "7.66", "SDT (mg/L)": "697", "Sulfatos (mg/L)": "84", "Cloro Total (mg/L)": "0.1", "Conductividad (muS/cm)": "654", "Temperatura (°C)": "21.8", "ID": "Cardonal_San Cristóbal_Tanque San Cristóbal" }, "geometry": { "type": "Point", "coordinates": [ -98.999173823587739, 20.597407191543041 ] } },
{ "type": "Feature", "properties": { "CVEGEO_LOC": "130150035", "AÑO": 2014.0, "NOM_MUN": "Cardonal", "NOM_LOC": "Durango Daboxtha", "Fuente de abastecimiento": "Pozo Durango", "Coliformes Totales (Ausencia o Presencia/100mL)": "Presencia", "E. Coli (Ausencia o Presencia/100mL)": "Ausencia", "Arsenico (mg/L)": "0.01", "Bario (mg/L)": "0", "Cadmio (mg/L)": null, "Cobre (mg/L)": "0.03", "Hierro (mg/L)": "0.05", "Manganeso (mg/L)": "0.1", "Plomo (mg/L)": "0.01", "Zinc (mg/L)": "0.08", "Cianuros (mg/L)": "0.004", "Cloro Residual (mg/L)": "0.1", "Cloruros (mg/L)": "23.6", "Dureza Total (mg/L)": "271.1", "Fluoruros (mg/L)": "0.32", "Nitratos (mg/L)": "5.8", "Nitritos (mg/L)": "0.003", "Ph": "7.33", "SDT (mg/L)": "694", "Sulfatos (mg/L)": "80", "Cloro Total (mg/L)": "0", "Conductividad (muS/cm)": "683", "Temperatura (°C)": "27", "ID": "Cardonal_Durango Daboxtha_Pozo Durango" }, "geometry": { "type": "Point", "coordinates": [ -99.072238520016015, 20.54103873262045 ] } },
{ "type": "Feature", "properties": { "CVEGEO_LOC": "130150092", "AÑO": 2014.0, "NOM_MUN": "Cardonal", "NOM_LOC": "Manzana del Cubo", "Fuente de abastecimiento": "Tanque El Cubo", "Coliformes Totales (Ausencia o Presencia/100mL)": "Presencia", "E. Coli (Ausencia o Presencia/100mL)": "Presencia", "Arsenico (mg/L)": "0.01", "Bario (mg/L)": "0", "Cadmio (mg/L)": null, "Cobre (mg/L)": "0.48", "Hierro (mg/L)": "0.05", "Manganeso (mg/L)": "0.1", "Plomo (mg/L)": "0.01", "Zinc (mg/L)": "1.63", "Cianuros (mg/L)": "0.006", "Cloro Residual (mg/L)": "0", "Cloruros (mg/L)": "23.5", "Dureza Total (mg/L)": "286.66", "Fluoruros (mg/L)": "0.64", "Nitratos (mg/L)": "6.1", "Nitritos (mg/L)": "0.015", "Ph": "7.79", "SDT (mg/L)": "682", "Sulfatos (mg/L)": "80", "Cloro Total (mg/L)": "0", "Conductividad (muS/cm)": "668", "Temperatura (°C)": "17.1", "ID": "Cardonal_Manzana del Cubo_Tanque El Cubo" }, "geometry": { "type": "Point", "coordinates": [ -99.080079182262182, 20.62083711448027 ] } },
{ "type": "Feature", "properties": { "CVEGEO_LOC": "130150115", "AÑO": 2012.0, "NOM_MUN": "Cardonal", "NOM_LOC": "Palacios", "Fuente de abastecimiento": "Captación La Joya", "Coliformes Totales (Ausencia o Presencia/100mL)": "Presencia", "E. Coli (Ausencia o Presencia/100mL)": "Presencia", "Arsenico (mg/L)": "0", "Bario (mg/L)": "0", "Cadmio (mg/L)": null, "Cobre (mg/L)": "0.015", "Hierro (mg/L)": "0", "Manganeso (mg/L)": "0.5", "Plomo (mg/L)": "0", "Zinc (mg/L)": "0.028", "Cianuros (mg/L)": "0.006", "Cloro Residual (mg/L)": "0.02", "Cloruros (mg/L)": "77.75", "Dureza Total (mg/L)": "206.6646", "Fluoruros (mg/L)": "0.319", "Nitratos (mg/L)": "0.3", "Nitritos (mg/L)": "0.0092", "Ph": "7.24", "SDT (mg/L)": "401.3", "Sulfatos (mg/L)": "0", "Cloro Total (mg/L)": "0", "Conductividad (muS/cm)": "764", "Temperatura (°C)": "19.2", "ID": "Cardonal_Palacios_Captación La Joya" }, "geometry": { "type": "Point", "coordinates": [ -99.166576710426767, 20.650397024619785 ] } },
{ "type": "Feature", "properties": { "CVEGEO_LOC": "130150115", "AÑO": 2012.0, "NOM_MUN": "Cardonal", "NOM_LOC": "Palacios", "Fuente de abastecimiento": "Manantial", "Coliformes Totales (Ausencia o Presencia/100mL)": "Presencia", "E. Coli (Ausencia o Presencia/100mL)": "Presencia", "Arsenico (mg/L)": "0.011", "Bario (mg/L)": "0", "Cadmio (mg/L)": null, "Cobre (mg/L)": "0", "Hierro (mg/L)": "0", "Manganeso (mg/L)": "0.2", "Plomo (mg/L)": "0", "Zinc (mg/L)": "0.029", "Cianuros (mg/L)": "0.005", "Cloro Residual (mg/L)": "0", "Cloruros (mg/L)": "56", "Dureza Total (mg/L)": "66.666", "Fluoruros (mg/L)": "0.45", "Nitratos (mg/L)": "1", "Nitritos (mg/L)": "0.0107", "Ph": "7.84", "SDT (mg/L)": "0", "Sulfatos (mg/L)": "102.5", "Cloro Total (mg/L)": "0", "Conductividad (muS/cm)": "171.8", "Temperatura (°C)": "17.1", "ID": "Cardonal_Palacios_Manantial" }, "geometry": { "type": "Point", "coordinates": [ -99.170032001359914, 20.652652071405839 ] } },
{ "type": "Feature", "properties": { "CVEGEO_LOC": "130160001", "AÑO": 2013.0, "NOM_MUN": "Cuautepec de Hinojosa", "NOM_LOC": "Cuautepec", "Fuente de abastecimiento": "Pozo \"Bocya\"", "Coliformes Totales (Ausencia o Presencia/100mL)": "Presencia", "E. Coli (Ausencia o Presencia/100mL)": "Ausencia", "Arsenico (mg/L)": "0", "Bario (mg/L)": "0", "Cadmio (mg/L)": null, "Cobre (mg/L)": "0.2", "Hierro (mg/L)": "0.03", "Manganeso (mg/L)": "0", "Plomo (mg/L)": "0", "Zinc (mg/L)": "0.03", "Cianuros (mg/L)": "0.002", "Cloro Residual (mg/L)": "0.09", "Cloruros (mg/L)": "46.9", "Dureza Total (mg/L)": "74.44", "Fluoruros (mg/L)": "0.1", "Nitratos (mg/L)": "0", "Nitritos (mg/L)": "0", "Ph": "7.32", "SDT (mg/L)": "236.1", "Sulfatos (mg/L)": "8", "Cloro Total (mg/L)": "0.05", "Conductividad (muS/cm)": "332", "Temperatura (°C)": "30.7", "ID": "Cuautepec de Hinojosa_Cuautepec_Pozo \"Bocya\"" }, "geometry": { "type": "Point", "coordinates": [ -98.320736669093449, 20.049008430059079 ] } },
{ "type": "Feature", "properties": { "CVEGEO_LOC": "130160001", "AÑO": 2012.0, "NOM_MUN": "Cuautepec de Hinojosa", "NOM_LOC": "Cuautepec", "Fuente de abastecimiento": "Pozo Las Peñitas", "Coliformes Totales (Ausencia o Presencia/100mL)": "Presencia", "E. Coli (Ausencia o Presencia/100mL)": "Presencia", "Arsenico (mg/L)": "0", "Bario (mg/L)": "0.7", "Cadmio (mg/L)": null, "Cobre (mg/L)": "0.151", "Hierro (mg/L)": "0.203", "Manganeso (mg/L)": "0", "Plomo (mg/L)": "0", "Zinc (mg/L)": "0.025", "Cianuros (mg/L)": "0", "Cloro Residual (mg/L)": "0.07", "Cloruros (mg/L)": "74.25", "Dureza Total (mg/L)": "88.888", "Fluoruros (mg/L)": "0.11", "Nitratos (mg/L)": "0", "Nitritos (mg/L)": "0", "Ph": "7.03", "SDT (mg/L)": "85.8", "Sulfatos (mg/L)": "15", "Cloro Total (mg/L)": "0.11", "Conductividad (muS/cm)": "179.3", "Temperatura (°C)": "23.2", "ID": "Cuautepec de Hinojosa_Cuautepec_Pozo Las Peñitas" }, "geometry": { "type": "Point", "coordinates": [ -98.310235636847551, 20.026789813513194 ] } },
{ "type": "Feature", "properties": { "CVEGEO_LOC": "130160001", "AÑO": 2014.0, "NOM_MUN": "Cuautepec de Hinojosa", "NOM_LOC": "Cuautepec", "Fuente de abastecimiento": "Pozo Santa Rita", "Coliformes Totales (Ausencia o Presencia/100mL)": "Presencia", "E. Coli (Ausencia o Presencia/100mL)": "Ausencia", "Arsenico (mg/L)": "0", "Bario (mg/L)": "0", "Cadmio (mg/L)": null, "Cobre (mg/L)": "0.21", "Hierro (mg/L)": "0.04", "Manganeso (mg/L)": "0", "Plomo (mg/L)": "0", "Zinc (mg/L)": "0.06", "Cianuros (mg/L)": "0.003", "Cloro Residual (mg/L)": "0.02", "Cloruros (mg/L)": "10.5", "Dureza Total (mg/L)": "155.55", "Fluoruros (mg/L)": "0.5", "Nitratos (mg/L)": "3.3", "Nitritos (mg/L)": "0.005", "Ph": "7.36", "SDT (mg/L)": "166.5", "Sulfatos (mg/L)": "5", "Cloro Total (mg/L)": "0.07", "Conductividad (muS/cm)": "169.2", "Temperatura (°C)": "33.9", "ID": "Cuautepec de Hinojosa_Cuautepec_Pozo Santa Rita" }, "geometry": { "type": "Point", "coordinates": [ -98.330446006975336, 20.04324626934573 ] } },
{ "type": "Feature", "properties": { "CVEGEO_LOC": "130160002", "AÑO": 2019.0, "NOM_MUN": "Cuautepec de Hinojosa", "NOM_LOC": "Alhuajoyucan", "Fuente de abastecimiento": "Pozo Alhuajoyucan", "Coliformes Totales (Ausencia o Presencia/100mL)": "Presencia", "E. Coli (Ausencia o Presencia/100mL)": "Presencia", "Arsenico (mg/L)": "0", "Bario (mg/L)": "0", "Cadmio (mg/L)": "0", "Cobre (mg/L)": "0.2", "Hierro (mg/L)": "0.21", "Manganeso (mg/L)": "0.12", "Plomo (mg/L)": "0", "Zinc (mg/L)": "0.3", "Cianuros (mg/L)": "0.001", "Cloro Residual (mg/L)": "0", "Cloruros (mg/L)": "20.7", "Dureza Total (mg/L)": "204.44", "Fluoruros (mg/L)": "0.5", "Nitratos (mg/L)": "0.1", "Nitritos (mg/L)": "0.002", "Ph": "6.42", "SDT (mg/L)": "311", "Sulfatos (mg/L)": "80", "Cloro Total (mg/L)": "0.03", "Conductividad (muS/cm)": "496", "Temperatura (°C)": "20.9", "ID": "Cuautepec de Hinojosa_Alhuajoyucan_Pozo Alhuajoyucan" }, "geometry": { "type": "Point", "coordinates": [ -98.225054139666327, 20.011521328824884 ] } },
{ "type": "Feature", "properties": { "CVEGEO_LOC": "130160005", "AÑO": 2019.0, "NOM_MUN": "Cuautepec de Hinojosa", "NOM_LOC": "El Capulín", "Fuente de abastecimiento": "Pozo el Capulin", "Coliformes Totales (Ausencia o Presencia/100mL)": "Presencia", "E. Coli (Ausencia o Presencia/100mL)": "Ausencia", "Arsenico (mg/L)": "0", "Bario (mg/L)": "0", "Cadmio (mg/L)": "0", "Cobre (mg/L)": "0.1", "Hierro (mg/L)": "0.3", "Manganeso (mg/L)": "0.1", "Plomo (mg/L)": "0", "Zinc (mg/L)": "0.2", "Cianuros (mg/L)": "0.003", "Cloro Residual (mg/L)": "0.08", "Cloruros (mg/L)": "27.56", "Dureza Total (mg/L)": "186.66", "Fluoruros (mg/L)": "0.7", "Nitratos (mg/L)": "1.4", "Nitritos (mg/L)": "0.1", "Ph": "6.69", "SDT (mg/L)": "128", "Sulfatos (mg/L)": "210", "Cloro Total (mg/L)": "0.02", "Conductividad (muS/cm)": "211", "Temperatura (°C)": "25.1", "ID": "Cuautepec de Hinojosa_El Capulín_Pozo el Capulin" }, "geometry": { "type": "Point", "coordinates": [ -98.266984148968149, 20.004537517493446 ] } },
{ "type": "Feature", "properties": { "CVEGEO_LOC": "130160008", "AÑO": 2017.0, "NOM_MUN": "Cuautepec de Hinojosa", "NOM_LOC": "Coatzetzengo", "Fuente de abastecimiento": "Pozo Coatzetzengo", "Coliformes Totales (Ausencia o Presencia/100mL)": "Presencia", "E. Coli (Ausencia o Presencia/100mL)": "Ausencia", "Arsenico (mg/L)": "0.001", "Bario (mg/L)": "0", "Cadmio (mg/L)": null, "Cobre (mg/L)": "0.01", "Hierro (mg/L)": "0", "Manganeso (mg/L)": "0", "Plomo (mg/L)": "0.004", "Zinc (mg/L)": "0.02", "Cianuros (mg/L)": null, "Cloro Residual (mg/L)": "0.03", "Cloruros (mg/L)": "52.8", "Dureza Total (mg/L)": "213.33", "Fluoruros (mg/L)": "0.55", "Nitratos (mg/L)": "0.04", "Nitritos (mg/L)": "0.001", "Ph": "7.79", "SDT (mg/L)": "1434", "Sulfatos (mg/L)": "102", "Cloro Total (mg/L)": "0.01", "Conductividad (muS/cm)": "1105", "Temperatura (°C)": "24.13", "ID": "Cuautepec de Hinojosa_Coatzetzengo_Pozo Coatzetzengo" }, "geometry": { "type": "Point", "coordinates": [ -98.350685236266287, 19.929274476052566 ] } },
{ "type": "Feature", "properties": { "CVEGEO_LOC": "130160010", "AÑO": 2021.0, "NOM_MUN": "Cuautepec de Hinojosa", "NOM_LOC": "Chacalapa", "Fuente de abastecimiento": "Manantial Chacalapa", "Coliformes Totales (Ausencia o Presencia/100mL)": "Presencia", "E. Coli (Ausencia o Presencia/100mL)": "Presencia", "Arsenico (mg/L)": "0", "Bario (mg/L)": "0", "Cadmio (mg/L)": "0", "Cobre (mg/L)": "0.1", "Hierro (mg/L)": "0.01", "Manganeso (mg/L)": "0", "Plomo (mg/L)": "0", "Zinc (mg/L)": "0.05", "Cianuros (mg/L)": "3", "Cloro Residual (mg/L)": "0.18", "Cloruros (mg/L)": "37.1", "Dureza Total (mg/L)": "99.99", "Fluoruros (mg/L)": "0.87", "Nitratos (mg/L)": "45663", "Nitritos (mg/L)": "0.02", "Ph": "6.52", "SDT (mg/L)": "45683", "Sulfatos (mg/L)": "36.1", "Cloro Total (mg/L)": "0", "Conductividad (muS/cm)": "326", "Temperatura (°C)": "45832", "ID": "Cuautepec de Hinojosa_Chacalapa_Manantial Chacalapa" }, "geometry": { "type": "Point", "coordinates": [ -98.168965538801658, 20.078951292842149 ] } },
{ "type": "Feature", "properties": { "CVEGEO_LOC": "130160012", "AÑO": 2019.0, "NOM_MUN": "Cuautepec de Hinojosa", "NOM_LOC": "Guadalupe Victoria", "Fuente de abastecimiento": "Pozo Nuevo Guadalupe Victoria", "Coliformes Totales (Ausencia o Presencia/100mL)": "Presencia", "E. Coli (Ausencia o Presencia/100mL)": "Ausencia", "Arsenico (mg/L)": "0", "Bario (mg/L)": "0", "Cadmio (mg/L)": "0", "Cobre (mg/L)": "0.1", "Hierro (mg/L)": "0.01", "Manganeso (mg/L)": "0", "Plomo (mg/L)": "0", "Zinc (mg/L)": "0.02", "Cianuros (mg/L)": "0.002", "Cloro Residual (mg/L)": "0.02", "Cloruros (mg/L)": "24.3", "Dureza Total (mg/L)": "326.66", "Fluoruros (mg/L)": "0.7", "Nitratos (mg/L)": "0.1", "Nitritos (mg/L)": "0.001", "Ph": "7.27", "SDT (mg/L)": "137", "Sulfatos (mg/L)": "47", "Cloro Total (mg/L)": "0.01", "Conductividad (muS/cm)": "293", "Temperatura (°C)": "30.9", "ID": "Cuautepec de Hinojosa_Guadalupe Victoria_Pozo Nuevo Guadalupe Victoria" }, "geometry": { "type": "Point", "coordinates": [ -98.263280159153766, 20.034103313971336 ] } },
{ "type": "Feature", "properties": { "CVEGEO_LOC": "130160012", "AÑO": 2022.0, "NOM_MUN": "Cuautepec de Hinojosa", "NOM_LOC": "Guadalupe Victoria", "Fuente de abastecimiento": "Privada Corregidora S/N", "Coliformes Totales (Ausencia o Presencia/100mL)": "Ausencia", "E. Coli (Ausencia o Presencia/100mL)": "Ausencia", "Arsenico (mg/L)": "0", "Bario (mg/L)": "0", "Cadmio (mg/L)": "0", "Cobre (mg/L)": "1.07", "Hierro (mg/L)": "0.04", "Manganeso (mg/L)": "0", "Plomo (mg/L)": "0", "Zinc (mg/L)": "0.05", "Cianuros (mg/L)": "0", "Cloro Residual (mg/L)": "0.76", "Cloruros (mg/L)": "31.9", "Dureza Total (mg/L)": "48.88", "Fluoruros (mg/L)": "0.46", "Nitratos (mg/L)": "1.3", "Nitritos (mg/L)": "0.059", "Ph": "7.52", "SDT (mg/L)": "171", "Sulfatos (mg/L)": "18", "Cloro Total (mg/L)": "0.46", "Conductividad (muS/cm)": "217", "Temperatura (°C)": "15.8", "ID": "Cuautepec de Hinojosa_Guadalupe Victoria_Privada Corregidora S/N" }, "geometry": { "type": "Point", "coordinates": [ -98.267922843583349, 20.031916675803387 ] } },
{ "type": "Feature", "properties": { "CVEGEO_LOC": "130160013", "AÑO": 2022.0, "NOM_MUN": "Cuautepec de Hinojosa", "NOM_LOC": "San Juan Hueyapan", "Fuente de abastecimiento": "Casa del Sr. Aristeo Senovio Rodriguez", "Coliformes Totales (Ausencia o Presencia/100mL)": "Ausencia", "E. Coli (Ausencia o Presencia/100mL)": "Ausencia", "Arsenico (mg/L)": "0", "Bario (mg/L)": "0", "Cadmio (mg/L)": "0", "Cobre (mg/L)": "1.11", "Hierro (mg/L)": "0", "Manganeso (mg/L)": "0", "Plomo (mg/L)": "0", "Zinc (mg/L)": "0.14", "Cianuros (mg/L)": "0", "Cloro Residual (mg/L)": "0.7", "Cloruros (mg/L)": "9.7", "Dureza Total (mg/L)": "86.66", "Fluoruros (mg/L)": "0.44", "Nitratos (mg/L)": "1", "Nitritos (mg/L)": "0.001", "Ph": "7.36", "SDT (mg/L)": "45.1", "Sulfatos (mg/L)": "2", "Cloro Total (mg/L)": "0.6", "Conductividad (muS/cm)": "239", "Temperatura (°C)": "23.3", "ID": "Cuautepec de Hinojosa_San Juan Hueyapan_Casa del Sr. Aristeo Senovio Rodriguez" }, "geometry": { "type": "Point", "coordinates": [ -98.278553513651815, 20.030963056931803 ] } },
{ "type": "Feature", "properties": { "CVEGEO_LOC": "130160013", "AÑO": 2020.0, "NOM_MUN": "Cuautepec de Hinojosa", "NOM_LOC": "San Juan Hueyapan", "Fuente de abastecimiento": "Manantial Cangrejos", "Coliformes Totales (Ausencia o Presencia/100mL)": "Presencia", "E. Coli (Ausencia o Presencia/100mL)": "Ausencia", "Arsenico (mg/L)": "0", "Bario (mg/L)": "0", "Cadmio (mg/L)": "0", "Cobre (mg/L)": "0.33", "Hierro (mg/L)": "0.01", "Manganeso (mg/L)": "0", "Plomo (mg/L)": "0", "Zinc (mg/L)": "0.01", "Cianuros (mg/L)": "0", "Cloro Residual (mg/L)": "0.07", "Cloruros (mg/L)": "8.6", "Dureza Total (mg/L)": "88.88", "Fluoruros (mg/L)": "1.5", "Nitratos (mg/L)": "1.3", "Nitritos (mg/L)": "0.004", "Ph": "6.84", "SDT (mg/L)": "67.54", "Sulfatos (mg/L)": "4", "Cloro Total (mg/L)": "0", "Conductividad (muS/cm)": "174.3", "Temperatura (°C)": "24", "ID": "Cuautepec de Hinojosa_San Juan Hueyapan_Manantial Cangrejos" }, "geometry": { "type": "Point", "coordinates": [ -98.276569086675238, 20.028291079151664 ] } },
{ "type": "Feature", "properties": { "CVEGEO_LOC": "130160013", "AÑO": 2014.0, "NOM_MUN": "Cuautepec de Hinojosa", "NOM_LOC": "San Juan Hueyapan", "Fuente de abastecimiento": "Manantial Hueyapan", "Coliformes Totales (Ausencia o Presencia/100mL)": "Presencia", "E. Coli (Ausencia o Presencia/100mL)": "Presencia", "Arsenico (mg/L)": "0", "Bario (mg/L)": "0", "Cadmio (mg/L)": null, "Cobre (mg/L)": "0.04", "Hierro (mg/L)": "0.02", "Manganeso (mg/L)": "0", "Plomo (mg/L)": "0", "Zinc (mg/L)": "0.02", "Cianuros (mg/L)": "0.003", "Cloro Residual (mg/L)": "0", "Cloruros (mg/L)": "6.2", "Dureza Total (mg/L)": "88.88", "Fluoruros (mg/L)": "0.43", "Nitratos (mg/L)": "1.3", "Nitritos (mg/L)": "0.003", "Ph": "7.18", "SDT (mg/L)": "88.9", "Sulfatos (mg/L)": "3", "Cloro Total (mg/L)": "0", "Conductividad (muS/cm)": "177.7", "Temperatura (°C)": "23.7", "ID": "Cuautepec de Hinojosa_San Juan Hueyapan_Manantial Hueyapan" }, "geometry": { "type": "Point", "coordinates": [ -98.280443893333, 20.026118039918568 ] } },
{ "type": "Feature", "properties": { "CVEGEO_LOC": "130160013", "AÑO": 2021.0, "NOM_MUN": "Cuautepec de Hinojosa", "NOM_LOC": "San Juan Hueyapan", "Fuente de abastecimiento": "Manantial La condesa", "Coliformes Totales (Ausencia o Presencia/100mL)": "Presencia", "E. Coli (Ausencia o Presencia/100mL)": "Presencia", "Arsenico (mg/L)": "0", "Bario (mg/L)": "0", "Cadmio (mg/L)": "0", "Cobre (mg/L)": "0", "Hierro (mg/L)": "0.12", "Manganeso (mg/L)": "0.1", "Plomo (mg/L)": "0", "Zinc (mg/L)": "0.03", "Cianuros (mg/L)": "0", "Cloro Residual (mg/L)": "0.01", "Cloruros (mg/L)": "9.2", "Dureza Total (mg/L)": "113.33", "Fluoruros (mg/L)": "0.71", "Nitratos (mg/L)": "6.1", "Nitritos (mg/L)": "0.085", "Ph": "6.69", "SDT (mg/L)": "90.01", "Sulfatos (mg/L)": "19", "Cloro Total (mg/L)": "0.05", "Conductividad (muS/cm)": "237", "Temperatura (°C)": "28.1", "ID": "Cuautepec de Hinojosa_San Juan Hueyapan_Manantial La condesa" }, "geometry": { "type": "Point", "coordinates": [ -98.282121371080052, 20.031744499996357 ] } },
{ "type": "Feature", "properties": { "CVEGEO_LOC": "130160013", "AÑO": 2021.0, "NOM_MUN": "Cuautepec de Hinojosa", "NOM_LOC": "San Juan Hueyapan", "Fuente de abastecimiento": "Manantial La condesa", "Coliformes Totales (Ausencia o Presencia/100mL)": "Presencia", "E. Coli (Ausencia o Presencia/100mL)": "Presencia", "Arsenico (mg/L)": "0", "Bario (mg/L)": "0", "Cadmio (mg/L)": "0", "Cobre (mg/L)": "0.27", "Hierro (mg/L)": "0.08", "Manganeso (mg/L)": "0", "Plomo (mg/L)": "0", "Zinc (mg/L)": "0.01", "Cianuros (mg/L)": "0.002", "Cloro Residual (mg/L)": "0", "Cloruros (mg/L)": "15.3", "Dureza Total (mg/L)": "102.22", "Fluoruros (mg/L)": "0", "Nitratos (mg/L)": "1.2", "Nitritos (mg/L)": "0.003", "Ph": "6.59", "SDT (mg/L)": "87.59", "Sulfatos (mg/L)": "16", "Cloro Total (mg/L)": "0", "Conductividad (muS/cm)": "190.22", "Temperatura (°C)": "20.2", "ID": "Cuautepec de Hinojosa_San Juan Hueyapan_Manantial La condesa" }, "geometry": { "type": "Point", "coordinates": [ -98.282121371080052, 20.031744499996357 ] } },
{ "type": "Feature", "properties": { "CVEGEO_LOC": "130160013", "AÑO": 2020.0, "NOM_MUN": "Cuautepec de Hinojosa", "NOM_LOC": "San Juan Hueyapan", "Fuente de abastecimiento": "Manantial La Condesa", "Coliformes Totales (Ausencia o Presencia/100mL)": "Presencia", "E. Coli (Ausencia o Presencia/100mL)": "Presencia", "Arsenico (mg/L)": "0.01", "Bario (mg/L)": "0.3", "Cadmio (mg/L)": "0", "Cobre (mg/L)": "0.02", "Hierro (mg/L)": "0.04", "Manganeso (mg/L)": "0.2", "Plomo (mg/L)": "0.04", "Zinc (mg/L)": "0.03", "Cianuros (mg/L)": "0.002", "Cloro Residual (mg/L)": "0", "Cloruros (mg/L)": "7.1", "Dureza Total (mg/L)": "268.88", "Fluoruros (mg/L)": "0", "Nitratos (mg/L)": "0.015", "Nitritos (mg/L)": "0.024", "Ph": "6.69", "SDT (mg/L)": "126.17", "Sulfatos (mg/L)": "16", "Cloro Total (mg/L)": "0", "Conductividad (muS/cm)": "160.4", "Temperatura (°C)": "20.2", "ID": "Cuautepec de Hinojosa_San Juan Hueyapan_Manantial La Condesa" }, "geometry": { "type": "Point", "coordinates": [ -98.283084494457455, 20.028412385562348 ] } },
{ "type": "Feature", "properties": { "CVEGEO_LOC": "130160013", "AÑO": 2022.0, "NOM_MUN": "Cuautepec de Hinojosa", "NOM_LOC": "San Juan Hueyapan", "Fuente de abastecimiento": "Manantial La Condesa", "Coliformes Totales (Ausencia o Presencia/100mL)": "Presencia", "E. Coli (Ausencia o Presencia/100mL)": "Presencia", "Arsenico (mg/L)": "0", "Bario (mg/L)": "0", "Cadmio (mg/L)": "0", "Cobre (mg/L)": "0.03", "Hierro (mg/L)": "0", "Manganeso (mg/L)": "0", "Plomo (mg/L)": "0", "Zinc (mg/L)": "0.03", "Cianuros (mg/L)": "0", "Cloro Residual (mg/L)": "0", "Cloruros (mg/L)": "9.7", "Dureza Total (mg/L)": "75.55", "Fluoruros (mg/L)": "0.11", "Nitratos (mg/L)": "2.1", "Nitritos (mg/L)": "0.01", "Ph": "6.68", "SDT (mg/L)": "36.1", "Sulfatos (mg/L)": "12", "Cloro Total (mg/L)": "0", "Conductividad (muS/cm)": "246", "Temperatura (°C)": "25.5", "ID": "Cuautepec de Hinojosa_San Juan Hueyapan_Manantial La Condesa" }, "geometry": { "type": "Point", "coordinates": [ -98.283084494457455, 20.028412385562348 ] } },
{ "type": "Feature", "properties": { "CVEGEO_LOC": "130160013", "AÑO": 2022.0, "NOM_MUN": "Cuautepec de Hinojosa", "NOM_LOC": "San Juan Hueyapan", "Fuente de abastecimiento": "Manantial La Condesa", "Coliformes Totales (Ausencia o Presencia/100mL)": "Presencia", "E. Coli (Ausencia o Presencia/100mL)": "Presencia", "Arsenico (mg/L)": "0", "Bario (mg/L)": "0", "Cadmio (mg/L)": "0.002", "Cobre (mg/L)": "0.01", "Hierro (mg/L)": "0.01", "Manganeso (mg/L)": "0.1", "Plomo (mg/L)": "0", "Zinc (mg/L)": "0.03", "Cianuros (mg/L)": "0.002", "Cloro Residual (mg/L)": "0.22", "Cloruros (mg/L)": "4.5", "Dureza Total (mg/L)": "133.33", "Fluoruros (mg/L)": "0.4", "Nitratos (mg/L)": "1.6", "Nitritos (mg/L)": "0.065", "Ph": "7.21", "SDT (mg/L)": "121.1", "Sulfatos (mg/L)": "20", "Cloro Total (mg/L)": "0.13", "Conductividad (muS/cm)": "258", "Temperatura (°C)": "19.1", "ID": "Cuautepec de Hinojosa_San Juan Hueyapan_Manantial La Condesa" }, "geometry": { "type": "Point", "coordinates": [ -98.283084494457455, 20.028412385562348 ] } },
{ "type": "Feature", "properties": { "CVEGEO_LOC": "130160013", "AÑO": 2016.0, "NOM_MUN": "Cuautepec de Hinojosa", "NOM_LOC": "San Juan Hueyapan", "Fuente de abastecimiento": "Pozo Las Peñitas", "Coliformes Totales (Ausencia o Presencia/100mL)": "Presencia", "E. Coli (Ausencia o Presencia/100mL)": "Ausencia", "Arsenico (mg/L)": "0", "Bario (mg/L)": "0", "Cadmio (mg/L)": "ND", "Cobre (mg/L)": "1.15", "Hierro (mg/L)": "0", "Manganeso (mg/L)": "0", "Plomo (mg/L)": "0", "Zinc (mg/L)": "0.02", "Cianuros (mg/L)": "0", "Cloro Residual (mg/L)": "0", "Cloruros (mg/L)": "45814", "Dureza Total (mg/L)": "106.66", "Fluoruros (mg/L)": "0.4", "Nitratos (mg/L)": "0.9", "Nitritos (mg/L)": "2", "Ph": "7.24", "SDT (mg/L)": "88.2", "Sulfatos (mg/L)": "0", "Cloro Total (mg/L)": "0", "Conductividad (muS/cm)": "177.5", "Temperatura (°C)": "45773", "ID": "Cuautepec de Hinojosa_San Juan Hueyapan_Pozo Las Peñitas" }, "geometry": { "type": "Point", "coordinates": [ -98.280669336712862, 20.031878016214314 ] } },
{ "type": "Feature", "properties": { "CVEGEO_LOC": "130160028", "AÑO": 2014.0, "NOM_MUN": "Cuautepec de Hinojosa", "NOM_LOC": "San Lorenzo Sayula", "Fuente de abastecimiento": "Pozo San Lorenzo", "Coliformes Totales (Ausencia o Presencia/100mL)": "Presencia", "E. Coli (Ausencia o Presencia/100mL)": "Ausencia", "Arsenico (mg/L)": "0", "Bario (mg/L)": "0", "Cadmio (mg/L)": null, "Cobre (mg/L)": "0.12", "Hierro (mg/L)": "0.03", "Manganeso (mg/L)": "0", "Plomo (mg/L)": "0", "Zinc (mg/L)": "0.05", "Cianuros (mg/L)": "0.001", "Cloro Residual (mg/L)": "0.05", "Cloruros (mg/L)": "3.6", "Dureza Total (mg/L)": "97.77", "Fluoruros (mg/L)": "0.35", "Nitratos (mg/L)": "1.4", "Nitritos (mg/L)": "0.005", "Ph": "7.08", "SDT (mg/L)": "94.3", "Sulfatos (mg/L)": "4", "Cloro Total (mg/L)": "0.04", "Conductividad (muS/cm)": "93.8", "Temperatura (°C)": "26.9", "ID": "Cuautepec de Hinojosa_San Lorenzo Sayula_Pozo San Lorenzo" }, "geometry": { "type": "Point", "coordinates": [ -98.29427933784541, 19.985580524170061 ] } },
{ "type": "Feature", "properties": { "CVEGEO_LOC": "130160028", "AÑO": 2017.0, "NOM_MUN": "Cuautepec de Hinojosa", "NOM_LOC": "San Lorenzo Sayula", "Fuente de abastecimiento": "Pozo San Lorenzo T.", "Coliformes Totales (Ausencia o Presencia/100mL)": "ND", "E. Coli (Ausencia o Presencia/100mL)": null, "Arsenico (mg/L)": "0", "Bario (mg/L)": "0", "Cadmio (mg/L)": null, "Cobre (mg/L)": "0", "Hierro (mg/L)": "0", "Manganeso (mg/L)": "0", "Plomo (mg/L)": "0", "Zinc (mg/L)": "0.02", "Cianuros (mg/L)": null, "Cloro Residual (mg/L)": null, "Cloruros (mg/L)": null, "Dureza Total (mg/L)": null, "Fluoruros (mg/L)": null, "Nitratos (mg/L)": null, "Nitritos (mg/L)": null, "Ph": null, "SDT (mg/L)": null, "Sulfatos (mg/L)": null, "Cloro Total (mg/L)": null, "Conductividad (muS/cm)": null, "Temperatura (°C)": null, "ID": "Cuautepec de Hinojosa_San Lorenzo Sayula_Pozo San Lorenzo T." }, "geometry": { "type": "Point", "coordinates": [ -98.299911049531346, 19.987544524721958 ] } },
{ "type": "Feature", "properties": { "CVEGEO_LOC": "130160029", "AÑO": 2017.0, "NOM_MUN": "Cuautepec de Hinojosa", "NOM_LOC": "Santa María Nativitas", "Fuente de abastecimiento": "Maantialsanta María ntivitas", "Coliformes Totales (Ausencia o Presencia/100mL)": "ND", "E. Coli (Ausencia o Presencia/100mL)": "ND", "Arsenico (mg/L)": "0.02", "Bario (mg/L)": "0", "Cadmio (mg/L)": null, "Cobre (mg/L)": "0.37", "Hierro (mg/L)": "0", "Manganeso (mg/L)": "0", "Plomo (mg/L)": "0", "Zinc (mg/L)": "0.01", "Cianuros (mg/L)": null, "Cloro Residual (mg/L)": null, "Cloruros (mg/L)": null, "Dureza Total (mg/L)": "226.66", "Fluoruros (mg/L)": null, "Nitratos (mg/L)": "7.4", "Nitritos (mg/L)": "0.3", "Ph": null, "SDT (mg/L)": null, "Sulfatos (mg/L)": null, "Cloro Total (mg/L)": null, "Conductividad (muS/cm)": null, "Temperatura (°C)": null, "ID": "Cuautepec de Hinojosa_Santa María Nativitas_Maantialsanta María ntivitas" }, "geometry": { "type": "Point", "coordinates": [ -98.292055318468513, 20.041880848180508 ] } },
{ "type": "Feature", "properties": { "CVEGEO_LOC": "130160029", "AÑO": 2016.0, "NOM_MUN": "Cuautepec de Hinojosa", "NOM_LOC": "Santa María Nativitas", "Fuente de abastecimiento": "Pozo Tepeyac", "Coliformes Totales (Ausencia o Presencia/100mL)": "Presencia", "E. Coli (Ausencia o Presencia/100mL)": "Ausencia", "Arsenico (mg/L)": "0", "Bario (mg/L)": "0", "Cadmio (mg/L)": null, "Cobre (mg/L)": "0.55", "Hierro (mg/L)": "0", "Manganeso (mg/L)": "0", "Plomo (mg/L)": "0", "Zinc (mg/L)": "0.02", "Cianuros (mg/L)": "0", "Cloro Residual (mg/L)": "0", "Cloruros (mg/L)": "26.8", "Dureza Total (mg/L)": "111.11", "Fluoruros (mg/L)": "1.01", "Nitratos (mg/L)": "0.4", "Nitritos (mg/L)": "0.001", "Ph": "7.26", "SDT (mg/L)": "126.3", "Sulfatos (mg/L)": "10", "Cloro Total (mg/L)": "0", "Conductividad (muS/cm)": "258", "Temperatura (°C)": "30.1", "ID": "Cuautepec de Hinojosa_Santa María Nativitas_Pozo Tepeyac" }, "geometry": { "type": "Point", "coordinates": [ -98.29031493284657, 20.036412059976968 ] } },
{ "type": "Feature", "properties": { "CVEGEO_LOC": "130160029", "AÑO": 2022.0, "NOM_MUN": "Cuautepec de Hinojosa", "NOM_LOC": "Santa María Nativitas", "Fuente de abastecimiento": "Tanque Santa Maria Nativitas", "Coliformes Totales (Ausencia o Presencia/100mL)": "Ausencia", "E. Coli (Ausencia o Presencia/100mL)": "Ausencia", "Arsenico (mg/L)": "0", "Bario (mg/L)": "0", "Cadmio (mg/L)": "0", "Cobre (mg/L)": "1.25", "Hierro (mg/L)": "0.06", "Manganeso (mg/L)": "0", "Plomo (mg/L)": "0", "Zinc (mg/L)": "0.06", "Cianuros (mg/L)": "0", "Cloro Residual (mg/L)": "0.89", "Cloruros (mg/L)": "49.4", "Dureza Total (mg/L)": "84.44", "Fluoruros (mg/L)": "0.84", "Nitratos (mg/L)": "1.1", "Nitritos (mg/L)": "0.002", "Ph": "7.47", "SDT (mg/L)": "71.1", "Sulfatos (mg/L)": "6", "Cloro Total (mg/L)": "0.71", "Conductividad (muS/cm)": "237", "Temperatura (°C)": "21", "ID": "Cuautepec de Hinojosa_Santa María Nativitas_Tanque Santa Maria Nativitas" }, "geometry": { "type": "Point", "coordinates": [ -98.298872676591472, 20.039377770123693 ] } },
{ "type": "Feature", "properties": { "CVEGEO_LOC": "130160033", "AÑO": 2013.0, "NOM_MUN": "Cuautepec de Hinojosa", "NOM_LOC": "El Tepeyac", "Fuente de abastecimiento": "Pozo \"20 de Noviembre\"", "Coliformes Totales (Ausencia o Presencia/100mL)": "Presencia", "E. Coli (Ausencia o Presencia/100mL)": "Ausencia", "Arsenico (mg/L)": "0", "Bario (mg/L)": "0", "Cadmio (mg/L)": null, "Cobre (mg/L)": "0.1", "Hierro (mg/L)": "0.02", "Manganeso (mg/L)": "0", "Plomo (mg/L)": "0", "Zinc (mg/L)": "0.01", "Cianuros (mg/L)": "0.001", "Cloro Residual (mg/L)": "0.06", "Cloruros (mg/L)": "50.4", "Dureza Total (mg/L)": "80.22", "Fluoruros (mg/L)": "0.1", "Nitratos (mg/L)": "0", "Nitritos (mg/L)": "0", "Ph": "7.19", "SDT (mg/L)": "197.5", "Sulfatos (mg/L)": "10.5", "Cloro Total (mg/L)": "0.01", "Conductividad (muS/cm)": "258", "Temperatura (°C)": "31", "ID": "Cuautepec de Hinojosa_El Tepeyac_Pozo \"20 de Noviembre\"" }, "geometry": { "type": "Point", "coordinates": [ -98.310284743849735, 20.049799412060523 ] } },
{ "type": "Feature", "properties": { "CVEGEO_LOC": "130160033", "AÑO": 2015.0, "NOM_MUN": "Cuautepec de Hinojosa", "NOM_LOC": "El Tepeyac", "Fuente de abastecimiento": "Pozo Tepeyac 2", "Coliformes Totales (Ausencia o Presencia/100mL)": "Presencia", "E. Coli (Ausencia o Presencia/100mL)": "Ausencia", "Arsenico (mg/L)": "0", "Bario (mg/L)": "0", "Cadmio (mg/L)": null, "Cobre (mg/L)": "0.26", "Hierro (mg/L)": "0.02", "Manganeso (mg/L)": "0", "Plomo (mg/L)": "0", "Zinc (mg/L)": "0.006", "Cianuros (mg/L)": "0", "Cloro Residual (mg/L)": "0.03", "Cloruros (mg/L)": "14.1", "Dureza Total (mg/L)": "115.55", "Fluoruros (mg/L)": "0.72", "Nitratos (mg/L)": "0", "Nitritos (mg/L)": "0.006", "Ph": "7.2", "SDT (mg/L)": "184.3", "Sulfatos (mg/L)": "10", "Cloro Total (mg/L)": "0.02", "Conductividad (muS/cm)": "261.3", "Temperatura (°C)": "25.6", "ID": "Cuautepec de Hinojosa_El Tepeyac_Pozo Tepeyac 2" }, "geometry": { "type": "Point", "coordinates": [ -98.315036768327559, 20.051381735631573 ] } },
{ "type": "Feature", "properties": { "CVEGEO_LOC": "130160038", "AÑO": 2016.0, "NOM_MUN": "Cuautepec de Hinojosa", "NOM_LOC": "Xayahualulco", "Fuente de abastecimiento": "Pozo Xayahualulco", "Coliformes Totales (Ausencia o Presencia/100mL)": "Presencia", "E. Coli (Ausencia o Presencia/100mL)": "Ausencia", "Arsenico (mg/L)": "0", "Bario (mg/L)": "0", "Cadmio (mg/L)": "ND", "Cobre (mg/L)": "0.03", "Hierro (mg/L)": "0.79", "Manganeso (mg/L)": "0.1", "Plomo (mg/L)": "0", "Zinc (mg/L)": "0.04", "Cianuros (mg/L)": "8", "Cloro Residual (mg/L)": "0.07", "Cloruros (mg/L)": "45906", "Dureza Total (mg/L)": "77.77", "Fluoruros (mg/L)": "0.09", "Nitratos (mg/L)": "45783", "Nitritos (mg/L)": "13", "Ph": "7.47", "SDT (mg/L)": "118.3", "Sulfatos (mg/L)": "24", "Cloro Total (mg/L)": "0.23", "Conductividad (muS/cm)": "128.3", "Temperatura (°C)": "45736", "ID": "Cuautepec de Hinojosa_Xayahualulco_Pozo Xayahualulco" }, "geometry": { "type": "Point", "coordinates": [ -98.190969895663301, 19.998412300413179 ] } },
{ "type": "Feature", "properties": { "CVEGEO_LOC": "130160038", "AÑO": 2012.0, "NOM_MUN": "Cuautepec de Hinojosa", "NOM_LOC": "Xayahualulco", "Fuente de abastecimiento": "Pozo Xayahualulco", "Coliformes Totales (Ausencia o Presencia/100mL)": "Presencia", "E. Coli (Ausencia o Presencia/100mL)": "Ausencia", "Arsenico (mg/L)": "0", "Bario (mg/L)": "0.7", "Cadmio (mg/L)": null, "Cobre (mg/L)": "0.408", "Hierro (mg/L)": "3.3", "Manganeso (mg/L)": "0.6", "Plomo (mg/L)": "0", "Zinc (mg/L)": "0.136", "Cianuros (mg/L)": "0.002", "Cloro Residual (mg/L)": "0.23", "Cloruros (mg/L)": "51.75", "Dureza Total (mg/L)": "77.777", "Fluoruros (mg/L)": "0.19", "Nitratos (mg/L)": "1", "Nitritos (mg/L)": "0", "Ph": "6.9", "SDT (mg/L)": "65.8", "Sulfatos (mg/L)": "5", "Cloro Total (mg/L)": "0.25", "Conductividad (muS/cm)": "137.3", "Temperatura (°C)": "21.8", "ID": "Cuautepec de Hinojosa_Xayahualulco_Pozo Xayahualulco" }, "geometry": { "type": "Point", "coordinates": [ -98.190969895663301, 19.998412300413179 ] } },
{ "type": "Feature", "properties": { "CVEGEO_LOC": "130160038", "AÑO": 2014.0, "NOM_MUN": "Cuautepec de Hinojosa", "NOM_LOC": "Xayahualulco", "Fuente de abastecimiento": "Pozo Xayahualulco", "Coliformes Totales (Ausencia o Presencia/100mL)": "Presencia", "E. Coli (Ausencia o Presencia/100mL)": "Ausencia", "Arsenico (mg/L)": "0", "Bario (mg/L)": "0.1", "Cadmio (mg/L)": null, "Cobre (mg/L)": "0.26", "Hierro (mg/L)": "0.89", "Manganeso (mg/L)": "0.3", "Plomo (mg/L)": "0", "Zinc (mg/L)": "0.02", "Cianuros (mg/L)": "0.011", "Cloro Residual (mg/L)": "0.38", "Cloruros (mg/L)": "4.1", "Dureza Total (mg/L)": "111.12", "Fluoruros (mg/L)": "0.36", "Nitratos (mg/L)": "2.5", "Nitritos (mg/L)": "0.024", "Ph": "6.5", "SDT (mg/L)": "108", "Sulfatos (mg/L)": "25", "Cloro Total (mg/L)": "0", "Conductividad (muS/cm)": "153.1", "Temperatura (°C)": "17.9", "ID": "Cuautepec de Hinojosa_Xayahualulco_Pozo Xayahualulco" }, "geometry": { "type": "Point", "coordinates": [ -98.190969895663301, 19.998412300413179 ] } },
{ "type": "Feature", "properties": { "CVEGEO_LOC": "130160038", "AÑO": 2016.0, "NOM_MUN": "Cuautepec de Hinojosa", "NOM_LOC": "Xayahualulco", "Fuente de abastecimiento": "Tanque de Almacenamiento", "Coliformes Totales (Ausencia o Presencia/100mL)": "Presencia", "E. Coli (Ausencia o Presencia/100mL)": "Ausencia", "Arsenico (mg/L)": "0", "Bario (mg/L)": "0", "Cadmio (mg/L)": "ND", "Cobre (mg/L)": "0.2", "Hierro (mg/L)": "0.87", "Manganeso (mg/L)": "0.4", "Plomo (mg/L)": "0", "Zinc (mg/L)": "0.16", "Cianuros (mg/L)": "7", "Cloro Residual (mg/L)": "0.13", "Cloruros (mg/L)": "45722", "Dureza Total (mg/L)": "66.66", "Fluoruros (mg/L)": "0.06", "Nitratos (mg/L)": "45904", "Nitritos (mg/L)": "17", "Ph": "6.66", "SDT (mg/L)": "132", "Sulfatos (mg/L)": "32", "Cloro Total (mg/L)": "0.3", "Conductividad (muS/cm)": "146.1", "Temperatura (°C)": "45710", "ID": "Cuautepec de Hinojosa_Xayahualulco_Tanque de Almacenamiento" }, "geometry": { "type": "Point", "coordinates": [ -98.195197862853604, 19.99955902363326 ] } },
{ "type": "Feature", "properties": { "CVEGEO_LOC": "130160039", "AÑO": 2019.0, "NOM_MUN": "Cuautepec de Hinojosa", "NOM_LOC": "Almoloya", "Fuente de abastecimiento": "Manantial Almoloya", "Coliformes Totales (Ausencia o Presencia/100mL)": "Presencia", "E. Coli (Ausencia o Presencia/100mL)": "Presencia", "Arsenico (mg/L)": "0", "Bario (mg/L)": "0", "Cadmio (mg/L)": "0", "Cobre (mg/L)": "0.45", "Hierro (mg/L)": "0.01", "Manganeso (mg/L)": "0", "Plomo (mg/L)": "0.002", "Zinc (mg/L)": "0.06", "Cianuros (mg/L)": "0.006", "Cloro Residual (mg/L)": "0.04", "Cloruros (mg/L)": "87.9", "Dureza Total (mg/L)": "273.33", "Fluoruros (mg/L)": "0.45", "Nitratos (mg/L)": "5.7", "Nitritos (mg/L)": "0.008", "Ph": "7.12", "SDT (mg/L)": "135.3", "Sulfatos (mg/L)": "56", "Cloro Total (mg/L)": "0", "Conductividad (muS/cm)": "303", "Temperatura (°C)": "21.7", "ID": "Cuautepec de Hinojosa_Almoloya_Manantial Almoloya" }, "geometry": { "type": "Point", "coordinates": [ -98.314288413282497, 20.017936290687089 ] } },
{ "type": "Feature", "properties": { "CVEGEO_LOC": "130160039", "AÑO": 2017.0, "NOM_MUN": "Cuautepec de Hinojosa", "NOM_LOC": "Almoloya", "Fuente de abastecimiento": "Manatial almoloya", "Coliformes Totales (Ausencia o Presencia/100mL)": "Presencia", "E. Coli (Ausencia o Presencia/100mL)": "Presencia", "Arsenico (mg/L)": "0", "Bario (mg/L)": "0", "Cadmio (mg/L)": null, "Cobre (mg/L)": "0.03", "Hierro (mg/L)": "0", "Manganeso (mg/L)": "0", "Plomo (mg/L)": "0", "Zinc (mg/L)": "0.3", "Cianuros (mg/L)": "0.03", "Cloro Residual (mg/L)": "0.01", "Cloruros (mg/L)": "26.5", "Dureza Total (mg/L)": null, "Fluoruros (mg/L)": "0.63", "Nitratos (mg/L)": null, "Nitritos (mg/L)": null, "Ph": "7.31", "SDT (mg/L)": "671", "Sulfatos (mg/L)": "145", "Cloro Total (mg/L)": "0.04", "Conductividad (muS/cm)": "764", "Temperatura (°C)": "25.7", "ID": "Cuautepec de Hinojosa_Almoloya_Manatial almoloya" }, "geometry": { "type": "Point", "coordinates": [ -98.319372465027016, 20.021979784794894 ] } },
{ "type": "Feature", "properties": { "CVEGEO_LOC": "130170001", "AÑO": 2012.0, "NOM_MUN": "Chapantongo", "NOM_LOC": "Chapantongo", "Fuente de abastecimiento": "Manantial El Túnel", "Coliformes Totales (Ausencia o Presencia/100mL)": "Presencia", "E. Coli (Ausencia o Presencia/100mL)": "Presencia", "Arsenico (mg/L)": "0", "Bario (mg/L)": "0.24", "Cadmio (mg/L)": null, "Cobre (mg/L)": "0.144", "Hierro (mg/L)": "0.01", "Manganeso (mg/L)": "0.1", "Plomo (mg/L)": "0", "Zinc (mg/L)": "0.018", "Cianuros (mg/L)": "0", "Cloro Residual (mg/L)": "0", "Cloruros (mg/L)": "152.5", "Dureza Total (mg/L)": "366.663", "Fluoruros (mg/L)": "0.2", "Nitratos (mg/L)": "7.7", "Nitritos (mg/L)": "0", "Ph": "7.48", "SDT (mg/L)": "639.98", "Sulfatos (mg/L)": "2.5", "Cloro Total (mg/L)": "0", "Conductividad (muS/cm)": "1192", "Temperatura (°C)": "21.4", "ID": "Chapantongo_Chapantongo_Manantial El Túnel" }, "geometry": { "type": "Point", "coordinates": [ -99.409288656288425, 20.285467650394303 ] } },
{ "type": "Feature", "properties": { "CVEGEO_LOC": "130170001", "AÑO": 2016.0, "NOM_MUN": "Chapantongo", "NOM_LOC": "Chapantongo", "Fuente de abastecimiento": "Pozo El Deca", "Coliformes Totales (Ausencia o Presencia/100mL)": "Presencia", "E. Coli (Ausencia o Presencia/100mL)": "Ausencia", "Arsenico (mg/L)": "0", "Bario (mg/L)": "0", "Cadmio (mg/L)": "ND", "Cobre (mg/L)": "0.7", "Hierro (mg/L)": "0", "Manganeso (mg/L)": "0", "Plomo (mg/L)": "0", "Zinc (mg/L)": "0.06", "Cianuros (mg/L)": "0", "Cloro Residual (mg/L)": "0.06", "Cloruros (mg/L)": "45871", "Dureza Total (mg/L)": "111.11", "Fluoruros (mg/L)": "0.38", "Nitratos (mg/L)": "45809", "Nitritos (mg/L)": "0", "Ph": "8", "SDT (mg/L)": "125", "Sulfatos (mg/L)": "0", "Cloro Total (mg/L)": "0.07", "Conductividad (muS/cm)": "494", "Temperatura (°C)": "45899", "ID": "Chapantongo_Chapantongo_Pozo El Deca" }, "geometry": { "type": "Point", "coordinates": [ -99.417822586403446, 20.284909452369213 ] } },
{ "type": "Feature", "properties": { "CVEGEO_LOC": "130170001", "AÑO": 2013.0, "NOM_MUN": "Chapantongo", "NOM_LOC": "Chapantongo", "Fuente de abastecimiento": "Pozo El Tanque", "Coliformes Totales (Ausencia o Presencia/100mL)": "Presencia", "E. Coli (Ausencia o Presencia/100mL)": "Presencia", "Arsenico (mg/L)": "0.01", "Bario (mg/L)": "0", "Cadmio (mg/L)": null, "Cobre (mg/L)": "0", "Hierro (mg/L)": "0.035", "Manganeso (mg/L)": "0", "Plomo (mg/L)": "0", "Zinc (mg/L)": "0.05", "Cianuros (mg/L)": "0.003", "Cloro Residual (mg/L)": "0.01", "Cloruros (mg/L)": "13.9", "Dureza Total (mg/L)": "197.77", "Fluoruros (mg/L)": "0.68", "Nitratos (mg/L)": "3.6", "Nitritos (mg/L)": "0.0013", "Ph": "7.1", "SDT (mg/L)": "101.5", "Sulfatos (mg/L)": "39", "Cloro Total (mg/L)": "0.1", "Conductividad (muS/cm)": "346", "Temperatura (°C)": "21.4", "ID": "Chapantongo_Chapantongo_Pozo El Tanque" }, "geometry": { "type": "Point", "coordinates": [ -99.41874462533724, 20.292521794360599 ] } },
{ "type": "Feature", "properties": { "CVEGEO_LOC": "130170001", "AÑO": 2015.0, "NOM_MUN": "Chapantongo", "NOM_LOC": "Chapantongo", "Fuente de abastecimiento": "Pozo El Túnel", "Coliformes Totales (Ausencia o Presencia/100mL)": "Presencia", "E. Coli (Ausencia o Presencia/100mL)": "Presencia", "Arsenico (mg/L)": "0", "Bario (mg/L)": "0", "Cadmio (mg/L)": null, "Cobre (mg/L)": "0.02", "Hierro (mg/L)": "0", "Manganeso (mg/L)": "0.1", "Plomo (mg/L)": "0", "Zinc (mg/L)": "0.05", "Cianuros (mg/L)": "0.001", "Cloro Residual (mg/L)": "0", "Cloruros (mg/L)": "58.4", "Dureza Total (mg/L)": "75.55", "Fluoruros (mg/L)": "0", "Nitratos (mg/L)": "1", "Nitritos (mg/L)": "0", "Ph": "7.42", "SDT (mg/L)": "629", "Sulfatos (mg/L)": "4", "Cloro Total (mg/L)": "0", "Conductividad (muS/cm)": "1185", "Temperatura (°C)": "20.6", "ID": "Chapantongo_Chapantongo_Pozo El Túnel" }, "geometry": { "type": "Point", "coordinates": [ -99.408799174335371, 20.294949092344723 ] } },
{ "type": "Feature", "properties": { "CVEGEO_LOC": "130170003", "AÑO": 2013.0, "NOM_MUN": "Chapantongo", "NOM_LOC": "Santa María Amealco", "Fuente de abastecimiento": "Manantial El Juanthe", "Coliformes Totales (Ausencia o Presencia/100mL)": "Presencia", "E. Coli (Ausencia o Presencia/100mL)": "Ausencia", "Arsenico (mg/L)": "0.01", "Bario (mg/L)": "0.1", "Cadmio (mg/L)": null, "Cobre (mg/L)": "0", "Hierro (mg/L)": "0.154", "Manganeso (mg/L)": "0.09", "Plomo (mg/L)": "0", "Zinc (mg/L)": "0.02", "Cianuros (mg/L)": "0.006", "Cloro Residual (mg/L)": "0.1", "Cloruros (mg/L)": "6.6", "Dureza Total (mg/L)": "97.77", "Fluoruros (mg/L)": "0.26", "Nitratos (mg/L)": "9.5", "Nitritos (mg/L)": "0.8189", "Ph": "7.09", "SDT (mg/L)": "67.9", "Sulfatos (mg/L)": "29", "Cloro Total (mg/L)": "0", "Conductividad (muS/cm)": "161", "Temperatura (°C)": "23.3", "ID": "Chapantongo_Santa María Amealco_Manantial El Juanthe" }, "geometry": { "type": "Point", "coordinates": [ -99.542103159962423, 20.24243739053486 ] } },
{ "type": "Feature", "properties": { "CVEGEO_LOC": "130170003", "AÑO": 2016.0, "NOM_MUN": "Chapantongo", "NOM_LOC": "Santa María Amealco", "Fuente de abastecimiento": "Manantial La Pila", "Coliformes Totales (Ausencia o Presencia/100mL)": "Presencia", "E. Coli (Ausencia o Presencia/100mL)": "Presencia", "Arsenico (mg/L)": "0", "Bario (mg/L)": "0", "Cadmio (mg/L)": "ND", "Cobre (mg/L)": "0.17", "Hierro (mg/L)": "0", "Manganeso (mg/L)": "0", "Plomo (mg/L)": "0", "Zinc (mg/L)": "0.07", "Cianuros (mg/L)": "0", "Cloro Residual (mg/L)": "0.07", "Cloruros (mg/L)": "45817", "Dureza Total (mg/L)": "199.99", "Fluoruros (mg/L)": "0.88", "Nitratos (mg/L)": "45691", "Nitritos (mg/L)": "0", "Ph": "7.83", "SDT (mg/L)": "216", "Sulfatos (mg/L)": "19", "Cloro Total (mg/L)": "0.02", "Conductividad (muS/cm)": "447", "Temperatura (°C)": "45800", "ID": "Chapantongo_Santa María Amealco_Manantial La Pila" }, "geometry": { "type": "Point", "coordinates": [ -99.548081031665276, 20.23528795349387 ] } },
{ "type": "Feature", "properties": { "CVEGEO_LOC": "130170003", "AÑO": 2013.0, "NOM_MUN": "Chapantongo", "NOM_LOC": "Santa María Amealco", "Fuente de abastecimiento": "Manantial La Pila", "Coliformes Totales (Ausencia o Presencia/100mL)": "Presencia", "E. Coli (Ausencia o Presencia/100mL)": "Ausencia", "Arsenico (mg/L)": "0.01", "Bario (mg/L)": "0", "Cadmio (mg/L)": null, "Cobre (mg/L)": "0", "Hierro (mg/L)": "0", "Manganeso (mg/L)": "0", "Plomo (mg/L)": "0.01", "Zinc (mg/L)": "0.07", "Cianuros (mg/L)": "0.004", "Cloro Residual (mg/L)": "0", "Cloruros (mg/L)": "24.6", "Dureza Total (mg/L)": "162.22", "Fluoruros (mg/L)": "0.59", "Nitratos (mg/L)": "2.6", "Nitritos (mg/L)": "4e-04", "Ph": "6.75", "SDT (mg/L)": "205", "Sulfatos (mg/L)": "45", "Cloro Total (mg/L)": "0", "Conductividad (muS/cm)": "416", "Temperatura (°C)": "21.08", "ID": "Chapantongo_Santa María Amealco_Manantial La Pila" }, "geometry": { "type": "Point", "coordinates": [ -99.548081031665276, 20.23528795349387 ] } },
{ "type": "Feature", "properties": { "CVEGEO_LOC": "130170003", "AÑO": 2013.0, "NOM_MUN": "Chapantongo", "NOM_LOC": "Santa María Amealco", "Fuente de abastecimiento": "Toma Domiciliaria", "Coliformes Totales (Ausencia o Presencia/100mL)": "Presencia", "E. Coli (Ausencia o Presencia/100mL)": "Ausencia", "Arsenico (mg/L)": "0", "Bario (mg/L)": "0", "Cadmio (mg/L)": null, "Cobre (mg/L)": "0.03", "Hierro (mg/L)": "0.25", "Manganeso (mg/L)": "0", "Plomo (mg/L)": "0", "Zinc (mg/L)": "0.04", "Cianuros (mg/L)": "0.008", "Cloro Residual (mg/L)": "0.1", "Cloruros (mg/L)": "18.1", "Dureza Total (mg/L)": "224.44", "Fluoruros (mg/L)": "0.34", "Nitratos (mg/L)": "4.2", "Nitritos (mg/L)": "0.0018", "Ph": "6.96", "SDT (mg/L)": "136.7", "Sulfatos (mg/L)": "56", "Cloro Total (mg/L)": "0.2", "Conductividad (muS/cm)": "227", "Temperatura (°C)": "23.6", "ID": "Chapantongo_Santa María Amealco_Toma Domiciliaria" }, "geometry": { "type": "Point", "coordinates": [ -99.547554312451695, 20.242844227243964 ] } },
{ "type": "Feature", "properties": { "CVEGEO_LOC": "1301700090024800", "AÑO": 2016.0, "NOM_MUN": "Chapantongo", "NOM_LOC": "La Estancia", "Fuente de abastecimiento": "Pozo La Estancia", "Coliformes Totales (Ausencia o Presencia/100mL)": "Presencia", "E. Coli (Ausencia o Presencia/100mL)": "Ausencia", "Arsenico (mg/L)": "0", "Bario (mg/L)": "0", "Cadmio (mg/L)": null, "Cobre (mg/L)": "0.16", "Hierro (mg/L)": "0.11", "Manganeso (mg/L)": "0", "Plomo (mg/L)": "0", "Zinc (mg/L)": "0.09", "Cianuros (mg/L)": "0", "Cloro Residual (mg/L)": "0", "Cloruros (mg/L)": "116.9", "Dureza Total (mg/L)": "211.1", "Fluoruros (mg/L)": "0.37", "Nitratos (mg/L)": "3.9", "Nitritos (mg/L)": "0.005", "Ph": "7.36", "SDT (mg/L)": "724", "Sulfatos (mg/L)": "106", "Cloro Total (mg/L)": "0", "Conductividad (muS/cm)": "1459", "Temperatura (°C)": "25.4", "ID": "Chapantongo_La Estancia_Pozo La Estancia" }, "geometry": { "type": "Point", "coordinates": [ -99.37761860172526, 20.29340726316433 ] } },
{ "type": "Feature", "properties": { "CVEGEO_LOC": "130170014", "AÑO": 2013.0, "NOM_MUN": "Chapantongo", "NOM_LOC": "San Bartolo Ozocalpan", "Fuente de abastecimiento": "Pozo Santa Ana", "Coliformes Totales (Ausencia o Presencia/100mL)": "Ausencia", "E. Coli (Ausencia o Presencia/100mL)": "Ausencia", "Arsenico (mg/L)": "0", "Bario (mg/L)": "0", "Cadmio (mg/L)": null, "Cobre (mg/L)": "0", "Hierro (mg/L)": "0.01", "Manganeso (mg/L)": "0", "Plomo (mg/L)": "0", "Zinc (mg/L)": "0.1", "Cianuros (mg/L)": "0.002", "Cloro Residual (mg/L)": "2.4", "Cloruros (mg/L)": "36.44", "Dureza Total (mg/L)": "71.4", "Fluoruros (mg/L)": "0.6", "Nitratos (mg/L)": "0.8", "Nitritos (mg/L)": "0.002", "Ph": "7.81", "SDT (mg/L)": "134.8", "Sulfatos (mg/L)": "1.3", "Cloro Total (mg/L)": "2.7", "Conductividad (muS/cm)": "270", "Temperatura (°C)": "30.6", "ID": "Chapantongo_San Bartolo Ozocalpan_Pozo Santa Ana" }, "geometry": { "type": "Point", "coordinates": [ -99.484627315269449, 20.222161582457939 ] } },
{ "type": "Feature", "properties": { "CVEGEO_LOC": "130170014", "AÑO": 2013.0, "NOM_MUN": "Chapantongo", "NOM_LOC": "San Bartolo Ozocalpan", "Fuente de abastecimiento": "Tanque \"Las Palomas\"", "Coliformes Totales (Ausencia o Presencia/100mL)": "Presencia", "E. Coli (Ausencia o Presencia/100mL)": "Ausencia", "Arsenico (mg/L)": "0", "Bario (mg/L)": "0", "Cadmio (mg/L)": null, "Cobre (mg/L)": "0", "Hierro (mg/L)": "0.01", "Manganeso (mg/L)": "0", "Plomo (mg/L)": "0", "Zinc (mg/L)": "0.1", "Cianuros (mg/L)": "0.002", "Cloro Residual (mg/L)": "0", "Cloruros (mg/L)": "30", "Dureza Total (mg/L)": "70.11", "Fluoruros (mg/L)": "0.4", "Nitratos (mg/L)": "0.9", "Nitritos (mg/L)": "0.002", "Ph": "7.66", "SDT (mg/L)": "134", "Sulfatos (mg/L)": "15", "Cloro Total (mg/L)": "0.1", "Conductividad (muS/cm)": "268", "Temperatura (°C)": "30.6", "ID": "Chapantongo_San Bartolo Ozocalpan_Tanque \"Las Palomas\"" }, "geometry": { "type": "Point", "coordinates": [ -99.492572820236319, 20.225332089469248 ] } },
{ "type": "Feature", "properties": { "CVEGEO_LOC": "130170022", "AÑO": 2012.0, "NOM_MUN": "Chapantongo", "NOM_LOC": "Zimapantongo", "Fuente de abastecimiento": "Pozo Zimapantongo", "Coliformes Totales (Ausencia o Presencia/100mL)": "Presencia", "E. Coli (Ausencia o Presencia/100mL)": "Presencia", "Arsenico (mg/L)": "0", "Bario (mg/L)": null, "Cadmio (mg/L)": null, "Cobre (mg/L)": "0", "Hierro (mg/L)": "0.061", "Manganeso (mg/L)": "0.3", "Plomo (mg/L)": "0.001", "Zinc (mg/L)": "0.064", "Cianuros (mg/L)": "0.004", "Cloro Residual (mg/L)": "0.02", "Cloruros (mg/L)": "66.25", "Dureza Total (mg/L)": "104.4434", "Fluoruros (mg/L)": "0", "Nitratos (mg/L)": "1.3", "Nitritos (mg/L)": "0.0058", "Ph": "7.98", "SDT (mg/L)": "123.1", "Sulfatos (mg/L)": "35", "Cloro Total (mg/L)": "0.03", "Conductividad (muS/cm)": "250", "Temperatura (°C)": "25.5", "ID": "Chapantongo_Zimapantongo_Pozo Zimapantongo" }, "geometry": { "type": "Point", "coordinates": [ -99.454013575076175, 20.238334209347869 ] } },
{ "type": "Feature", "properties": { "CVEGEO_LOC": "130170025", "AÑO": 2014.0, "NOM_MUN": "Chapantongo", "NOM_LOC": "El Huizachal (San Isidro)", "Fuente de abastecimiento": "Pozo El Huizachal", "Coliformes Totales (Ausencia o Presencia/100mL)": "Presencia", "E. Coli (Ausencia o Presencia/100mL)": "Ausencia", "Arsenico (mg/L)": "0", "Bario (mg/L)": "0", "Cadmio (mg/L)": null, "Cobre (mg/L)": "0.5", "Hierro (mg/L)": "0", "Manganeso (mg/L)": "0", "Plomo (mg/L)": "0", "Zinc (mg/L)": "0.07", "Cianuros (mg/L)": "0.005", "Cloro Residual (mg/L)": "0.05", "Cloruros (mg/L)": "2.5", "Dureza Total (mg/L)": "186.66", "Fluoruros (mg/L)": "0", "Nitratos (mg/L)": "0", "Nitritos (mg/L)": "0.003", "Ph": "7.78", "SDT (mg/L)": "126.7", "Sulfatos (mg/L)": "5", "Cloro Total (mg/L)": "0.04", "Conductividad (muS/cm)": "270", "Temperatura (°C)": "32.1", "ID": "Chapantongo_El Huizachal (San Isidro)_Pozo El Huizachal" }, "geometry": { "type": "Point", "coordinates": [ -99.398867977065123, 20.286298867518632 ] } },
{ "type": "Feature", "properties": { "CVEGEO_LOC": "130180001", "AÑO": 2015.0, "NOM_MUN": "Chapulhuacán", "NOM_LOC": "Chapulhuacán", "Fuente de abastecimiento": "Manantial Aguacatillo 2", "Coliformes Totales (Ausencia o Presencia/100mL)": "Presencia", "E. Coli (Ausencia o Presencia/100mL)": "Presencia", "Arsenico (mg/L)": "0", "Bario (mg/L)": "0", "Cadmio (mg/L)": null, "Cobre (mg/L)": "0.18", "Hierro (mg/L)": "0.01", "Manganeso (mg/L)": "0", "Plomo (mg/L)": "0", "Zinc (mg/L)": "0.08", "Cianuros (mg/L)": "0.002", "Cloro Residual (mg/L)": "0.01", "Cloruros (mg/L)": "2.4", "Dureza Total (mg/L)": "177.77", "Fluoruros (mg/L)": "0", "Nitratos (mg/L)": "1.2", "Nitritos (mg/L)": "0.078", "Ph": "8.25", "SDT (mg/L)": "139.9", "Sulfatos (mg/L)": "3", "Cloro Total (mg/L)": "0", "Conductividad (muS/cm)": "279", "Temperatura (°C)": "21.7", "ID": "Chapulhuacán_Chapulhuacán_Manantial Aguacatillo 2" }, "geometry": { "type": "Point", "coordinates": [ -98.901471160054925, 21.15654973026632 ] } },
{ "type": "Feature", "properties": { "CVEGEO_LOC": "130180001", "AÑO": 2012.0, "NOM_MUN": "Chapulhuacán", "NOM_LOC": "Chapulhuacán", "Fuente de abastecimiento": "Manantial El Aguacatillo", "Coliformes Totales (Ausencia o Presencia/100mL)": "Presencia", "E. Coli (Ausencia o Presencia/100mL)": "Ausencia", "Arsenico (mg/L)": "0", "Bario (mg/L)": null, "Cadmio (mg/L)": null, "Cobre (mg/L)": "0.431", "Hierro (mg/L)": "0.025", "Manganeso (mg/L)": "0.025", "Plomo (mg/L)": "0.002", "Zinc (mg/L)": "0.095", "Cianuros (mg/L)": "0.002", "Cloro Residual (mg/L)": "0", "Cloruros (mg/L)": "73.21", "Dureza Total (mg/L)": "206.6646", "Fluoruros (mg/L)": "0", "Nitratos (mg/L)": "2.6", "Nitritos (mg/L)": "0.0018", "Ph": "7.66", "SDT (mg/L)": "176.2", "Sulfatos (mg/L)": "2.5", "Cloro Total (mg/L)": "0", "Conductividad (muS/cm)": "345", "Temperatura (°C)": "19.3", "ID": "Chapulhuacán_Chapulhuacán_Manantial El Aguacatillo" }, "geometry": { "type": "Point", "coordinates": [ -98.906007043452462, 21.159311312887112 ] } },
{ "type": "Feature", "properties": { "CVEGEO_LOC": "130180018", "AÑO": 2016.0, "NOM_MUN": "Chapulhuacán", "NOM_LOC": "Iglesia Vieja (Iglesia Nueva)", "Fuente de abastecimiento": "Manantial Poza Azul", "Coliformes Totales (Ausencia o Presencia/100mL)": "Presencia", "E. Coli (Ausencia o Presencia/100mL)": "Presencia", "Arsenico (mg/L)": "0", "Bario (mg/L)": "0", "Cadmio (mg/L)": "ND", "Cobre (mg/L)": "0.11", "Hierro (mg/L)": "0.09", "Manganeso (mg/L)": "0.8", "Plomo (mg/L)": "0", "Zinc (mg/L)": "0.08", "Cianuros (mg/L)": "77", "Cloro Residual (mg/L)": "0", "Cloruros (mg/L)": "66.4", "Dureza Total (mg/L)": "368.88", "Fluoruros (mg/L)": "45810", "Nitratos (mg/L)": "9", "Nitritos (mg/L)": "576", "Ph": "7.73", "SDT (mg/L)": "740", "Sulfatos (mg/L)": "50", "Cloro Total (mg/L)": "0", "Conductividad (muS/cm)": "1360", "Temperatura (°C)": "27", "ID": "Chapulhuacán_Iglesia Vieja (Iglesia Nueva)_Manantial Poza Azul" }, "geometry": { "type": "Point", "coordinates": [ -98.968019937971789, 21.106298110777249 ] } },
{ "type": "Feature", "properties": { "CVEGEO_LOC": "130180021", "AÑO": 2016.0, "NOM_MUN": "Chapulhuacán", "NOM_LOC": "Neblinas", "Fuente de abastecimiento": "Manantial Neblinas", "Coliformes Totales (Ausencia o Presencia/100mL)": "Presencia", "E. Coli (Ausencia o Presencia/100mL)": "Presencia", "Arsenico (mg/L)": "0", "Bario (mg/L)": "0", "Cadmio (mg/L)": "ND", "Cobre (mg/L)": "0", "Hierro (mg/L)": "0", "Manganeso (mg/L)": "0", "Plomo (mg/L)": "0", "Zinc (mg/L)": "0.05", "Cianuros (mg/L)": "0", "Cloro Residual (mg/L)": "0", "Cloruros (mg/L)": "45752", "Dureza Total (mg/L)": "257.77", "Fluoruros (mg/L)": "0.2", "Nitratos (mg/L)": "45870", "Nitritos (mg/L)": "5", "Ph": "7.58", "SDT (mg/L)": "206", "Sulfatos (mg/L)": "5", "Cloro Total (mg/L)": "0", "Conductividad (muS/cm)": "390", "Temperatura (°C)": "45833", "ID": "Chapulhuacán_Neblinas_Manantial Neblinas" }, "geometry": { "type": "Point", "coordinates": [ -98.924970007418409, 21.117113781550124 ] } },
{ "type": "Feature", "properties": { "CVEGEO_LOC": "130180024", "AÑO": 2013.0, "NOM_MUN": "Chapulhuacán", "NOM_LOC": "Palomas", "Fuente de abastecimiento": "Manantial", "Coliformes Totales (Ausencia o Presencia/100mL)": "Presencia", "E. Coli (Ausencia o Presencia/100mL)": "Ausencia", "Arsenico (mg/L)": "0", "Bario (mg/L)": "0.1", "Cadmio (mg/L)": null, "Cobre (mg/L)": "0.9", "Hierro (mg/L)": "0.01", "Manganeso (mg/L)": "0", "Plomo (mg/L)": "0.001", "Zinc (mg/L)": "0.09", "Cianuros (mg/L)": "0", "Cloro Residual (mg/L)": "0.04", "Cloruros (mg/L)": "70.1", "Dureza Total (mg/L)": "280.44", "Fluoruros (mg/L)": "0", "Nitratos (mg/L)": "1", "Nitritos (mg/L)": "0.003", "Ph": "7.96", "SDT (mg/L)": "96.1", "Sulfatos (mg/L)": "0", "Cloro Total (mg/L)": "0", "Conductividad (muS/cm)": "107.1", "Temperatura (°C)": "22.7", "ID": "Chapulhuacán_Palomas_Manantial" }, "geometry": { "type": "Point", "coordinates": [ -99.028817880819815, 21.073850511317833 ] } },
{ "type": "Feature", "properties": { "CVEGEO_LOC": "1301800330021800", "AÑO": 2016.0, "NOM_MUN": "Chapulhuacán", "NOM_LOC": "El Sabino", "Fuente de abastecimiento": "Pozo El Sabino", "Coliformes Totales (Ausencia o Presencia/100mL)": "Presencia", "E. Coli (Ausencia o Presencia/100mL)": "Ausencia", "Arsenico (mg/L)": "0", "Bario (mg/L)": "0", "Cadmio (mg/L)": null, "Cobre (mg/L)": "0.47", "Hierro (mg/L)": "0.03", "Manganeso (mg/L)": "0", "Plomo (mg/L)": "0", "Zinc (mg/L)": "0.11", "Cianuros (mg/L)": "0.008", "Cloro Residual (mg/L)": "0.02", "Cloruros (mg/L)": "110.3", "Dureza Total (mg/L)": "386.66", "Fluoruros (mg/L)": "0.09", "Nitratos (mg/L)": "1.2", "Nitritos (mg/L)": "0.004", "Ph": "7.38", "SDT (mg/L)": "602", "Sulfatos (mg/L)": "85", "Cloro Total (mg/L)": "0.01", "Conductividad (muS/cm)": "1220", "Temperatura (°C)": "25.2", "ID": "Chapulhuacán_El Sabino_Pozo El Sabino" }, "geometry": { "type": "Point", "coordinates": [ -98.884933033375319, 21.163203220690281 ] } },
{ "type": "Feature", "properties": { "CVEGEO_LOC": "130180034", "AÑO": 2014.0, "NOM_MUN": "Chapulhuacán", "NOM_LOC": "San Rafael", "Fuente de abastecimiento": "Pozo San Rafael", "Coliformes Totales (Ausencia o Presencia/100mL)": "Presencia", "E. Coli (Ausencia o Presencia/100mL)": "Presencia", "Arsenico (mg/L)": "0", "Bario (mg/L)": "0", "Cadmio (mg/L)": null, "Cobre (mg/L)": "0", "Hierro (mg/L)": "0.03", "Manganeso (mg/L)": "0.1", "Plomo (mg/L)": "0.002", "Zinc (mg/L)": "0.08", "Cianuros (mg/L)": "0.004", "Cloro Residual (mg/L)": "0", "Cloruros (mg/L)": "17.4", "Dureza Total (mg/L)": "239.99", "Fluoruros (mg/L)": "0.26", "Nitratos (mg/L)": "1.2", "Nitritos (mg/L)": "0.017", "Ph": "7.53", "SDT (mg/L)": "231", "Sulfatos (mg/L)": "14", "Cloro Total (mg/L)": "0", "Conductividad (muS/cm)": "478", "Temperatura (°C)": "19", "ID": "Chapulhuacán_San Rafael_Pozo San Rafael" }, "geometry": { "type": "Point", "coordinates": [ -98.940180096433679, 21.115136580226874 ] } },
{ "type": "Feature", "properties": { "CVEGEO_LOC": "130180035", "AÑO": 2014.0, "NOM_MUN": "Chapulhuacán", "NOM_LOC": "Santa Ana de Allende", "Fuente de abastecimiento": "Manantial Pesebre", "Coliformes Totales (Ausencia o Presencia/100mL)": "Presencia", "E. Coli (Ausencia o Presencia/100mL)": "Presencia", "Arsenico (mg/L)": "0", "Bario (mg/L)": "0", "Cadmio (mg/L)": null, "Cobre (mg/L)": "0.54", "Hierro (mg/L)": "0.02", "Manganeso (mg/L)": "0.1", "Plomo (mg/L)": "0.001", "Zinc (mg/L)": "0.03", "Cianuros (mg/L)": "0.001", "Cloro Residual (mg/L)": "0.1", "Cloruros (mg/L)": "5.2", "Dureza Total (mg/L)": "177.77", "Fluoruros (mg/L)": "0.05", "Nitratos (mg/L)": "4.1", "Nitritos (mg/L)": "0.002", "Ph": "7.37", "SDT (mg/L)": "222", "Sulfatos (mg/L)": "18", "Cloro Total (mg/L)": "0", "Conductividad (muS/cm)": "220", "Temperatura (°C)": "20.1", "ID": "Chapulhuacán_Santa Ana de Allende_Manantial Pesebre" }, "geometry": { "type": "Point", "coordinates": [ -98.985166916889654, 21.123849589878816 ] } },
{ "type": "Feature", "properties": { "CVEGEO_LOC": "130180035", "AÑO": 2012.0, "NOM_MUN": "Chapulhuacán", "NOM_LOC": "Santa Ana de Allende", "Fuente de abastecimiento": "Manantial Santa Ana", "Coliformes Totales (Ausencia o Presencia/100mL)": "Presencia", "E. Coli (Ausencia o Presencia/100mL)": "Ausencia", "Arsenico (mg/L)": "0", "Bario (mg/L)": null, "Cadmio (mg/L)": null, "Cobre (mg/L)": "1.031", "Hierro (mg/L)": "0.011", "Manganeso (mg/L)": "0", "Plomo (mg/L)": "0.002", "Zinc (mg/L)": "0.097", "Cianuros (mg/L)": "0", "Cloro Residual (mg/L)": "0.7", "Cloruros (mg/L)": "69.25", "Dureza Total (mg/L)": "279.9972", "Fluoruros (mg/L)": "0", "Nitratos (mg/L)": "1.1", "Nitritos (mg/L)": "0.0034", "Ph": "7.95", "SDT (mg/L)": "197.2", "Sulfatos (mg/L)": "0", "Cloro Total (mg/L)": "0", "Conductividad (muS/cm)": "392", "Temperatura (°C)": "30.7", "ID": "Chapulhuacán_Santa Ana de Allende_Manantial Santa Ana" }, "geometry": { "type": "Point", "coordinates": [ -98.98770035186314, 21.122427952636738 ] } },
{ "type": "Feature", "properties": { "CVEGEO_LOC": "130180035", "AÑO": 2013.0, "NOM_MUN": "Chapulhuacán", "NOM_LOC": "Santa Ana de Allende", "Fuente de abastecimiento": "Pozo Tepeyac II", "Coliformes Totales (Ausencia o Presencia/100mL)": "Presencia", "E. Coli (Ausencia o Presencia/100mL)": "Ausencia", "Arsenico (mg/L)": "0", "Bario (mg/L)": "0.1", "Cadmio (mg/L)": null, "Cobre (mg/L)": "0.6", "Hierro (mg/L)": "0.01", "Manganeso (mg/L)": "0", "Plomo (mg/L)": "0.001", "Zinc (mg/L)": "0.1", "Cianuros (mg/L)": "0", "Cloro Residual (mg/L)": "0", "Cloruros (mg/L)": "66.66", "Dureza Total (mg/L)": "276.66", "Fluoruros (mg/L)": "0", "Nitratos (mg/L)": "0.8", "Nitritos (mg/L)": "0.002", "Ph": "8.2", "SDT (mg/L)": "90.4", "Sulfatos (mg/L)": "0", "Cloro Total (mg/L)": "0.5", "Conductividad (muS/cm)": "105.8", "Temperatura (°C)": "21.6", "ID": "Chapulhuacán_Santa Ana de Allende_Pozo Tepeyac II" }, "geometry": { "type": "Point", "coordinates": [ -98.986903581068844, 21.123978930234603 ] } },
{ "type": "Feature", "properties": { "CVEGEO_LOC": "130180035", "AÑO": 2014.0, "NOM_MUN": "Chapulhuacán", "NOM_LOC": "Santa Ana de Allende", "Fuente de abastecimiento": "Tanque PB4", "Coliformes Totales (Ausencia o Presencia/100mL)": "Presencia", "E. Coli (Ausencia o Presencia/100mL)": "Presencia", "Arsenico (mg/L)": "0", "Bario (mg/L)": "0", "Cadmio (mg/L)": null, "Cobre (mg/L)": "0.77", "Hierro (mg/L)": "0", "Manganeso (mg/L)": "0.13", "Plomo (mg/L)": "0.012", "Zinc (mg/L)": "1", "Cianuros (mg/L)": "0.004", "Cloro Residual (mg/L)": "0.1", "Cloruros (mg/L)": "1.7", "Dureza Total (mg/L)": "188.88", "Fluoruros (mg/L)": "0.22", "Nitratos (mg/L)": "0.9", "Nitritos (mg/L)": "0.003", "Ph": "7.71", "SDT (mg/L)": "185.4", "Sulfatos (mg/L)": "4", "Cloro Total (mg/L)": "0", "Conductividad (muS/cm)": "183.4", "Temperatura (°C)": "20.9", "ID": "Chapulhuacán_Santa Ana de Allende_Tanque PB4" }, "geometry": { "type": "Point", "coordinates": [ -98.986368878427825, 21.126864278623962 ] } },
{ "type": "Feature", "properties": { "CVEGEO_LOC": "130180065", "AÑO": 2014.0, "NOM_MUN": "Chapulhuacán", "NOM_LOC": "La Mesa", "Fuente de abastecimiento": "Pozo La Mesa", "Coliformes Totales (Ausencia o Presencia/100mL)": "Presencia", "E. Coli (Ausencia o Presencia/100mL)": "Ausencia", "Arsenico (mg/L)": "0", "Bario (mg/L)": "0", "Cadmio (mg/L)": null, "Cobre (mg/L)": "0.02", "Hierro (mg/L)": "0.02", "Manganeso (mg/L)": "0", "Plomo (mg/L)": "0.003", "Zinc (mg/L)": "0.06", "Cianuros (mg/L)": "0.005", "Cloro Residual (mg/L)": "0", "Cloruros (mg/L)": "14", "Dureza Total (mg/L)": "233.31", "Fluoruros (mg/L)": "1.3", "Nitratos (mg/L)": "0.9", "Nitritos (mg/L)": "0.02", "Ph": "7.19", "SDT (mg/L)": "367", "Sulfatos (mg/L)": "60", "Cloro Total (mg/L)": "0", "Conductividad (muS/cm)": "735", "Temperatura (°C)": "17.1", "ID": "Chapulhuacán_La Mesa_Pozo La Mesa" }, "geometry": { "type": "Point", "coordinates": [ -98.89510800677543, 21.136708650243513 ] } },
{ "type": "Feature", "properties": { "CVEGEO_LOC": "1301800690021800", "AÑO": 2015.0, "NOM_MUN": "Chapulhuacán", "NOM_LOC": "El Aguacate", "Fuente de abastecimiento": "Manantial Aguacatillo 1", "Coliformes Totales (Ausencia o Presencia/100mL)": "Presencia", "E. Coli (Ausencia o Presencia/100mL)": "Ausencia", "Arsenico (mg/L)": "0", "Bario (mg/L)": "0", "Cadmio (mg/L)": null, "Cobre (mg/L)": "0.62", "Hierro (mg/L)": "0.03", "Manganeso (mg/L)": "0.1", "Plomo (mg/L)": "0", "Zinc (mg/L)": "0.05", "Cianuros (mg/L)": "0.001", "Cloro Residual (mg/L)": "0.02", "Cloruros (mg/L)": "3.1", "Dureza Total (mg/L)": "122.23", "Fluoruros (mg/L)": "0.34", "Nitratos (mg/L)": "0.7", "Nitritos (mg/L)": "0.016", "Ph": "7.4", "SDT (mg/L)": "173", "Sulfatos (mg/L)": "5", "Cloro Total (mg/L)": "0.03", "Conductividad (muS/cm)": "341.23", "Temperatura (°C)": "22.8", "ID": "Chapulhuacán_El Aguacate_Manantial Aguacatillo 1" }, "geometry": { "type": "Point", "coordinates": [ -98.900886537132337, 21.096287919774763 ] } },
{ "type": "Feature", "properties": { "CVEGEO_LOC": "130190006", "AÑO": 2017.0, "NOM_MUN": "Chilcuautla", "NOM_LOC": "El Dontzhí (Colonia Álamos)", "Fuente de abastecimiento": "Pozo San Jose", "Coliformes Totales (Ausencia o Presencia/100mL)": "ND", "E. Coli (Ausencia o Presencia/100mL)": "ND", "Arsenico (mg/L)": "0.02", "Bario (mg/L)": "0", "Cadmio (mg/L)": null, "Cobre (mg/L)": "0.22", "Hierro (mg/L)": "0.04", "Manganeso (mg/L)": "0", "Plomo (mg/L)": "0", "Zinc (mg/L)": "0.03", "Cianuros (mg/L)": null, "Cloro Residual (mg/L)": null, "Cloruros (mg/L)": null, "Dureza Total (mg/L)": null, "Fluoruros (mg/L)": null, "Nitratos (mg/L)": null, "Nitritos (mg/L)": null, "Ph": null, "SDT (mg/L)": null, "Sulfatos (mg/L)": null, "Cloro Total (mg/L)": null, "Conductividad (muS/cm)": null, "Temperatura (°C)": null, "ID": "Chilcuautla_El Dontzhí (Colonia Álamos)_Pozo San Jose" }, "geometry": { "type": "Point", "coordinates": [ -99.235852427308259, 20.339838961949535 ] } },
{ "type": "Feature", "properties": { "CVEGEO_LOC": "130190006", "AÑO": 2013.0, "NOM_MUN": "Chilcuautla", "NOM_LOC": "El Dontzhí (Colonia Álamos)", "Fuente de abastecimiento": "Pozo Santa Arita", "Coliformes Totales (Ausencia o Presencia/100mL)": "Presencia", "E. Coli (Ausencia o Presencia/100mL)": "Ausencia", "Arsenico (mg/L)": "0", "Bario (mg/L)": "0", "Cadmio (mg/L)": null, "Cobre (mg/L)": "0.26", "Hierro (mg/L)": "0", "Manganeso (mg/L)": "0", "Plomo (mg/L)": "0", "Zinc (mg/L)": "0.09", "Cianuros (mg/L)": "0.002", "Cloro Residual (mg/L)": "0", "Cloruros (mg/L)": "72.1", "Dureza Total (mg/L)": "276.11", "Fluoruros (mg/L)": "0.19", "Nitratos (mg/L)": "0.3", "Nitritos (mg/L)": "0.005", "Ph": "7.32", "SDT (mg/L)": "851", "Sulfatos (mg/L)": "88", "Cloro Total (mg/L)": "0", "Conductividad (muS/cm)": "1169", "Temperatura (°C)": "22.7", "ID": "Chilcuautla_El Dontzhí (Colonia Álamos)_Pozo Santa Arita" }, "geometry": { "type": "Point", "coordinates": [ -99.239180151979753, 20.344420624168983 ] } },
{ "type": "Feature", "properties": { "CVEGEO_LOC": "130190011", "AÑO": 2012.0, "NOM_MUN": "Chilcuautla", "NOM_LOC": "Santa Ana Batha", "Fuente de abastecimiento": "Pozo Sta. Ana Batha", "Coliformes Totales (Ausencia o Presencia/100mL)": "Presencia", "E. Coli (Ausencia o Presencia/100mL)": "Ausencia", "Arsenico (mg/L)": "0", "Bario (mg/L)": null, "Cadmio (mg/L)": null, "Cobre (mg/L)": "0.668", "Hierro (mg/L)": "0", "Manganeso (mg/L)": null, "Plomo (mg/L)": "0", "Zinc (mg/L)": "0.033", "Cianuros (mg/L)": "0", "Cloro Residual (mg/L)": "0.05", "Cloruros (mg/L)": "170", "Dureza Total (mg/L)": "222.22", "Fluoruros (mg/L)": "0.36", "Nitratos (mg/L)": "1.3", "Nitritos (mg/L)": "0", "Ph": "8.17", "SDT (mg/L)": "343", "Sulfatos (mg/L)": "280", "Cloro Total (mg/L)": "0.04", "Conductividad (muS/cm)": "1544", "Temperatura (°C)": "25.8", "ID": "Chilcuautla_Santa Ana Batha_Pozo Sta. Ana Batha" }, "geometry": { "type": "Point", "coordinates": [ -99.195908016401191, 20.377527569244045 ] } },
{ "type": "Feature", "properties": { "CVEGEO_LOC": "130190013", "AÑO": 2015.0, "NOM_MUN": "Chilcuautla", "NOM_LOC": "Texcatepec", "Fuente de abastecimiento": "Pozo El Jaguey", "Coliformes Totales (Ausencia o Presencia/100mL)": "Presencia", "E. Coli (Ausencia o Presencia/100mL)": "Ausencia", "Arsenico (mg/L)": "0", "Bario (mg/L)": "0", "Cadmio (mg/L)": null, "Cobre (mg/L)": "0.71", "Hierro (mg/L)": "0.1", "Manganeso (mg/L)": "0", "Plomo (mg/L)": "0", "Zinc (mg/L)": "0.36", "Cianuros (mg/L)": "0", "Cloro Residual (mg/L)": "0", "Cloruros (mg/L)": "38.1", "Dureza Total (mg/L)": "213.33", "Fluoruros (mg/L)": "0.95", "Nitratos (mg/L)": "2.9", "Nitritos (mg/L)": "0.008", "Ph": "7.39", "SDT (mg/L)": "248", "Sulfatos (mg/L)": "27", "Cloro Total (mg/L)": "0", "Conductividad (muS/cm)": "234", "Temperatura (°C)": "29.5", "ID": "Chilcuautla_Texcatepec_Pozo El Jaguey" }, "geometry": { "type": "Point", "coordinates": [ -99.253163771631378, 20.275984499031956 ] } },
{ "type": "Feature", "properties": { "CVEGEO_LOC": "130190013", "AÑO": 2014.0, "NOM_MUN": "Chilcuautla", "NOM_LOC": "Texcatepec", "Fuente de abastecimiento": "Pozo Texcatepec", "Coliformes Totales (Ausencia o Presencia/100mL)": "Presencia", "E. Coli (Ausencia o Presencia/100mL)": "Ausencia", "Arsenico (mg/L)": "0", "Bario (mg/L)": "0", "Cadmio (mg/L)": null, "Cobre (mg/L)": "0.07", "Hierro (mg/L)": "0", "Manganeso (mg/L)": "0", "Plomo (mg/L)": "0", "Zinc (mg/L)": "0.03", "Cianuros (mg/L)": "0.009", "Cloro Residual (mg/L)": "0.1", "Cloruros (mg/L)": "7.4", "Dureza Total (mg/L)": "135.55", "Fluoruros (mg/L)": "0.53", "Nitratos (mg/L)": "2.5", "Nitritos (mg/L)": "0.005", "Ph": "7.52", "SDT (mg/L)": "257", "Sulfatos (mg/L)": "19", "Cloro Total (mg/L)": "0.1", "Conductividad (muS/cm)": "259", "Temperatura (°C)": "27.9", "ID": "Chilcuautla_Texcatepec_Pozo Texcatepec" }, "geometry": { "type": "Point", "coordinates": [ -99.254413840455086, 20.274008348349039 ] } },
{ "type": "Feature", "properties": { "CVEGEO_LOC": "130190015", "AÑO": 2015.0, "NOM_MUN": "Chilcuautla", "NOM_LOC": "Tunititlán", "Fuente de abastecimiento": "Cárcamo La Barranca Los Sabinos", "Coliformes Totales (Ausencia o Presencia/100mL)": "Presencia", "E. Coli (Ausencia o Presencia/100mL)": "Presencia", "Arsenico (mg/L)": "0", "Bario (mg/L)": "0.1", "Cadmio (mg/L)": null, "Cobre (mg/L)": "0.02", "Hierro (mg/L)": "0.01", "Manganeso (mg/L)": "0", "Plomo (mg/L)": "0", "Zinc (mg/L)": "0.02", "Cianuros (mg/L)": "0", "Cloro Residual (mg/L)": "0", "Cloruros (mg/L)": "139.2", "Dureza Total (mg/L)": "431.1", "Fluoruros (mg/L)": "1.33", "Nitratos (mg/L)": "2.4", "Nitritos (mg/L)": "0.006", "Ph": "7.03", "SDT (mg/L)": "522", "Sulfatos (mg/L)": "108", "Cloro Total (mg/L)": "0", "Conductividad (muS/cm)": "897", "Temperatura (°C)": "22.1", "ID": "Chilcuautla_Tunititlán_Cárcamo La Barranca Los Sabinos" }, "geometry": { "type": "Point", "coordinates": [ -99.244803786192236, 20.247092789539415 ] } },
{ "type": "Feature", "properties": { "CVEGEO_LOC": "1301900300014800", "AÑO": 2014.0, "NOM_MUN": "Chilcuautla", "NOM_LOC": "El Sabino", "Fuente de abastecimiento": "Pozo El Sabino", "Coliformes Totales (Ausencia o Presencia/100mL)": "Presencia", "E. Coli (Ausencia o Presencia/100mL)": "Ausencia", "Arsenico (mg/L)": "0", "Bario (mg/L)": "0", "Cadmio (mg/L)": null, "Cobre (mg/L)": "0.01", "Hierro (mg/L)": "0.03", "Manganeso (mg/L)": "0", "Plomo (mg/L)": "0", "Zinc (mg/L)": "0.03", "Cianuros (mg/L)": "0.004", "Cloro Residual (mg/L)": "0.2", "Cloruros (mg/L)": "12.6", "Dureza Total (mg/L)": "311.1", "Fluoruros (mg/L)": "0.09", "Nitratos (mg/L)": "3.4", "Nitritos (mg/L)": "0.016", "Ph": "7.65", "SDT (mg/L)": "605", "Sulfatos (mg/L)": "81", "Cloro Total (mg/L)": "0.1", "Conductividad (muS/cm)": "606", "Temperatura (°C)": "22.8", "ID": "Chilcuautla_El Sabino_Pozo El Sabino" }, "geometry": { "type": "Point", "coordinates": [ -99.262248096812129, 20.324585753324168 ] } },
{ "type": "Feature", "properties": { "CVEGEO_LOC": "1301900300014800", "AÑO": 2012.0, "NOM_MUN": "Chilcuautla", "NOM_LOC": "El Sabino", "Fuente de abastecimiento": "Pozo El Sabino", "Coliformes Totales (Ausencia o Presencia/100mL)": "Presencia", "E. Coli (Ausencia o Presencia/100mL)": "Ausencia", "Arsenico (mg/L)": "0", "Bario (mg/L)": null, "Cadmio (mg/L)": null, "Cobre (mg/L)": "9e-04", "Hierro (mg/L)": "0", "Manganeso (mg/L)": null, "Plomo (mg/L)": "0", "Zinc (mg/L)": "0.023", "Cianuros (mg/L)": "0", "Cloro Residual (mg/L)": "0.04", "Cloruros (mg/L)": "167.5", "Dureza Total (mg/L)": "466.662", "Fluoruros (mg/L)": "0.38", "Nitratos (mg/L)": "0.9", "Nitritos (mg/L)": "0", "Ph": "7.84", "SDT (mg/L)": "810", "Sulfatos (mg/L)": "145", "Cloro Total (mg/L)": "0.05", "Conductividad (muS/cm)": "1198", "Temperatura (°C)": "26.5", "ID": "Chilcuautla_El Sabino_Pozo El Sabino" }, "geometry": { "type": "Point", "coordinates": [ -99.262248096812129, 20.324585753324168 ] } },
{ "type": "Feature", "properties": { "CVEGEO_LOC": "130200001", "AÑO": 2016.0, "NOM_MUN": "Eloxochitlán", "NOM_LOC": "Eloxochitlán", "Fuente de abastecimiento": "Manantial Acatitlán", "Coliformes Totales (Ausencia o Presencia/100mL)": "Presencia", "E. Coli (Ausencia o Presencia/100mL)": "Presencia", "Arsenico (mg/L)": "0", "Bario (mg/L)": "0", "Cadmio (mg/L)": "ND", "Cobre (mg/L)": "0.66", "Hierro (mg/L)": "0", "Manganeso (mg/L)": "0", "Plomo (mg/L)": "0", "Zinc (mg/L)": "0.07", "Cianuros (mg/L)": "8", "Cloro Residual (mg/L)": "0", "Cloruros (mg/L)": "45832", "Dureza Total (mg/L)": "377.77", "Fluoruros (mg/L)": "0.24", "Nitratos (mg/L)": "45693", "Nitritos (mg/L)": "6", "Ph": "6.88", "SDT (mg/L)": "446", "Sulfatos (mg/L)": "39", "Cloro Total (mg/L)": "0", "Conductividad (muS/cm)": "277", "Temperatura (°C)": "45710", "ID": "Eloxochitlán_Eloxochitlán_Manantial Acatitlán" }, "geometry": { "type": "Point", "coordinates": [ -98.808042950738155, 20.7452736250196 ] } },
{ "type": "Feature", "properties": { "CVEGEO_LOC": "130200001", "AÑO": 2012.0, "NOM_MUN": "Eloxochitlán", "NOM_LOC": "Eloxochitlán", "Fuente de abastecimiento": "Pozo Cabecera Municipal", "Coliformes Totales (Ausencia o Presencia/100mL)": "Presencia", "E. Coli (Ausencia o Presencia/100mL)": "Ausencia", "Arsenico (mg/L)": "0", "Bario (mg/L)": null, "Cadmio (mg/L)": null, "Cobre (mg/L)": "0", "Hierro (mg/L)": "0.035", "Manganeso (mg/L)": "0.08", "Plomo (mg/L)": "0.001", "Zinc (mg/L)": "0.29", "Cianuros (mg/L)": "0.001", "Cloro Residual (mg/L)": "0.01", "Cloruros (mg/L)": "16.1", "Dureza Total (mg/L)": "141.51", "Fluoruros (mg/L)": "0", "Nitratos (mg/L)": "0.9", "Nitritos (mg/L)": "0.0023", "Ph": "8.04", "SDT (mg/L)": "80.3", "Sulfatos (mg/L)": "10", "Cloro Total (mg/L)": "0.03", "Conductividad (muS/cm)": "139.1", "Temperatura (°C)": "19.5", "ID": "Eloxochitlán_Eloxochitlán_Pozo Cabecera Municipal" }, "geometry": { "type": "Point", "coordinates": [ -98.802096643400461, 20.738844364364688 ] } },
{ "type": "Feature", "properties": { "CVEGEO_LOC": "130200001", "AÑO": 2012.0, "NOM_MUN": "Eloxochitlán", "NOM_LOC": "Eloxochitlán", "Fuente de abastecimiento": "Pozo Hualula", "Coliformes Totales (Ausencia o Presencia/100mL)": "Presencia", "E. Coli (Ausencia o Presencia/100mL)": "Ausencia", "Arsenico (mg/L)": "0", "Bario (mg/L)": null, "Cadmio (mg/L)": null, "Cobre (mg/L)": "0", "Hierro (mg/L)": "0.026", "Manganeso (mg/L)": "0.07", "Plomo (mg/L)": "0.001", "Zinc (mg/L)": "0.18", "Cianuros (mg/L)": "0.002", "Cloro Residual (mg/L)": "0.02", "Cloruros (mg/L)": "20", "Dureza Total (mg/L)": "180.12", "Fluoruros (mg/L)": "0", "Nitratos (mg/L)": "0.7", "Nitritos (mg/L)": "0.0033", "Ph": "7.8", "SDT (mg/L)": "298", "Sulfatos (mg/L)": "25", "Cloro Total (mg/L)": "0.01", "Conductividad (muS/cm)": "361", "Temperatura (°C)": "20.4", "ID": "Eloxochitlán_Eloxochitlán_Pozo Hualula" }, "geometry": { "type": "Point", "coordinates": [ -98.810684085886265, 20.73913721608028 ] } },
{ "type": "Feature", "properties": { "CVEGEO_LOC": "130200001", "AÑO": 2013.0, "NOM_MUN": "Eloxochitlán", "NOM_LOC": "Eloxochitlán", "Fuente de abastecimiento": "Tanque de Almacenamiento", "Coliformes Totales (Ausencia o Presencia/100mL)": "Presencia", "E. Coli (Ausencia o Presencia/100mL)": "Ausencia", "Arsenico (mg/L)": "0", "Bario (mg/L)": "0", "Cadmio (mg/L)": null, "Cobre (mg/L)": "0", "Hierro (mg/L)": "0.01", "Manganeso (mg/L)": "0", "Plomo (mg/L)": "0", "Zinc (mg/L)": "0.01", "Cianuros (mg/L)": "0.001", "Cloro Residual (mg/L)": "0", "Cloruros (mg/L)": "27.5", "Dureza Total (mg/L)": "141.7", "Fluoruros (mg/L)": "0", "Nitratos (mg/L)": "0.6", "Nitritos (mg/L)": "0", "Ph": "7.82", "SDT (mg/L)": "77.4", "Sulfatos (mg/L)": "30.5", "Cloro Total (mg/L)": "0", "Conductividad (muS/cm)": "136.9", "Temperatura (°C)": "21.4", "ID": "Eloxochitlán_Eloxochitlán_Tanque de Almacenamiento" }, "geometry": { "type": "Point", "coordinates": [ -98.817696767296155, 20.744383041169812 ] } },
{ "type": "Feature", "properties": { "CVEGEO_LOC": "130200001", "AÑO": 2013.0, "NOM_MUN": "Eloxochitlán", "NOM_LOC": "Eloxochitlán", "Fuente de abastecimiento": "Toma Domiciliaria", "Coliformes Totales (Ausencia o Presencia/100mL)": "Presencia", "E. Coli (Ausencia o Presencia/100mL)": "Ausencia", "Arsenico (mg/L)": "0", "Bario (mg/L)": "0", "Cadmio (mg/L)": null, "Cobre (mg/L)": "0", "Hierro (mg/L)": "0.01", "Manganeso (mg/L)": "0.01", "Plomo (mg/L)": "0", "Zinc (mg/L)": "0.01", "Cianuros (mg/L)": "0.001", "Cloro Residual (mg/L)": "0", "Cloruros (mg/L)": "27.6", "Dureza Total (mg/L)": "150.11", "Fluoruros (mg/L)": "0", "Nitratos (mg/L)": "0.7", "Nitritos (mg/L)": "0", "Ph": "7.91", "SDT (mg/L)": "86.1", "Sulfatos (mg/L)": "26.1", "Cloro Total (mg/L)": "0", "Conductividad (muS/cm)": "133.9", "Temperatura (°C)": "19.7", "ID": "Eloxochitlán_Eloxochitlán_Toma Domiciliaria" }, "geometry": { "type": "Point", "coordinates": [ -98.814078360195637, 20.748796834063487 ] } },
{ "type": "Feature", "properties": { "CVEGEO_LOC": "1302000030034800", "AÑO": 2015.0, "NOM_MUN": "Eloxochitlán", "NOM_LOC": "Almoloya", "Fuente de abastecimiento": "Manantial El Cedral", "Coliformes Totales (Ausencia o Presencia/100mL)": "Presencia", "E. Coli (Ausencia o Presencia/100mL)": "Ausencia", "Arsenico (mg/L)": "0", "Bario (mg/L)": "0", "Cadmio (mg/L)": "ND", "Cobre (mg/L)": "0.78", "Hierro (mg/L)": "0.01", "Manganeso (mg/L)": "0", "Plomo (mg/L)": "0", "Zinc (mg/L)": "0.04", "Cianuros (mg/L)": "4", "Cloro Residual (mg/L)": "0.01", "Cloruros (mg/L)": "45839", "Dureza Total (mg/L)": "133.34", "Fluoruros (mg/L)": "0", "Nitratos (mg/L)": "0.4", "Nitritos (mg/L)": "8", "Ph": "45815", "SDT (mg/L)": "65.5", "Sulfatos (mg/L)": "10", "Cloro Total (mg/L)": "0.02", "Conductividad (muS/cm)": "234.14", "Temperatura (°C)": "45920", "ID": "Eloxochitlán_Almoloya_Manantial El Cedral" }, "geometry": { "type": "Point", "coordinates": [ -98.784498933784562, 20.777235493133517 ] } },
{ "type": "Feature", "properties": { "CVEGEO_LOC": "1302000030034800", "AÑO": 2014.0, "NOM_MUN": "Eloxochitlán", "NOM_LOC": "Almoloya", "Fuente de abastecimiento": "Tanque Almoloya", "Coliformes Totales (Ausencia o Presencia/100mL)": "Presencia", "E. Coli (Ausencia o Presencia/100mL)": "Ausencia", "Arsenico (mg/L)": "0", "Bario (mg/L)": "0", "Cadmio (mg/L)": null, "Cobre (mg/L)": "0.66", "Hierro (mg/L)": "0.02", "Manganeso (mg/L)": "0", "Plomo (mg/L)": "0", "Zinc (mg/L)": "0.02", "Cianuros (mg/L)": "0", "Cloro Residual (mg/L)": "0.1", "Cloruros (mg/L)": "2.8", "Dureza Total (mg/L)": "57.77", "Fluoruros (mg/L)": "0", "Nitratos (mg/L)": "0.7", "Nitritos (mg/L)": "0.003", "Ph": "7.14", "SDT (mg/L)": "314", "Sulfatos (mg/L)": "15", "Cloro Total (mg/L)": "0", "Conductividad (muS/cm)": "305", "Temperatura (°C)": "24.7", "ID": "Eloxochitlán_Almoloya_Tanque Almoloya" }, "geometry": { "type": "Point", "coordinates": [ -98.784498287619911, 20.777687283968898 ] } },
{ "type": "Feature", "properties": { "CVEGEO_LOC": "130200005", "AÑO": 2016.0, "NOM_MUN": "Eloxochitlán", "NOM_LOC": "San Pedro Gilo (Gilo)", "Fuente de abastecimiento": "Manantial El Rejalgar", "Coliformes Totales (Ausencia o Presencia/100mL)": "Presencia", "E. Coli (Ausencia o Presencia/100mL)": "Presencia", "Arsenico (mg/L)": "0", "Bario (mg/L)": "0", "Cadmio (mg/L)": "ND", "Cobre (mg/L)": "0.47", "Hierro (mg/L)": "0", "Manganeso (mg/L)": "0", "Plomo (mg/L)": "0", "Zinc (mg/L)": "0.15", "Cianuros (mg/L)": "0", "Cloro Residual (mg/L)": "0.01", "Cloruros (mg/L)": "45719", "Dureza Total (mg/L)": "182.22", "Fluoruros (mg/L)": "0.17", "Nitratos (mg/L)": "0.7", "Nitritos (mg/L)": "1", "Ph": "7.28", "SDT (mg/L)": "156.2", "Sulfatos (mg/L)": "1", "Cloro Total (mg/L)": "0.02", "Conductividad (muS/cm)": "277", "Temperatura (°C)": "45709", "ID": "Eloxochitlán_San Pedro Gilo (Gilo)_Manantial El Rejalgar" }, "geometry": { "type": "Point", "coordinates": [ -98.901920457976132, 20.74854217899469 ] } },
{ "type": "Feature", "properties": { "CVEGEO_LOC": "130200005", "AÑO": 2015.0, "NOM_MUN": "Eloxochitlán", "NOM_LOC": "San Pedro Gilo (Gilo)", "Fuente de abastecimiento": "Manantial El Rejalgar", "Coliformes Totales (Ausencia o Presencia/100mL)": "Presencia", "E. Coli (Ausencia o Presencia/100mL)": "Ausencia", "Arsenico (mg/L)": "0", "Bario (mg/L)": "0", "Cadmio (mg/L)": null, "Cobre (mg/L)": "0.79", "Hierro (mg/L)": "0.1", "Manganeso (mg/L)": "0", "Plomo (mg/L)": "0", "Zinc (mg/L)": "0", "Cianuros (mg/L)": "0.001", "Cloro Residual (mg/L)": "0.02", "Cloruros (mg/L)": "4.6", "Dureza Total (mg/L)": "243.33", "Fluoruros (mg/L)": "0", "Nitratos (mg/L)": "0.4", "Nitritos (mg/L)": "0.003", "Ph": "7.9", "SDT (mg/L)": "147.1", "Sulfatos (mg/L)": "1", "Cloro Total (mg/L)": "0.03", "Conductividad (muS/cm)": "351", "Temperatura (°C)": "19.7", "ID": "Eloxochitlán_San Pedro Gilo (Gilo)_Manantial El Rejalgar" }, "geometry": { "type": "Point", "coordinates": [ -98.901920457976132, 20.74854217899469 ] } },
{ "type": "Feature", "properties": { "CVEGEO_LOC": "130200005", "AÑO": 2014.0, "NOM_MUN": "Eloxochitlán", "NOM_LOC": "San Pedro Gilo (Gilo)", "Fuente de abastecimiento": "Tanque San Pedro Gilo", "Coliformes Totales (Ausencia o Presencia/100mL)": "Presencia", "E. Coli (Ausencia o Presencia/100mL)": "Ausencia", "Arsenico (mg/L)": "0", "Bario (mg/L)": "0", "Cadmio (mg/L)": null, "Cobre (mg/L)": "0.53", "Hierro (mg/L)": "0.02", "Manganeso (mg/L)": "0", "Plomo (mg/L)": "0", "Zinc (mg/L)": "0.11", "Cianuros (mg/L)": "0.002", "Cloro Residual (mg/L)": "0.2", "Cloruros (mg/L)": "4.2", "Dureza Total (mg/L)": "99.99", "Fluoruros (mg/L)": "0.8", "Nitratos (mg/L)": "0.6", "Nitritos (mg/L)": "0.004", "Ph": "7.09", "SDT (mg/L)": "325", "Sulfatos (mg/L)": "5", "Cloro Total (mg/L)": "0.1", "Conductividad (muS/cm)": "317", "Temperatura (°C)": "22.5", "ID": "Eloxochitlán_San Pedro Gilo (Gilo)_Tanque San Pedro Gilo" }, "geometry": { "type": "Point", "coordinates": [ -98.902341375501038, 20.749899302091023 ] } },
{ "type": "Feature", "properties": { "CVEGEO_LOC": "130210001", "AÑO": 2012.0, "NOM_MUN": "Emiliano Zapata", "NOM_LOC": "Emiliano Zapata", "Fuente de abastecimiento": "Pozo 2", "Coliformes Totales (Ausencia o Presencia/100mL)": "Presencia", "E. Coli (Ausencia o Presencia/100mL)": "Ausencia", "Arsenico (mg/L)": "0", "Bario (mg/L)": null, "Cadmio (mg/L)": null, "Cobre (mg/L)": "0.834", "Hierro (mg/L)": "0.057", "Manganeso (mg/L)": "0.2", "Plomo (mg/L)": "0.009", "Zinc (mg/L)": "0.035", "Cianuros (mg/L)": "0.003", "Cloro Residual (mg/L)": "0", "Cloruros (mg/L)": "53.25", "Dureza Total (mg/L)": "133.332", "Fluoruros (mg/L)": "0.45", "Nitratos (mg/L)": "1.3", "Nitritos (mg/L)": "0", "Ph": "7.4", "SDT (mg/L)": "34.1", "Sulfatos (mg/L)": "0", "Cloro Total (mg/L)": "0", "Conductividad (muS/cm)": "258", "Temperatura (°C)": "20.8", "ID": "Emiliano Zapata_Emiliano Zapata_Pozo 2" }, "geometry": { "type": "Point", "coordinates": [ -98.541160634111662, 19.658528087032465 ] } },
{ "type": "Feature", "properties": { "CVEGEO_LOC": "130210001", "AÑO": 2022.0, "NOM_MUN": "Emiliano Zapata", "NOM_LOC": "Emiliano Zapata", "Fuente de abastecimiento": "Pozo No. 1", "Coliformes Totales (Ausencia o Presencia/100mL)": "Presencia", "E. Coli (Ausencia o Presencia/100mL)": "Ausencia", "Arsenico (mg/L)": "0", "Bario (mg/L)": "0", "Cadmio (mg/L)": "0.008", "Cobre (mg/L)": "0", "Hierro (mg/L)": "0", "Manganeso (mg/L)": "0", "Plomo (mg/L)": "0.004", "Zinc (mg/L)": "0.04", "Cianuros (mg/L)": "0.001", "Cloro Residual (mg/L)": "0", "Cloruros (mg/L)": "22.7", "Dureza Total (mg/L)": "113.33", "Fluoruros (mg/L)": "0", "Nitratos (mg/L)": "0.3", "Nitritos (mg/L)": "0.001", "Ph": "7.65", "SDT (mg/L)": "71.4", "Sulfatos (mg/L)": "4", "Cloro Total (mg/L)": "0", "Conductividad (muS/cm)": "458", "Temperatura (°C)": "19.1", "ID": "Emiliano Zapata_Emiliano Zapata_Pozo No. 1" }, "geometry": { "type": "Point", "coordinates": [ -98.541195148203983, 19.651347066849958 ] } },
{ "type": "Feature", "properties": { "CVEGEO_LOC": "130210001", "AÑO": 2012.0, "NOM_MUN": "Emiliano Zapata", "NOM_LOC": "Emiliano Zapata", "Fuente de abastecimiento": "Tanque Elevado Pozo 1", "Coliformes Totales (Ausencia o Presencia/100mL)": "Ausencia", "E. Coli (Ausencia o Presencia/100mL)": "Ausencia", "Arsenico (mg/L)": "0", "Bario (mg/L)": null, "Cadmio (mg/L)": null, "Cobre (mg/L)": "0.791", "Hierro (mg/L)": "0.077", "Manganeso (mg/L)": "0.9", "Plomo (mg/L)": "0.008", "Zinc (mg/L)": "0.025", "Cianuros (mg/L)": "0.015", "Cloro Residual (mg/L)": "0.04", "Cloruros (mg/L)": "51.5", "Dureza Total (mg/L)": "155.554", "Fluoruros (mg/L)": "0.42", "Nitratos (mg/L)": "1.1", "Nitritos (mg/L)": "0", "Ph": "7.37", "SDT (mg/L)": "159.3", "Sulfatos (mg/L)": "0", "Cloro Total (mg/L)": "0", "Conductividad (muS/cm)": "322", "Temperatura (°C)": "21.8", "ID": "Emiliano Zapata_Emiliano Zapata_Tanque Elevado Pozo 1" }, "geometry": { "type": "Point", "coordinates": [ -98.547977601039449, 19.657062604760711 ] } },
{ "type": "Feature", "properties": { "CVEGEO_LOC": "130210005", "AÑO": 2022.0, "NOM_MUN": "Emiliano Zapata", "NOM_LOC": "Santa Bárbara", "Fuente de abastecimiento": "Pozo Santa Barbara", "Coliformes Totales (Ausencia o Presencia/100mL)": "Presencia", "E. Coli (Ausencia o Presencia/100mL)": "Ausencia", "Arsenico (mg/L)": "0", "Bario (mg/L)": "0", "Cadmio (mg/L)": "0.0031", "Cobre (mg/L)": "0", "Hierro (mg/L)": "0", "Manganeso (mg/L)": "0", "Plomo (mg/L)": "0.004", "Zinc (mg/L)": "0.04", "Cianuros (mg/L)": "0", "Cloro Residual (mg/L)": "0", "Cloruros (mg/L)": "13.9", "Dureza Total (mg/L)": "108.88", "Fluoruros (mg/L)": "0", "Nitratos (mg/L)": "3.7", "Nitritos (mg/L)": "0.002", "Ph": "7.64", "SDT (mg/L)": "65.1", "Sulfatos (mg/L)": "5", "Cloro Total (mg/L)": "0.08", "Conductividad (muS/cm)": "453", "Temperatura (°C)": "17.9", "ID": "Emiliano Zapata_Santa Bárbara_Pozo Santa Barbara" }, "geometry": { "type": "Point", "coordinates": [ -98.567698180674967, 19.664220923661873 ] } },
{ "type": "Feature", "properties": { "CVEGEO_LOC": "130210006", "AÑO": 2021.0, "NOM_MUN": "Emiliano Zapata", "NOM_LOC": "Santa Clara", "Fuente de abastecimiento": "Pozo La Rosa. antes Progreso Santa Ana", "Coliformes Totales (Ausencia o Presencia/100mL)": "Presencia", "E. Coli (Ausencia o Presencia/100mL)": "Presencia", "Arsenico (mg/L)": "0", "Bario (mg/L)": "0", "Cadmio (mg/L)": "0", "Cobre (mg/L)": "0.02", "Hierro (mg/L)": "0.07", "Manganeso (mg/L)": "0.2", "Plomo (mg/L)": "0", "Zinc (mg/L)": "0.2", "Cianuros (mg/L)": "0.002", "Cloro Residual (mg/L)": "0.13", "Cloruros (mg/L)": "11.3", "Dureza Total (mg/L)": "155.55", "Fluoruros (mg/L)": "0.27", "Nitratos (mg/L)": "5.5", "Nitritos (mg/L)": "0.5", "Ph": "7.1", "SDT (mg/L)": "94.5", "Sulfatos (mg/L)": "12", "Cloro Total (mg/L)": "0", "Conductividad (muS/cm)": "565", "Temperatura (°C)": "23.8", "ID": "Emiliano Zapata_Santa Clara_Pozo La Rosa. antes Progreso Santa Ana" }, "geometry": { "type": "Point", "coordinates": [ -98.582398794529936, 19.69626829679936 ] } },
{ "type": "Feature", "properties": { "CVEGEO_LOC": "130210006", "AÑO": 2021.0, "NOM_MUN": "Emiliano Zapata", "NOM_LOC": "Santa Clara", "Fuente de abastecimiento": "Pozo La Rosa. antes Progreso Santa Ana", "Coliformes Totales (Ausencia o Presencia/100mL)": "Presencia", "E. Coli (Ausencia o Presencia/100mL)": "Presencia", "Arsenico (mg/L)": "0", "Bario (mg/L)": "0", "Cadmio (mg/L)": "0", "Cobre (mg/L)": "0.39", "Hierro (mg/L)": "0.06", "Manganeso (mg/L)": "0", "Plomo (mg/L)": "0", "Zinc (mg/L)": "0.31", "Cianuros (mg/L)": "0.015", "Cloro Residual (mg/L)": "0", "Cloruros (mg/L)": "54.2", "Dureza Total (mg/L)": "133.33", "Fluoruros (mg/L)": "0", "Nitratos (mg/L)": "14", "Nitritos (mg/L)": "1.3", "Ph": "7.45", "SDT (mg/L)": "96.5", "Sulfatos (mg/L)": "25", "Cloro Total (mg/L)": "0", "Conductividad (muS/cm)": "354", "Temperatura (°C)": "21.7", "ID": "Emiliano Zapata_Santa Clara_Pozo La Rosa. antes Progreso Santa Ana" }, "geometry": { "type": "Point", "coordinates": [ -98.582398794529936, 19.69626829679936 ] } },
{ "type": "Feature", "properties": { "CVEGEO_LOC": "130210011", "AÑO": 2012.0, "NOM_MUN": "Emiliano Zapata", "NOM_LOC": "José María Morelos (San José)", "Fuente de abastecimiento": "Pozo 4", "Coliformes Totales (Ausencia o Presencia/100mL)": "Presencia", "E. Coli (Ausencia o Presencia/100mL)": "Presencia", "Arsenico (mg/L)": "0.01", "Bario (mg/L)": null, "Cadmio (mg/L)": null, "Cobre (mg/L)": "0.29", "Hierro (mg/L)": "0.003", "Manganeso (mg/L)": null, "Plomo (mg/L)": "0.03", "Zinc (mg/L)": "0.027", "Cianuros (mg/L)": "0", "Cloro Residual (mg/L)": "0.19", "Cloruros (mg/L)": "50", "Dureza Total (mg/L)": "153.3318", "Fluoruros (mg/L)": "0.9", "Nitratos (mg/L)": "0", "Nitritos (mg/L)": "0", "Ph": "7.53", "SDT (mg/L)": "350", "Sulfatos (mg/L)": "12.5", "Cloro Total (mg/L)": "0.23", "Conductividad (muS/cm)": "380", "Temperatura (°C)": "22.5", "ID": "Emiliano Zapata_José María Morelos (San José)_Pozo 4" }, "geometry": { "type": "Point", "coordinates": [ -98.580060369853982, 19.683015130918402 ] } },
{ "type": "Feature", "properties": { "CVEGEO_LOC": "130220001", "AÑO": 2013.0, "NOM_MUN": "Epazoyucan", "NOM_LOC": "Epazoyucan", "Fuente de abastecimiento": "Manantial \"El Tunal\"", "Coliformes Totales (Ausencia o Presencia/100mL)": "Presencia", "E. Coli (Ausencia o Presencia/100mL)": "Ausencia", "Arsenico (mg/L)": "0", "Bario (mg/L)": "0", "Cadmio (mg/L)": null, "Cobre (mg/L)": "0.01", "Hierro (mg/L)": "0.01", "Manganeso (mg/L)": "0", "Plomo (mg/L)": "0", "Zinc (mg/L)": "0.07", "Cianuros (mg/L)": "0.002", "Cloro Residual (mg/L)": "0.02", "Cloruros (mg/L)": "12.5", "Dureza Total (mg/L)": "235.55", "Fluoruros (mg/L)": "0.12", "Nitratos (mg/L)": "1.6", "Nitritos (mg/L)": "0.015", "Ph": "7.4", "SDT (mg/L)": "346", "Sulfatos (mg/L)": "40", "Cloro Total (mg/L)": "0.01", "Conductividad (muS/cm)": "761", "Temperatura (°C)": "24.1", "ID": "Epazoyucan_Epazoyucan_Manantial \"El Tunal\"" }, "geometry": { "type": "Point", "coordinates": [ -98.642697222881608, 20.013255666690565 ] } },
{ "type": "Feature", "properties": { "CVEGEO_LOC": "130220008", "AÑO": 2015.0, "NOM_MUN": "Epazoyucan", "NOM_LOC": "El Mercillero", "Fuente de abastecimiento": "Pozo El Mercillero", "Coliformes Totales (Ausencia o Presencia/100mL)": "Presencia", "E. Coli (Ausencia o Presencia/100mL)": "Ausencia", "Arsenico (mg/L)": "0", "Bario (mg/L)": "0", "Cadmio (mg/L)": null, "Cobre (mg/L)": "0.03", "Hierro (mg/L)": "0.03", "Manganeso (mg/L)": "0", "Plomo (mg/L)": "0", "Zinc (mg/L)": "0.006", "Cianuros (mg/L)": "0.001", "Cloro Residual (mg/L)": "0", "Cloruros (mg/L)": "15.5", "Dureza Total (mg/L)": "255.55", "Fluoruros (mg/L)": "0", "Nitratos (mg/L)": "0.6", "Nitritos (mg/L)": "0.009", "Ph": "7.43", "SDT (mg/L)": "360", "Sulfatos (mg/L)": "16", "Cloro Total (mg/L)": "0", "Conductividad (muS/cm)": "710", "Temperatura (°C)": "24.9", "ID": "Epazoyucan_El Mercillero_Pozo El Mercillero" }, "geometry": { "type": "Point", "coordinates": [ -98.609564764516705, 20.034584783121712 ] } },
{ "type": "Feature", "properties": { "CVEGEO_LOC": "130220008", "AÑO": 2014.0, "NOM_MUN": "Epazoyucan", "NOM_LOC": "El Mercillero", "Fuente de abastecimiento": "Pozo Mercillero", "Coliformes Totales (Ausencia o Presencia/100mL)": "Presencia", "E. Coli (Ausencia o Presencia/100mL)": "Ausencia", "Arsenico (mg/L)": "0", "Bario (mg/L)": "0", "Cadmio (mg/L)": null, "Cobre (mg/L)": "0.21", "Hierro (mg/L)": "0.02", "Manganeso (mg/L)": "0.01", "Plomo (mg/L)": "0", "Zinc (mg/L)": "0", "Cianuros (mg/L)": "0.003", "Cloro Residual (mg/L)": "0", "Cloruros (mg/L)": "15.7", "Dureza Total (mg/L)": "142.22", "Fluoruros (mg/L)": "0.21", "Nitratos (mg/L)": "0.8", "Nitritos (mg/L)": "0.002", "Ph": "7.62", "SDT (mg/L)": "170.2", "Sulfatos (mg/L)": "15", "Cloro Total (mg/L)": "0.02", "Conductividad (muS/cm)": "353", "Temperatura (°C)": "20.6", "ID": "Epazoyucan_El Mercillero_Pozo Mercillero" }, "geometry": { "type": "Point", "coordinates": [ -98.608539316027858, 20.033979948654448 ] } },
{ "type": "Feature", "properties": { "CVEGEO_LOC": "130220019", "AÑO": 2012.0, "NOM_MUN": "Epazoyucan", "NOM_LOC": "San Miguel Nopalapa", "Fuente de abastecimiento": "Pozo Nipala 4", "Coliformes Totales (Ausencia o Presencia/100mL)": "Presencia", "E. Coli (Ausencia o Presencia/100mL)": "Ausencia", "Arsenico (mg/L)": "0.001", "Bario (mg/L)": null, "Cadmio (mg/L)": null, "Cobre (mg/L)": "0", "Hierro (mg/L)": "0.058", "Manganeso (mg/L)": null, "Plomo (mg/L)": "0.1", "Zinc (mg/L)": "0.034", "Cianuros (mg/L)": "0.002", "Cloro Residual (mg/L)": "0", "Cloruros (mg/L)": "63.75", "Dureza Total (mg/L)": "322.219", "Fluoruros (mg/L)": "0.5", "Nitratos (mg/L)": "0.9", "Nitritos (mg/L)": "0.0013", "Ph": "6.6", "SDT (mg/L)": "427", "Sulfatos (mg/L)": "17.5", "Cloro Total (mg/L)": "0.04", "Conductividad (muS/cm)": "875", "Temperatura (°C)": "27.3", "ID": "Epazoyucan_San Miguel Nopalapa_Pozo Nipala 4" }, "geometry": { "type": "Point", "coordinates": [ -98.710352911040104, 20.016712788167034 ] } },
{ "type": "Feature", "properties": { "CVEGEO_LOC": "130220019", "AÑO": 2015.0, "NOM_MUN": "Epazoyucan", "NOM_LOC": "San Miguel Nopalapa", "Fuente de abastecimiento": "Pozo Nopalapa", "Coliformes Totales (Ausencia o Presencia/100mL)": "Presencia", "E. Coli (Ausencia o Presencia/100mL)": "Ausencia", "Arsenico (mg/L)": "0", "Bario (mg/L)": "0", "Cadmio (mg/L)": null, "Cobre (mg/L)": "0.38", "Hierro (mg/L)": "0", "Manganeso (mg/L)": "0", "Plomo (mg/L)": "0", "Zinc (mg/L)": "0.005", "Cianuros (mg/L)": "0", "Cloro Residual (mg/L)": "0", "Cloruros (mg/L)": "16.6", "Dureza Total (mg/L)": "244.35", "Fluoruros (mg/L)": "0", "Nitratos (mg/L)": "0.8", "Nitritos (mg/L)": "0.024", "Ph": "7.48", "SDT (mg/L)": "435", "Sulfatos (mg/L)": "14", "Cloro Total (mg/L)": "0", "Conductividad (muS/cm)": "716", "Temperatura (°C)": "24.8", "ID": "Epazoyucan_San Miguel Nopalapa_Pozo Nopalapa" }, "geometry": { "type": "Point", "coordinates": [ -98.713252458389206, 20.01225703368091 ] } },
{ "type": "Feature", "properties": { "CVEGEO_LOC": "130220019", "AÑO": 2014.0, "NOM_MUN": "Epazoyucan", "NOM_LOC": "San Miguel Nopalapa", "Fuente de abastecimiento": "Pozo Nopalapa", "Coliformes Totales (Ausencia o Presencia/100mL)": "Presencia", "E. Coli (Ausencia o Presencia/100mL)": "Ausencia", "Arsenico (mg/L)": "0", "Bario (mg/L)": "0", "Cadmio (mg/L)": null, "Cobre (mg/L)": "0.53", "Hierro (mg/L)": "0.02", "Manganeso (mg/L)": "0", "Plomo (mg/L)": "0", "Zinc (mg/L)": "0.02", "Cianuros (mg/L)": "0.003", "Cloro Residual (mg/L)": "0.03", "Cloruros (mg/L)": "30.4", "Dureza Total (mg/L)": "382.21", "Fluoruros (mg/L)": "0.25", "Nitratos (mg/L)": "2.9", "Nitritos (mg/L)": "0.009", "Ph": "6.83", "SDT (mg/L)": "425", "Sulfatos (mg/L)": "24", "Cloro Total (mg/L)": "0.01", "Conductividad (muS/cm)": "869", "Temperatura (°C)": "27.9", "ID": "Epazoyucan_San Miguel Nopalapa_Pozo Nopalapa" }, "geometry": { "type": "Point", "coordinates": [ -98.713252458389206, 20.01225703368091 ] } },
{ "type": "Feature", "properties": { "CVEGEO_LOC": "130220019", "AÑO": 2012.0, "NOM_MUN": "Epazoyucan", "NOM_LOC": "San Miguel Nopalapa", "Fuente de abastecimiento": "Pozo Nopasla 2", "Coliformes Totales (Ausencia o Presencia/100mL)": "Presencia", "E. Coli (Ausencia o Presencia/100mL)": "Ausencia", "Arsenico (mg/L)": "0.001", "Bario (mg/L)": null, "Cadmio (mg/L)": null, "Cobre (mg/L)": "0.009", "Hierro (mg/L)": "0.097", "Manganeso (mg/L)": null, "Plomo (mg/L)": "0.9", "Zinc (mg/L)": "0.039", "Cianuros (mg/L)": "0.001", "Cloro Residual (mg/L)": "0.03", "Cloruros (mg/L)": "77.5", "Dureza Total (mg/L)": "168.8872", "Fluoruros (mg/L)": "0.3", "Nitratos (mg/L)": "1.5", "Nitritos (mg/L)": "0.0023", "Ph": "7.58", "SDT (mg/L)": "442", "Sulfatos (mg/L)": "5", "Cloro Total (mg/L)": "0.04", "Conductividad (muS/cm)": "489", "Temperatura (°C)": "24.6", "ID": "Epazoyucan_San Miguel Nopalapa_Pozo Nopasla 2" }, "geometry": { "type": "Point", "coordinates": [ -98.713696728066822, 20.020197782078391 ] } },
{ "type": "Feature", "properties": { "CVEGEO_LOC": "130220021", "AÑO": 2013.0, "NOM_MUN": "Epazoyucan", "NOM_LOC": "Santa Mónica", "Fuente de abastecimiento": "Pozo Mendoza", "Coliformes Totales (Ausencia o Presencia/100mL)": "ND", "E. Coli (Ausencia o Presencia/100mL)": "ND", "Arsenico (mg/L)": "0", "Bario (mg/L)": "0", "Cadmio (mg/L)": null, "Cobre (mg/L)": "0.003", "Hierro (mg/L)": "0.03", "Manganeso (mg/L)": "0", "Plomo (mg/L)": "0", "Zinc (mg/L)": "0.08", "Cianuros (mg/L)": "0.004", "Cloro Residual (mg/L)": "0.03", "Cloruros (mg/L)": "11.7", "Dureza Total (mg/L)": "255.55", "Fluoruros (mg/L)": "0.14", "Nitratos (mg/L)": "2.4", "Nitritos (mg/L)": "0.012", "Ph": "7.5", "SDT (mg/L)": "362", "Sulfatos (mg/L)": "33", "Cloro Total (mg/L)": "0.6", "Conductividad (muS/cm)": "742", "Temperatura (°C)": "23.5", "ID": "Epazoyucan_Santa Mónica_Pozo Mendoza" }, "geometry": { "type": "Point", "coordinates": [ -98.625930774744234, 19.978467164071951 ] } },
{ "type": "Feature", "properties": { "CVEGEO_LOC": "130230001", "AÑO": 2016.0, "NOM_MUN": "Francisco I. Madero", "NOM_LOC": "Tepatepec", "Fuente de abastecimiento": "Pozo Profundo \"El Mexe\"", "Coliformes Totales (Ausencia o Presencia/100mL)": "Presencia", "E. Coli (Ausencia o Presencia/100mL)": "Ausencia", "Arsenico (mg/L)": "0", "Bario (mg/L)": "0", "Cadmio (mg/L)": "ND", "Cobre (mg/L)": "0", "Hierro (mg/L)": "0", "Manganeso (mg/L)": "0", "Plomo (mg/L)": "1", "Zinc (mg/L)": "0.06", "Cianuros (mg/L)": "0", "Cloro Residual (mg/L)": "0", "Cloruros (mg/L)": "45715", "Dureza Total (mg/L)": "182.22", "Fluoruros (mg/L)": "0.4", "Nitratos (mg/L)": "45901", "Nitritos (mg/L)": "0", "Ph": "7.27", "SDT (mg/L)": "672", "Sulfatos (mg/L)": "80", "Cloro Total (mg/L)": "0", "Conductividad (muS/cm)": "675", "Temperatura (°C)": "45772", "ID": "Francisco I. Madero_Tepatepec_Pozo Profundo \"El Mexe\"" }, "geometry": { "type": "Point", "coordinates": [ -99.093067971537977, 20.240625636104646 ] } },
{ "type": "Feature", "properties": { "CVEGEO_LOC": "130230007", "AÑO": 2013.0, "NOM_MUN": "Francisco I. Madero", "NOM_LOC": "El Mendoza", "Fuente de abastecimiento": "Manantial \"Las Jaras\"", "Coliformes Totales (Ausencia o Presencia/100mL)": "Presencia", "E. Coli (Ausencia o Presencia/100mL)": "Ausencia", "Arsenico (mg/L)": "0", "Bario (mg/L)": "0.1", "Cadmio (mg/L)": null, "Cobre (mg/L)": "0.3", "Hierro (mg/L)": "0.03", "Manganeso (mg/L)": "0.1", "Plomo (mg/L)": "0", "Zinc (mg/L)": "0.05", "Cianuros (mg/L)": "0.003", "Cloro Residual (mg/L)": "0", "Cloruros (mg/L)": "96.7", "Dureza Total (mg/L)": "466.66", "Fluoruros (mg/L)": "0.5", "Nitratos (mg/L)": "2.3", "Nitritos (mg/L)": "0.006", "Ph": "7.75", "SDT (mg/L)": "656", "Sulfatos (mg/L)": "101", "Cloro Total (mg/L)": "0", "Conductividad (muS/cm)": "837", "Temperatura (°C)": "22.1", "ID": "Francisco I. Madero_El Mendoza_Manantial \"Las Jaras\"" }, "geometry": { "type": "Point", "coordinates": [ -99.089205247647911, 20.281757692945234 ] } },
{ "type": "Feature", "properties": { "CVEGEO_LOC": "130230007", "AÑO": 2014.0, "NOM_MUN": "Francisco I. Madero", "NOM_LOC": "El Mendoza", "Fuente de abastecimiento": "Pozo El Mendoza", "Coliformes Totales (Ausencia o Presencia/100mL)": "Presencia", "E. Coli (Ausencia o Presencia/100mL)": "Presencia", "Arsenico (mg/L)": "0", "Bario (mg/L)": "0", "Cadmio (mg/L)": null, "Cobre (mg/L)": "0.01", "Hierro (mg/L)": "0.01", "Manganeso (mg/L)": "0", "Plomo (mg/L)": "0.001", "Zinc (mg/L)": "0.04", "Cianuros (mg/L)": "0.003", "Cloro Residual (mg/L)": "0", "Cloruros (mg/L)": "45.4", "Dureza Total (mg/L)": "195.55", "Fluoruros (mg/L)": "0.49", "Nitratos (mg/L)": "1.9", "Nitritos (mg/L)": "0.001", "Ph": "7.2", "SDT (mg/L)": "468", "Sulfatos (mg/L)": "108", "Cloro Total (mg/L)": "0", "Conductividad (muS/cm)": "876", "Temperatura (°C)": "23.2", "ID": "Francisco I. Madero_El Mendoza_Pozo El Mendoza" }, "geometry": { "type": "Point", "coordinates": [ -99.091720497911126, 20.282444420969231 ] } },
{ "type": "Feature", "properties": { "CVEGEO_LOC": "1302300080017800", "AÑO": 2014.0, "NOM_MUN": "Francisco I. Madero", "NOM_LOC": "Lázaro Cárdenas (El Mexe) [Colonia]", "Fuente de abastecimiento": "Pozo El Mexe", "Coliformes Totales (Ausencia o Presencia/100mL)": "Presencia", "E. Coli (Ausencia o Presencia/100mL)": "Ausencia", "Arsenico (mg/L)": "0", "Bario (mg/L)": "0", "Cadmio (mg/L)": null, "Cobre (mg/L)": "0", "Hierro (mg/L)": "0", "Manganeso (mg/L)": "0", "Plomo (mg/L)": "0.002", "Zinc (mg/L)": "0.04", "Cianuros (mg/L)": "0.001", "Cloro Residual (mg/L)": "0.1", "Cloruros (mg/L)": "27.2", "Dureza Total (mg/L)": "188.88", "Fluoruros (mg/L)": "0.48", "Nitratos (mg/L)": "2", "Nitritos (mg/L)": "0.001", "Ph": "7.59", "SDT (mg/L)": "361", "Sulfatos (mg/L)": "81", "Cloro Total (mg/L)": "0", "Conductividad (muS/cm)": "660", "Temperatura (°C)": "24.9", "ID": "Francisco I. Madero_Lázaro Cárdenas (El Mexe) [Colonia]_Pozo El Mexe" }, "geometry": { "type": "Point", "coordinates": [ -99.094623223692125, 20.224537372119407 ] } },
{ "type": "Feature", "properties": { "CVEGEO_LOC": "130230012", "AÑO": 2015.0, "NOM_MUN": "Francisco I. Madero", "NOM_LOC": "El Rosario", "Fuente de abastecimiento": "Pozo El Rosario", "Coliformes Totales (Ausencia o Presencia/100mL)": "Presencia", "E. Coli (Ausencia o Presencia/100mL)": "Ausencia", "Arsenico (mg/L)": "0", "Bario (mg/L)": "0", "Cadmio (mg/L)": null, "Cobre (mg/L)": "0", "Hierro (mg/L)": "0", "Manganeso (mg/L)": "0", "Plomo (mg/L)": "0", "Zinc (mg/L)": "0.05", "Cianuros (mg/L)": "0.004", "Cloro Residual (mg/L)": "0", "Cloruros (mg/L)": "71.1", "Dureza Total (mg/L)": "218.88", "Fluoruros (mg/L)": "0.2", "Nitratos (mg/L)": "3.2", "Nitritos (mg/L)": "0.003", "Ph": "7.6", "SDT (mg/L)": "777", "Sulfatos (mg/L)": "88", "Cloro Total (mg/L)": "0", "Conductividad (muS/cm)": "1561", "Temperatura (°C)": "23.6", "ID": "Francisco I. Madero_El Rosario_Pozo El Rosario" }, "geometry": { "type": "Point", "coordinates": [ -99.032537305560851, 20.24273774421302 ] } },
{ "type": "Feature", "properties": { "CVEGEO_LOC": "130230012", "AÑO": 2014.0, "NOM_MUN": "Francisco I. Madero", "NOM_LOC": "El Rosario", "Fuente de abastecimiento": "Pozo El Rosario", "Coliformes Totales (Ausencia o Presencia/100mL)": "Presencia", "E. Coli (Ausencia o Presencia/100mL)": "Ausencia", "Arsenico (mg/L)": "0", "Bario (mg/L)": "0", "Cadmio (mg/L)": null, "Cobre (mg/L)": "0", "Hierro (mg/L)": "0", "Manganeso (mg/L)": "0", "Plomo (mg/L)": "0.001", "Zinc (mg/L)": "0.07", "Cianuros (mg/L)": "0.008", "Cloro Residual (mg/L)": "0", "Cloruros (mg/L)": "74.6", "Dureza Total (mg/L)": "222.22", "Fluoruros (mg/L)": "0.28", "Nitratos (mg/L)": "3.4", "Nitritos (mg/L)": "0.004", "Ph": "7.6", "SDT (mg/L)": "431", "Sulfatos (mg/L)": "92", "Cloro Total (mg/L)": "0", "Conductividad (muS/cm)": "781", "Temperatura (°C)": "24.1", "ID": "Francisco I. Madero_El Rosario_Pozo El Rosario" }, "geometry": { "type": "Point", "coordinates": [ -99.032537305560851, 20.24273774421302 ] } },
{ "type": "Feature", "properties": { "CVEGEO_LOC": "130230014", "AÑO": 2015.0, "NOM_MUN": "Francisco I. Madero", "NOM_LOC": "San Juan Tepa", "Fuente de abastecimiento": "Manantial Cerro Colorado", "Coliformes Totales (Ausencia o Presencia/100mL)": "Presencia", "E. Coli (Ausencia o Presencia/100mL)": "Ausencia", "Arsenico (mg/L)": "0", "Bario (mg/L)": "0", "Cadmio (mg/L)": null, "Cobre (mg/L)": "0.003", "Hierro (mg/L)": "0", "Manganeso (mg/L)": "0", "Plomo (mg/L)": "0.001", "Zinc (mg/L)": "0.07", "Cianuros (mg/L)": "0.001", "Cloro Residual (mg/L)": "0.1", "Cloruros (mg/L)": "35.2", "Dureza Total (mg/L)": "199.99", "Fluoruros (mg/L)": "0.18", "Nitratos (mg/L)": "1.2", "Nitritos (mg/L)": "0.005", "Ph": "6.86", "SDT (mg/L)": "912", "Sulfatos (mg/L)": "80", "Cloro Total (mg/L)": "0", "Conductividad (muS/cm)": "1822", "Temperatura (°C)": "19.9", "ID": "Francisco I. Madero_San Juan Tepa_Manantial Cerro Colorado" }, "geometry": { "type": "Point", "coordinates": [ -99.073761369992241, 20.219030203367325 ] } },
{ "type": "Feature", "properties": { "CVEGEO_LOC": "130230014", "AÑO": 2014.0, "NOM_MUN": "Francisco I. Madero", "NOM_LOC": "San Juan Tepa", "Fuente de abastecimiento": "Pozo San Juan Tepa", "Coliformes Totales (Ausencia o Presencia/100mL)": "Presencia", "E. Coli (Ausencia o Presencia/100mL)": "Ausencia", "Arsenico (mg/L)": "0", "Bario (mg/L)": "0", "Cadmio (mg/L)": null, "Cobre (mg/L)": "0.01", "Hierro (mg/L)": "0.03", "Manganeso (mg/L)": "0", "Plomo (mg/L)": "0", "Zinc (mg/L)": "0.02", "Cianuros (mg/L)": "0.002", "Cloro Residual (mg/L)": "0.03", "Cloruros (mg/L)": "12.1", "Dureza Total (mg/L)": "142.22", "Fluoruros (mg/L)": "0.73", "Nitratos (mg/L)": "1.1", "Nitritos (mg/L)": "0.003", "Ph": "7.35", "SDT (mg/L)": "475", "Sulfatos (mg/L)": "57", "Cloro Total (mg/L)": "0.03", "Conductividad (muS/cm)": "880", "Temperatura (°C)": null, "ID": "Francisco I. Madero_San Juan Tepa_Pozo San Juan Tepa" }, "geometry": { "type": "Point", "coordinates": [ -99.054082842150919, 20.208100417192519 ] } },
{ "type": "Feature", "properties": { "CVEGEO_LOC": "1302300440017800", "AÑO": 2015.0, "NOM_MUN": "Francisco I. Madero", "NOM_LOC": "Barrio el Quince", "Fuente de abastecimiento": "Pozo El Mexe", "Coliformes Totales (Ausencia o Presencia/100mL)": "Presencia", "E. Coli (Ausencia o Presencia/100mL)": "Ausencia", "Arsenico (mg/L)": "0", "Bario (mg/L)": "0", "Cadmio (mg/L)": "ND", "Cobre (mg/L)": "0", "Hierro (mg/L)": "0", "Manganeso (mg/L)": "0", "Plomo (mg/L)": "1", "Zinc (mg/L)": "0.02", "Cianuros (mg/L)": "0", "Cloro Residual (mg/L)": "0.1", "Cloruros (mg/L)": "45713", "Dureza Total (mg/L)": "177.11", "Fluoruros (mg/L)": "0.39", "Nitratos (mg/L)": "45778", "Nitritos (mg/L)": "0", "Ph": "7.31", "SDT (mg/L)": "662", "Sulfatos (mg/L)": "78", "Cloro Total (mg/L)": "0.2", "Conductividad (muS/cm)": "1338", "Temperatura (°C)": "45800", "ID": "Francisco I. Madero_Barrio el Quince_Pozo El Mexe" }, "geometry": { "type": "Point", "coordinates": [ -99.081306001818803, 20.224858223677906 ] } },
{ "type": "Feature", "properties": { "CVEGEO_LOC": "130230052", "AÑO": 2019.0, "NOM_MUN": "Francisco I. Madero", "NOM_LOC": "El Represo", "Fuente de abastecimiento": "Pozo El Represo (Tanque de distribucion)", "Coliformes Totales (Ausencia o Presencia/100mL)": "Ausencia", "E. Coli (Ausencia o Presencia/100mL)": "Ausencia", "Arsenico (mg/L)": "0", "Bario (mg/L)": "0", "Cadmio (mg/L)": "0", "Cobre (mg/L)": "0", "Hierro (mg/L)": "0.02", "Manganeso (mg/L)": "0", "Plomo (mg/L)": "0", "Zinc (mg/L)": "0.05", "Cianuros (mg/L)": "0.007", "Cloro Residual (mg/L)": "0.34", "Cloruros (mg/L)": "148", "Dureza Total (mg/L)": "104.44", "Fluoruros (mg/L)": "0.5", "Nitratos (mg/L)": "2.1", "Nitritos (mg/L)": "0.005", "Ph": "7.56", "SDT (mg/L)": "248", "Sulfatos (mg/L)": "141", "Cloro Total (mg/L)": "0.07", "Conductividad (muS/cm)": "436", "Temperatura (°C)": "21.4", "ID": "Francisco I. Madero_El Represo_Pozo El Represo (Tanque de distribucion)" }, "geometry": { "type": "Point", "coordinates": [ -99.087881002921037, 20.260789029716058 ] } },
{ "type": "Feature", "properties": { "CVEGEO_LOC": "130240001", "AÑO": 2013.0, "NOM_MUN": "Huasca de Ocampo", "NOM_LOC": "Huasca de Ocampo", "Fuente de abastecimiento": "Manantial Barrio Bajo", "Coliformes Totales (Ausencia o Presencia/100mL)": "Presencia", "E. Coli (Ausencia o Presencia/100mL)": "Ausencia", "Arsenico (mg/L)": "0", "Bario (mg/L)": "0", "Cadmio (mg/L)": null, "Cobre (mg/L)": "0", "Hierro (mg/L)": "0", "Manganeso (mg/L)": "0", "Plomo (mg/L)": "0", "Zinc (mg/L)": "0.02", "Cianuros (mg/L)": "0.001", "Cloro Residual (mg/L)": "0", "Cloruros (mg/L)": "32.6", "Dureza Total (mg/L)": "71.43", "Fluoruros (mg/L)": "0", "Nitratos (mg/L)": "0.4", "Nitritos (mg/L)": "0.02", "Ph": "6.56", "SDT (mg/L)": "29.5", "Sulfatos (mg/L)": "0", "Cloro Total (mg/L)": "0.1", "Conductividad (muS/cm)": "126.9", "Temperatura (°C)": "19.5", "ID": "Huasca de Ocampo_Huasca de Ocampo_Manantial Barrio Bajo" }, "geometry": { "type": "Point", "coordinates": [ -98.574437141222376, 20.204751395412387 ] } },
{ "type": "Feature", "properties": { "CVEGEO_LOC": "130240001", "AÑO": 2013.0, "NOM_MUN": "Huasca de Ocampo", "NOM_LOC": "Huasca de Ocampo", "Fuente de abastecimiento": "Manantial Barrio Hondo", "Coliformes Totales (Ausencia o Presencia/100mL)": "Presencia", "E. Coli (Ausencia o Presencia/100mL)": "Ausencia", "Arsenico (mg/L)": "0", "Bario (mg/L)": "0", "Cadmio (mg/L)": null, "Cobre (mg/L)": "0", "Hierro (mg/L)": "0.05", "Manganeso (mg/L)": "0", "Plomo (mg/L)": "0", "Zinc (mg/L)": "0.02", "Cianuros (mg/L)": "0.003", "Cloro Residual (mg/L)": "0", "Cloruros (mg/L)": "45.2", "Dureza Total (mg/L)": "89", "Fluoruros (mg/L)": "0", "Nitratos (mg/L)": "0.5", "Nitritos (mg/L)": "0.03", "Ph": "6.4", "SDT (mg/L)": "31.8", "Sulfatos (mg/L)": "0", "Cloro Total (mg/L)": "0", "Conductividad (muS/cm)": "103.5", "Temperatura (°C)": "21.8", "ID": "Huasca de Ocampo_Huasca de Ocampo_Manantial Barrio Hondo" }, "geometry": { "type": "Point", "coordinates": [ -98.575390634958296, 20.200145630813374 ] } },
{ "type": "Feature", "properties": { "CVEGEO_LOC": "130240001", "AÑO": 2014.0, "NOM_MUN": "Huasca de Ocampo", "NOM_LOC": "Huasca de Ocampo", "Fuente de abastecimiento": "Tanque El Calvario", "Coliformes Totales (Ausencia o Presencia/100mL)": "Presencia", "E. Coli (Ausencia o Presencia/100mL)": "Ausencia", "Arsenico (mg/L)": "0", "Bario (mg/L)": "0", "Cadmio (mg/L)": null, "Cobre (mg/L)": "0.06", "Hierro (mg/L)": "0.02", "Manganeso (mg/L)": "0", "Plomo (mg/L)": "0", "Zinc (mg/L)": "0.05", "Cianuros (mg/L)": "0.003", "Cloro Residual (mg/L)": "0.14", "Cloruros (mg/L)": "2.3", "Dureza Total (mg/L)": "143.33", "Fluoruros (mg/L)": "0.37", "Nitratos (mg/L)": "1.6", "Nitritos (mg/L)": "0.009", "Ph": "7.11", "SDT (mg/L)": "43", "Sulfatos (mg/L)": "3", "Cloro Total (mg/L)": "0.15", "Conductividad (muS/cm)": "66.8", "Temperatura (°C)": "20.4", "ID": "Huasca de Ocampo_Huasca de Ocampo_Tanque El Calvario" }, "geometry": { "type": "Point", "coordinates": [ -98.577637171309362, 20.203147517729796 ] } },
{ "type": "Feature", "properties": { "CVEGEO_LOC": "130240001", "AÑO": 2014.0, "NOM_MUN": "Huasca de Ocampo", "NOM_LOC": "Huasca de Ocampo", "Fuente de abastecimiento": "Tanque El Tunal", "Coliformes Totales (Ausencia o Presencia/100mL)": "Presencia", "E. Coli (Ausencia o Presencia/100mL)": "Ausencia", "Arsenico (mg/L)": "0", "Bario (mg/L)": "0", "Cadmio (mg/L)": null, "Cobre (mg/L)": "0.47", "Hierro (mg/L)": "0.02", "Manganeso (mg/L)": "0", "Plomo (mg/L)": "0", "Zinc (mg/L)": "0.05", "Cianuros (mg/L)": "0.003", "Cloro Residual (mg/L)": "2.2", "Cloruros (mg/L)": "5.4", "Dureza Total (mg/L)": "145.55", "Fluoruros (mg/L)": "0.29", "Nitratos (mg/L)": "3.7", "Nitritos (mg/L)": "0.007", "Ph": "6.7", "SDT (mg/L)": "69", "Sulfatos (mg/L)": "2", "Cloro Total (mg/L)": "2.2", "Conductividad (muS/cm)": "149.9", "Temperatura (°C)": "20.5", "ID": "Huasca de Ocampo_Huasca de Ocampo_Tanque El Tunal" }, "geometry": { "type": "Point", "coordinates": [ -98.575474539298668, 20.205600141662046 ] } },
{ "type": "Feature", "properties": { "CVEGEO_LOC": "130240025", "AÑO": 2015.0, "NOM_MUN": "Huasca de Ocampo", "NOM_LOC": "San José Ocotillos", "Fuente de abastecimiento": "Manantial Apopoguesco", "Coliformes Totales (Ausencia o Presencia/100mL)": "Presencia", "E. Coli (Ausencia o Presencia/100mL)": "Presencia", "Arsenico (mg/L)": "0", "Bario (mg/L)": "0", "Cadmio (mg/L)": null, "Cobre (mg/L)": "0.23", "Hierro (mg/L)": "0.01", "Manganeso (mg/L)": "0", "Plomo (mg/L)": "0", "Zinc (mg/L)": "0.05", "Cianuros (mg/L)": "0.001", "Cloro Residual (mg/L)": "0.01", "Cloruros (mg/L)": "4.1", "Dureza Total (mg/L)": "334.33", "Fluoruros (mg/L)": "0.45", "Nitratos (mg/L)": "0.4", "Nitritos (mg/L)": "0.004", "Ph": "7.3", "SDT (mg/L)": "63.9", "Sulfatos (mg/L)": "0", "Cloro Total (mg/L)": "0", "Conductividad (muS/cm)": "132", "Temperatura (°C)": "20.4", "ID": "Huasca de Ocampo_San José Ocotillos_Manantial Apopoguesco" }, "geometry": { "type": "Point", "coordinates": [ -98.617935096503942, 20.208772581378341 ] } },
{ "type": "Feature", "properties": { "CVEGEO_LOC": "130240027", "AÑO": 2016.0, "NOM_MUN": "Huasca de Ocampo", "NOM_LOC": "San Miguel Regla", "Fuente de abastecimiento": "Manantial San Miguel", "Coliformes Totales (Ausencia o Presencia/100mL)": "Presencia", "E. Coli (Ausencia o Presencia/100mL)": "Ausencia", "Arsenico (mg/L)": "0", "Bario (mg/L)": "0", "Cadmio (mg/L)": "ND", "Cobre (mg/L)": "0.23", "Hierro (mg/L)": "0", "Manganeso (mg/L)": "0", "Plomo (mg/L)": "0", "Zinc (mg/L)": "0.06", "Cianuros (mg/L)": "1", "Cloro Residual (mg/L)": "0.1", "Cloruros (mg/L)": "45720", "Dureza Total (mg/L)": "202.22", "Fluoruros (mg/L)": "0.42", "Nitratos (mg/L)": "0.3", "Nitritos (mg/L)": "7", "Ph": "6.84", "SDT (mg/L)": "197", "Sulfatos (mg/L)": "45809", "Cloro Total (mg/L)": "0.1", "Conductividad (muS/cm)": "46.2", "Temperatura (°C)": "45795", "ID": "Huasca de Ocampo_San Miguel Regla_Manantial San Miguel" }, "geometry": { "type": "Point", "coordinates": [ -98.555598001927805, 20.214136981000863 ] } },
{ "type": "Feature", "properties": { "CVEGEO_LOC": "130240027", "AÑO": 2015.0, "NOM_MUN": "Huasca de Ocampo", "NOM_LOC": "San Miguel Regla", "Fuente de abastecimiento": "Manantial San Miguel", "Coliformes Totales (Ausencia o Presencia/100mL)": "Presencia", "E. Coli (Ausencia o Presencia/100mL)": "Ausencia", "Arsenico (mg/L)": "0", "Bario (mg/L)": "0", "Cadmio (mg/L)": null, "Cobre (mg/L)": "0.19", "Hierro (mg/L)": "0.02", "Manganeso (mg/L)": "0.1", "Plomo (mg/L)": "0", "Zinc (mg/L)": "0.04", "Cianuros (mg/L)": "0.002", "Cloro Residual (mg/L)": "0.01", "Cloruros (mg/L)": "3.8", "Dureza Total (mg/L)": "199.21", "Fluoruros (mg/L)": "0.46", "Nitratos (mg/L)": "0.6", "Nitritos (mg/L)": "0.005", "Ph": "7.4", "SDT (mg/L)": "261", "Sulfatos (mg/L)": "1", "Cloro Total (mg/L)": "0.02", "Conductividad (muS/cm)": "421.22", "Temperatura (°C)": "21.3", "ID": "Huasca de Ocampo_San Miguel Regla_Manantial San Miguel" }, "geometry": { "type": "Point", "coordinates": [ -98.555598001927805, 20.214136981000863 ] } },
{ "type": "Feature", "properties": { "CVEGEO_LOC": "130240027", "AÑO": 2012.0, "NOM_MUN": "Huasca de Ocampo", "NOM_LOC": "San Miguel Regla", "Fuente de abastecimiento": "Manantial San Miguel Regla", "Coliformes Totales (Ausencia o Presencia/100mL)": "Presencia", "E. Coli (Ausencia o Presencia/100mL)": "Presencia", "Arsenico (mg/L)": "0", "Bario (mg/L)": null, "Cadmio (mg/L)": null, "Cobre (mg/L)": "0", "Hierro (mg/L)": "0.016", "Manganeso (mg/L)": null, "Plomo (mg/L)": "0", "Zinc (mg/L)": "0.033", "Cianuros (mg/L)": "0.002", "Cloro Residual (mg/L)": "0.03", "Cloruros (mg/L)": "46.75", "Dureza Total (mg/L)": "99.999", "Fluoruros (mg/L)": "0", "Nitratos (mg/L)": "0.5", "Nitritos (mg/L)": "0.0092", "Ph": "6.77", "SDT (mg/L)": "31.4", "Sulfatos (mg/L)": "0", "Cloro Total (mg/L)": "0.02", "Conductividad (muS/cm)": "64.9", "Temperatura (°C)": "17.8", "ID": "Huasca de Ocampo_San Miguel Regla_Manantial San Miguel Regla" }, "geometry": { "type": "Point", "coordinates": [ -98.56081144040698, 20.22085217393694 ] } },
{ "type": "Feature", "properties": { "CVEGEO_LOC": "130240046", "AÑO": 2016.0, "NOM_MUN": "Huasca de Ocampo", "NOM_LOC": "La Loma", "Fuente de abastecimiento": "Manantial Las Jarillas", "Coliformes Totales (Ausencia o Presencia/100mL)": "Presencia", "E. Coli (Ausencia o Presencia/100mL)": "Ausencia", "Arsenico (mg/L)": "0", "Bario (mg/L)": "0", "Cadmio (mg/L)": "ND", "Cobre (mg/L)": "0", "Hierro (mg/L)": "0.04", "Manganeso (mg/L)": "0", "Plomo (mg/L)": "0", "Zinc (mg/L)": "0.03", "Cianuros (mg/L)": "1", "Cloro Residual (mg/L)": "0.1", "Cloruros (mg/L)": "43.2", "Dureza Total (mg/L)": "84.44", "Fluoruros (mg/L)": "0", "Nitratos (mg/L)": "0.7", "Nitritos (mg/L)": "0.06", "Ph": "6.67", "SDT (mg/L)": "33.6", "Sulfatos (mg/L)": "0", "Cloro Total (mg/L)": "0.2", "Conductividad (muS/cm)": "73.6", "Temperatura (°C)": "45859", "ID": "Huasca de Ocampo_La Loma_Manantial Las Jarillas" }, "geometry": { "type": "Point", "coordinates": [ -98.582453764406296, 20.217124273922252 ] } },
{ "type": "Feature", "properties": { "CVEGEO_LOC": "130240046", "AÑO": 2012.0, "NOM_MUN": "Huasca de Ocampo", "NOM_LOC": "La Loma", "Fuente de abastecimiento": "Manantial PTO de la Zorra", "Coliformes Totales (Ausencia o Presencia/100mL)": "Presencia", "E. Coli (Ausencia o Presencia/100mL)": "Presencia", "Arsenico (mg/L)": "0", "Bario (mg/L)": null, "Cadmio (mg/L)": null, "Cobre (mg/L)": "0", "Hierro (mg/L)": "0.087", "Manganeso (mg/L)": null, "Plomo (mg/L)": "0", "Zinc (mg/L)": "0.036", "Cianuros (mg/L)": "0.005", "Cloro Residual (mg/L)": "0.05", "Cloruros (mg/L)": "48.25", "Dureza Total (mg/L)": "88.888", "Fluoruros (mg/L)": "0", "Nitratos (mg/L)": "1", "Nitritos (mg/L)": "0.0042", "Ph": "6.44", "SDT (mg/L)": "58.3", "Sulfatos (mg/L)": "0", "Cloro Total (mg/L)": "0.05", "Conductividad (muS/cm)": "116.2", "Temperatura (°C)": "19.6", "ID": "Huasca de Ocampo_La Loma_Manantial PTO de la Zorra" }, "geometry": { "type": "Point", "coordinates": [ -98.586530175348187, 20.216261802053289 ] } },
{ "type": "Feature", "properties": { "CVEGEO_LOC": "130250001", "AÑO": 2014.0, "NOM_MUN": "Huautla", "NOM_LOC": "Huautla", "Fuente de abastecimiento": "Manantial Barrio Bajo", "Coliformes Totales (Ausencia o Presencia/100mL)": "Presencia", "E. Coli (Ausencia o Presencia/100mL)": "Ausencia", "Arsenico (mg/L)": "0", "Bario (mg/L)": "0", "Cadmio (mg/L)": null, "Cobre (mg/L)": "0.1", "Hierro (mg/L)": "0.03", "Manganeso (mg/L)": "0", "Plomo (mg/L)": "0", "Zinc (mg/L)": "0.02", "Cianuros (mg/L)": "0.001", "Cloro Residual (mg/L)": "0.15", "Cloruros (mg/L)": "16.3", "Dureza Total (mg/L)": "233.33", "Fluoruros (mg/L)": "0.27", "Nitratos (mg/L)": "0.6", "Nitritos (mg/L)": "0.004", "Ph": "6.3", "SDT (mg/L)": "257", "Sulfatos (mg/L)": "19", "Cloro Total (mg/L)": "0", "Conductividad (muS/cm)": "253", "Temperatura (°C)": "24.6", "ID": "Huautla_Huautla_Manantial Barrio Bajo" }, "geometry": { "type": "Point", "coordinates": [ -98.28556562286839, 21.031693334944904 ] } },
{ "type": "Feature", "properties": { "CVEGEO_LOC": "130250001", "AÑO": 2013.0, "NOM_MUN": "Huautla", "NOM_LOC": "Huautla", "Fuente de abastecimiento": "Tanque Regulador", "Coliformes Totales (Ausencia o Presencia/100mL)": "Presencia", "E. Coli (Ausencia o Presencia/100mL)": "Presencia", "Arsenico (mg/L)": "0", "Bario (mg/L)": "0", "Cadmio (mg/L)": null, "Cobre (mg/L)": "0.01", "Hierro (mg/L)": "0", "Manganeso (mg/L)": "0", "Plomo (mg/L)": "0", "Zinc (mg/L)": "0.03", "Cianuros (mg/L)": "0.003", "Cloro Residual (mg/L)": "0.06", "Cloruros (mg/L)": "29.8", "Dureza Total (mg/L)": "217.77", "Fluoruros (mg/L)": "0", "Nitratos (mg/L)": "2.2", "Nitritos (mg/L)": "0.008", "Ph": "7.13", "SDT (mg/L)": "277", "Sulfatos (mg/L)": "15", "Cloro Total (mg/L)": "0.02", "Conductividad (muS/cm)": "264", "Temperatura (°C)": "19.3", "ID": "Huautla_Huautla_Tanque Regulador" }, "geometry": { "type": "Point", "coordinates": [ -98.288336295832423, 21.036016694811259 ] } },
{ "type": "Feature", "properties": { "CVEGEO_LOC": "130250003", "AÑO": 2012.0, "NOM_MUN": "Huautla", "NOM_LOC": "El Aguacate", "Fuente de abastecimiento": "Manantial El Aguacate", "Coliformes Totales (Ausencia o Presencia/100mL)": "Presencia", "E. Coli (Ausencia o Presencia/100mL)": "Presencia", "Arsenico (mg/L)": "0", "Bario (mg/L)": null, "Cadmio (mg/L)": null, "Cobre (mg/L)": "0.5541", "Hierro (mg/L)": "0.027", "Manganeso (mg/L)": null, "Plomo (mg/L)": "0", "Zinc (mg/L)": "0.047", "Cianuros (mg/L)": "0.005", "Cloro Residual (mg/L)": null, "Cloruros (mg/L)": "51.25", "Dureza Total (mg/L)": "255.553", "Fluoruros (mg/L)": "0.19", "Nitratos (mg/L)": "0.7", "Nitritos (mg/L)": "0.0066", "Ph": null, "SDT (mg/L)": "203", "Sulfatos (mg/L)": "0", "Cloro Total (mg/L)": null, "Conductividad (muS/cm)": "207", "Temperatura (°C)": "30.5", "ID": "Huautla_El Aguacate_Manantial El Aguacate" }, "geometry": { "type": "Point", "coordinates": [ -98.233837798391477, 21.048551771093226 ] } },
{ "type": "Feature", "properties": { "CVEGEO_LOC": "130250006", "AÑO": 2012.0, "NOM_MUN": "Huautla", "NOM_LOC": "Aquetzpalco", "Fuente de abastecimiento": "Manantial Tamoyon 1", "Coliformes Totales (Ausencia o Presencia/100mL)": "Presencia", "E. Coli (Ausencia o Presencia/100mL)": "Presencia", "Arsenico (mg/L)": "0", "Bario (mg/L)": null, "Cadmio (mg/L)": null, "Cobre (mg/L)": "0.67", "Hierro (mg/L)": "0.066", "Manganeso (mg/L)": null, "Plomo (mg/L)": "0", "Zinc (mg/L)": "0.043", "Cianuros (mg/L)": "0.002", "Cloro Residual (mg/L)": null, "Cloruros (mg/L)": "56.25", "Dureza Total (mg/L)": "289.4416", "Fluoruros (mg/L)": "0.16", "Nitratos (mg/L)": "0.6", "Nitritos (mg/L)": "0.0112", "Ph": "7.27", "SDT (mg/L)": "226", "Sulfatos (mg/L)": "2.5", "Cloro Total (mg/L)": null, "Conductividad (muS/cm)": "227", "Temperatura (°C)": "34.1", "ID": "Huautla_Aquetzpalco_Manantial Tamoyon 1" }, "geometry": { "type": "Point", "coordinates": [ -98.201986942646386, 21.04515166324375 ] } },
{ "type": "Feature", "properties": { "CVEGEO_LOC": "130250009", "AÑO": 2016.0, "NOM_MUN": "Huautla", "NOM_LOC": "Los Cerezos", "Fuente de abastecimiento": "Cárcamo de Bombeo", "Coliformes Totales (Ausencia o Presencia/100mL)": "Presencia", "E. Coli (Ausencia o Presencia/100mL)": "Ausencia", "Arsenico (mg/L)": "0", "Bario (mg/L)": "0", "Cadmio (mg/L)": "ND", "Cobre (mg/L)": "0.13", "Hierro (mg/L)": "0.02", "Manganeso (mg/L)": "0", "Plomo (mg/L)": "0", "Zinc (mg/L)": "0.01", "Cianuros (mg/L)": "1", "Cloro Residual (mg/L)": "0.19", "Cloruros (mg/L)": "45761", "Dureza Total (mg/L)": "243.43", "Fluoruros (mg/L)": "0.21", "Nitratos (mg/L)": "0.9", "Nitritos (mg/L)": "3", "Ph": "6.75", "SDT (mg/L)": "261", "Sulfatos (mg/L)": "22", "Cloro Total (mg/L)": "0", "Conductividad (muS/cm)": "592", "Temperatura (°C)": "27", "ID": "Huautla_Los Cerezos_Cárcamo de Bombeo" }, "geometry": { "type": "Point", "coordinates": [ -98.247310666228771, 21.027095188712394 ] } },
{ "type": "Feature", "properties": { "CVEGEO_LOC": "130250026", "AÑO": 2015.0, "NOM_MUN": "Huautla", "NOM_LOC": "El Ixtle", "Fuente de abastecimiento": "Manantial Xalamate", "Coliformes Totales (Ausencia o Presencia/100mL)": "Presencia", "E. Coli (Ausencia o Presencia/100mL)": "Ausencia", "Arsenico (mg/L)": "0", "Bario (mg/L)": "0", "Cadmio (mg/L)": null, "Cobre (mg/L)": "0.01", "Hierro (mg/L)": "0", "Manganeso (mg/L)": "0", "Plomo (mg/L)": "0", "Zinc (mg/L)": "0.3", "Cianuros (mg/L)": "0.001", "Cloro Residual (mg/L)": "0", "Cloruros (mg/L)": "27.5", "Dureza Total (mg/L)": "233.32", "Fluoruros (mg/L)": "0.8", "Nitratos (mg/L)": "0.1", "Nitritos (mg/L)": "0", "Ph": "7.42", "SDT (mg/L)": "636.1", "Sulfatos (mg/L)": "18.01", "Cloro Total (mg/L)": "0", "Conductividad (muS/cm)": "789.79", "Temperatura (°C)": null, "ID": "Huautla_El Ixtle_Manantial Xalamate" }, "geometry": { "type": "Point", "coordinates": [ -98.162311986242543, 21.042962841247878 ] } },
{ "type": "Feature", "properties": { "CVEGEO_LOC": "130250038", "AÑO": 2016.0, "NOM_MUN": "Huautla", "NOM_LOC": "Tamoyón I", "Fuente de abastecimiento": "Tanque de Almacenamiento Tamoyon I", "Coliformes Totales (Ausencia o Presencia/100mL)": "Presencia", "E. Coli (Ausencia o Presencia/100mL)": "Ausencia", "Arsenico (mg/L)": "0", "Bario (mg/L)": "0", "Cadmio (mg/L)": "ND", "Cobre (mg/L)": "0.2", "Hierro (mg/L)": "0", "Manganeso (mg/L)": "0", "Plomo (mg/L)": "0", "Zinc (mg/L)": "0.02", "Cianuros (mg/L)": "1", "Cloro Residual (mg/L)": "0.13", "Cloruros (mg/L)": "33.3", "Dureza Total (mg/L)": "263.3", "Fluoruros (mg/L)": "0.4", "Nitratos (mg/L)": "0.4", "Nitritos (mg/L)": "0", "Ph": "6.71", "SDT (mg/L)": "253.3", "Sulfatos (mg/L)": "34.2", "Cloro Total (mg/L)": "0.46", "Conductividad (muS/cm)": "544", "Temperatura (°C)": "45716", "ID": "Huautla_Tamoyón I_Tanque de Almacenamiento Tamoyon I" }, "geometry": { "type": "Point", "coordinates": [ -98.248640848982461, 21.023953181515019 ] } },
{ "type": "Feature", "properties": { "CVEGEO_LOC": "130250043", "AÑO": 2015.0, "NOM_MUN": "Huautla", "NOM_LOC": "Tepetzintla", "Fuente de abastecimiento": "Tanque Tepetzintla", "Coliformes Totales (Ausencia o Presencia/100mL)": "Presencia", "E. Coli (Ausencia o Presencia/100mL)": "Ausencia", "Arsenico (mg/L)": "0", "Bario (mg/L)": "0", "Cadmio (mg/L)": null, "Cobre (mg/L)": "0.1", "Hierro (mg/L)": "0", "Manganeso (mg/L)": "0", "Plomo (mg/L)": "0", "Zinc (mg/L)": "0.03", "Cianuros (mg/L)": "0.002", "Cloro Residual (mg/L)": "0.1", "Cloruros (mg/L)": "36.4", "Dureza Total (mg/L)": "436.4", "Fluoruros (mg/L)": "0.6", "Nitratos (mg/L)": "0.2", "Nitritos (mg/L)": "0.001", "Ph": "7.41", "SDT (mg/L)": "436.1", "Sulfatos (mg/L)": "37.8", "Cloro Total (mg/L)": "0", "Conductividad (muS/cm)": "682", "Temperatura (°C)": "25.2", "ID": "Huautla_Tepetzintla_Tanque Tepetzintla" }, "geometry": { "type": "Point", "coordinates": [ -98.179025347944034, 21.075224202806098 ] } },
{ "type": "Feature", "properties": { "CVEGEO_LOC": "1302500710011800", "AÑO": 2014.0, "NOM_MUN": "Huautla", "NOM_LOC": "Barrio Hondo", "Fuente de abastecimiento": "Manantial Barrio Hondo", "Coliformes Totales (Ausencia o Presencia/100mL)": "Presencia", "E. Coli (Ausencia o Presencia/100mL)": "Presencia", "Arsenico (mg/L)": "0", "Bario (mg/L)": "0", "Cadmio (mg/L)": null, "Cobre (mg/L)": "0.51", "Hierro (mg/L)": "0.1", "Manganeso (mg/L)": "0", "Plomo (mg/L)": "0", "Zinc (mg/L)": "0.02", "Cianuros (mg/L)": "0.002", "Cloro Residual (mg/L)": "0.1", "Cloruros (mg/L)": "11.1", "Dureza Total (mg/L)": "102.22", "Fluoruros (mg/L)": "0", "Nitratos (mg/L)": "1.8", "Nitritos (mg/L)": "0.005", "Ph": "6.31", "SDT (mg/L)": "92.2", "Sulfatos (mg/L)": "2", "Cloro Total (mg/L)": "0", "Conductividad (muS/cm)": "89.6", "Temperatura (°C)": "23.4", "ID": "Huautla_Barrio Hondo_Manantial Barrio Hondo" }, "geometry": { "type": "Point", "coordinates": [ -98.275422488319521, 21.044324406463588 ] } },
{ "type": "Feature", "properties": { "CVEGEO_LOC": "1302500710011800", "AÑO": 2013.0, "NOM_MUN": "Huautla", "NOM_LOC": "Barrio Hondo", "Fuente de abastecimiento": "Tanque de Distribución", "Coliformes Totales (Ausencia o Presencia/100mL)": "Presencia", "E. Coli (Ausencia o Presencia/100mL)": "Presencia", "Arsenico (mg/L)": "0", "Bario (mg/L)": "0", "Cadmio (mg/L)": null, "Cobre (mg/L)": "0.06", "Hierro (mg/L)": "0", "Manganeso (mg/L)": "0", "Plomo (mg/L)": "0", "Zinc (mg/L)": "0.03", "Cianuros (mg/L)": "0.003", "Cloro Residual (mg/L)": "0.09", "Cloruros (mg/L)": "6", "Dureza Total (mg/L)": "108.88", "Fluoruros (mg/L)": "0", "Nitratos (mg/L)": "4.3", "Nitritos (mg/L)": "0.018", "Ph": "7.13", "SDT (mg/L)": "113.5", "Sulfatos (mg/L)": "4", "Cloro Total (mg/L)": "0.05", "Conductividad (muS/cm)": "110.7", "Temperatura (°C)": "16.4", "ID": "Huautla_Barrio Hondo_Tanque de Distribución" }, "geometry": { "type": "Point", "coordinates": [ -98.275420288682554, 21.044776149809543 ] } },
{ "type": "Feature", "properties": { "CVEGEO_LOC": "130260001", "AÑO": 2012.0, "NOM_MUN": "Huazalingo", "NOM_LOC": "Huazalingo", "Fuente de abastecimiento": "Manantial Cerro La Cruz", "Coliformes Totales (Ausencia o Presencia/100mL)": "Presencia", "E. Coli (Ausencia o Presencia/100mL)": "Ausencia", "Arsenico (mg/L)": "0.001", "Bario (mg/L)": null, "Cadmio (mg/L)": null, "Cobre (mg/L)": "0.434", "Hierro (mg/L)": "0", "Manganeso (mg/L)": null, "Plomo (mg/L)": "0", "Zinc (mg/L)": "0.247", "Cianuros (mg/L)": "0.003", "Cloro Residual (mg/L)": "0.05", "Cloruros (mg/L)": "57.25", "Dureza Total (mg/L)": "166.665", "Fluoruros (mg/L)": "0.1", "Nitratos (mg/L)": "1.3", "Nitritos (mg/L)": "2e-04", "Ph": "8.45", "SDT (mg/L)": "19.9", "Sulfatos (mg/L)": "12.5", "Cloro Total (mg/L)": "0.08", "Conductividad (muS/cm)": "39.3", "Temperatura (°C)": "23.6", "ID": "Huazalingo_Huazalingo_Manantial Cerro La Cruz" }, "geometry": { "type": "Point", "coordinates": [ -98.507001715758292, 20.980581482670612 ] } },
{ "type": "Feature", "properties": { "CVEGEO_LOC": "130260001", "AÑO": 2016.0, "NOM_MUN": "Huazalingo", "NOM_LOC": "Huazalingo", "Fuente de abastecimiento": "Manantial La Cruz", "Coliformes Totales (Ausencia o Presencia/100mL)": "Presencia", "E. Coli (Ausencia o Presencia/100mL)": "Ausencia", "Arsenico (mg/L)": "0", "Bario (mg/L)": "0", "Cadmio (mg/L)": "ND", "Cobre (mg/L)": "0.42", "Hierro (mg/L)": "0", "Manganeso (mg/L)": "0", "Plomo (mg/L)": "0", "Zinc (mg/L)": "0", "Cianuros (mg/L)": "1", "Cloro Residual (mg/L)": "0", "Cloruros (mg/L)": "45811", "Dureza Total (mg/L)": "24.24", "Fluoruros (mg/L)": "0.14", "Nitratos (mg/L)": "0.1", "Nitritos (mg/L)": "11", "Ph": "45784", "SDT (mg/L)": "45854", "Sulfatos (mg/L)": "0", "Cloro Total (mg/L)": "0", "Conductividad (muS/cm)": "45896", "Temperatura (°C)": "23", "ID": "Huazalingo_Huazalingo_Manantial La Cruz" }, "geometry": { "type": "Point", "coordinates": [ -98.505930854413151, 20.979807004408084 ] } },
{ "type": "Feature", "properties": { "CVEGEO_LOC": "130260001", "AÑO": 2014.0, "NOM_MUN": "Huazalingo", "NOM_LOC": "Huazalingo", "Fuente de abastecimiento": "Manantial La Cruz", "Coliformes Totales (Ausencia o Presencia/100mL)": "Presencia", "E. Coli (Ausencia o Presencia/100mL)": "Ausencia", "Arsenico (mg/L)": "0", "Bario (mg/L)": "0", "Cadmio (mg/L)": null, "Cobre (mg/L)": "0.46", "Hierro (mg/L)": "0", "Manganeso (mg/L)": "0", "Plomo (mg/L)": "0", "Zinc (mg/L)": "0", "Cianuros (mg/L)": "0.003", "Cloro Residual (mg/L)": "0.08", "Cloruros (mg/L)": "2.9", "Dureza Total (mg/L)": "22.22", "Fluoruros (mg/L)": "0.17", "Nitratos (mg/L)": "0.8", "Nitritos (mg/L)": "0.012", "Ph": "7.04", "SDT (mg/L)": "16.2", "Sulfatos (mg/L)": "0", "Cloro Total (mg/L)": "0.04", "Conductividad (muS/cm)": "15.8", "Temperatura (°C)": "22.3", "ID": "Huazalingo_Huazalingo_Manantial La Cruz" }, "geometry": { "type": "Point", "coordinates": [ -98.505930854413151, 20.979807004408084 ] } },
{ "type": "Feature", "properties": { "CVEGEO_LOC": "130260001", "AÑO": 2014.0, "NOM_MUN": "Huazalingo", "NOM_LOC": "Huazalingo", "Fuente de abastecimiento": "Manantial Locaxapa", "Coliformes Totales (Ausencia o Presencia/100mL)": "Presencia", "E. Coli (Ausencia o Presencia/100mL)": "Presencia", "Arsenico (mg/L)": "0", "Bario (mg/L)": "0", "Cadmio (mg/L)": null, "Cobre (mg/L)": "0.57", "Hierro (mg/L)": "0", "Manganeso (mg/L)": "0", "Plomo (mg/L)": "0", "Zinc (mg/L)": "0.02", "Cianuros (mg/L)": "0.004", "Cloro Residual (mg/L)": "0.08", "Cloruros (mg/L)": "3.7", "Dureza Total (mg/L)": "122.22", "Fluoruros (mg/L)": "0.15", "Nitratos (mg/L)": "1.2", "Nitritos (mg/L)": "0.003", "Ph": "7.11", "SDT (mg/L)": "115.3", "Sulfatos (mg/L)": "6", "Cloro Total (mg/L)": "0", "Conductividad (muS/cm)": "11.8", "Temperatura (°C)": "23.1", "ID": "Huazalingo_Huazalingo_Manantial Locaxapa" }, "geometry": { "type": "Point", "coordinates": [ -98.506284905206499, 20.978725541647862 ] } },
{ "type": "Feature", "properties": { "CVEGEO_LOC": "130260001", "AÑO": 2012.0, "NOM_MUN": "Huazalingo", "NOM_LOC": "Huazalingo", "Fuente de abastecimiento": "Manantial Xilontzingo", "Coliformes Totales (Ausencia o Presencia/100mL)": "Presencia", "E. Coli (Ausencia o Presencia/100mL)": "Ausencia", "Arsenico (mg/L)": "0.001", "Bario (mg/L)": null, "Cadmio (mg/L)": null, "Cobre (mg/L)": "0", "Hierro (mg/L)": "0", "Manganeso (mg/L)": null, "Plomo (mg/L)": "0", "Zinc (mg/L)": "0.25", "Cianuros (mg/L)": "0.004", "Cloro Residual (mg/L)": "0", "Cloruros (mg/L)": "53.75", "Dureza Total (mg/L)": "199.999", "Fluoruros (mg/L)": "0.1", "Nitratos (mg/L)": "1.7", "Nitritos (mg/L)": "0.0062", "Ph": "8.02", "SDT (mg/L)": "44.9", "Sulfatos (mg/L)": "20", "Cloro Total (mg/L)": "0.04", "Conductividad (muS/cm)": "84.4", "Temperatura (°C)": "22.5", "ID": "Huazalingo_Huazalingo_Manantial Xilontzingo" }, "geometry": { "type": "Point", "coordinates": [ -98.507827647850348, 20.978407631598138 ] } },
{ "type": "Feature", "properties": { "CVEGEO_LOC": "130260001", "AÑO": 2016.0, "NOM_MUN": "Huazalingo", "NOM_LOC": "Huazalingo", "Fuente de abastecimiento": "Manantial Xolotzingo", "Coliformes Totales (Ausencia o Presencia/100mL)": "Presencia", "E. Coli (Ausencia o Presencia/100mL)": "Ausencia", "Arsenico (mg/L)": "0", "Bario (mg/L)": "0", "Cadmio (mg/L)": "ND", "Cobre (mg/L)": "0.1", "Hierro (mg/L)": "0", "Manganeso (mg/L)": "0", "Plomo (mg/L)": "0", "Zinc (mg/L)": "0.24", "Cianuros (mg/L)": "2", "Cloro Residual (mg/L)": "0", "Cloruros (mg/L)": "55.55", "Dureza Total (mg/L)": "211.11", "Fluoruros (mg/L)": "0.1", "Nitratos (mg/L)": "45778", "Nitritos (mg/L)": "0.06", "Ph": "6.64", "SDT (mg/L)": "38.9", "Sulfatos (mg/L)": "45710", "Cloro Total (mg/L)": "0", "Conductividad (muS/cm)": "45835", "Temperatura (°C)": "45711", "ID": "Huazalingo_Huazalingo_Manantial Xolotzingo" }, "geometry": { "type": "Point", "coordinates": [ -98.508492365480606, 20.979777341645985 ] } },
{ "type": "Feature", "properties": { "CVEGEO_LOC": "130260001", "AÑO": 2014.0, "NOM_MUN": "Huazalingo", "NOM_LOC": "Huazalingo", "Fuente de abastecimiento": "Sistema de Agua Potable", "Coliformes Totales (Ausencia o Presencia/100mL)": "Presencia", "E. Coli (Ausencia o Presencia/100mL)": "Presencia", "Arsenico (mg/L)": "0", "Bario (mg/L)": "0", "Cadmio (mg/L)": null, "Cobre (mg/L)": "0", "Hierro (mg/L)": "0", "Manganeso (mg/L)": "0", "Plomo (mg/L)": "0", "Zinc (mg/L)": "0.05", "Cianuros (mg/L)": "0.003", "Cloro Residual (mg/L)": null, "Cloruros (mg/L)": "3.2", "Dureza Total (mg/L)": "195.55", "Fluoruros (mg/L)": "0.47", "Nitratos (mg/L)": "1", "Nitritos (mg/L)": "0", "Ph": "7.32", "SDT (mg/L)": "86.3", "Sulfatos (mg/L)": "4", "Cloro Total (mg/L)": null, "Conductividad (muS/cm)": "180.6", "Temperatura (°C)": null, "ID": "Huazalingo_Huazalingo_Sistema de Agua Potable" }, "geometry": { "type": "Point", "coordinates": [ -98.507914549131897, 20.9813373206382 ] } },
{ "type": "Feature", "properties": { "CVEGEO_LOC": "130260001", "AÑO": 2014.0, "NOM_MUN": "Huazalingo", "NOM_LOC": "Huazalingo", "Fuente de abastecimiento": "Sistema de Agua Potable", "Coliformes Totales (Ausencia o Presencia/100mL)": "Presencia", "E. Coli (Ausencia o Presencia/100mL)": "Ausencia", "Arsenico (mg/L)": "0", "Bario (mg/L)": "0", "Cadmio (mg/L)": null, "Cobre (mg/L)": "0.16", "Hierro (mg/L)": "0.03", "Manganeso (mg/L)": "0", "Plomo (mg/L)": "0.008", "Zinc (mg/L)": "0.03", "Cianuros (mg/L)": "0.006", "Cloro Residual (mg/L)": "0.01", "Cloruros (mg/L)": "5.4", "Dureza Total (mg/L)": "88.88", "Fluoruros (mg/L)": "0", "Nitratos (mg/L)": "0.8", "Nitritos (mg/L)": "0.029", "Ph": "7.36", "SDT (mg/L)": "76.3", "Sulfatos (mg/L)": "10", "Cloro Total (mg/L)": "0.01", "Conductividad (muS/cm)": "159.9", "Temperatura (°C)": "22.6", "ID": "Huazalingo_Huazalingo_Sistema de Agua Potable" }, "geometry": { "type": "Point", "coordinates": [ -98.507914549131897, 20.9813373206382 ] } },
{ "type": "Feature", "properties": { "CVEGEO_LOC": "130260001", "AÑO": 2014.0, "NOM_MUN": "Huazalingo", "NOM_LOC": "Huazalingo", "Fuente de abastecimiento": "Sistema de Agua Potable", "Coliformes Totales (Ausencia o Presencia/100mL)": "Presencia", "E. Coli (Ausencia o Presencia/100mL)": "Presencia", "Arsenico (mg/L)": "0", "Bario (mg/L)": "0", "Cadmio (mg/L)": null, "Cobre (mg/L)": "0", "Hierro (mg/L)": "0", "Manganeso (mg/L)": "0", "Plomo (mg/L)": "0", "Zinc (mg/L)": "0.04", "Cianuros (mg/L)": "0", "Cloro Residual (mg/L)": null, "Cloruros (mg/L)": "1.5", "Dureza Total (mg/L)": "77.77", "Fluoruros (mg/L)": "0.24", "Nitratos (mg/L)": "0", "Nitritos (mg/L)": "0", "Ph": "8.5", "SDT (mg/L)": "21.2", "Sulfatos (mg/L)": "0", "Cloro Total (mg/L)": null, "Conductividad (muS/cm)": "45.3", "Temperatura (°C)": null, "ID": "Huazalingo_Huazalingo_Sistema de Agua Potable" }, "geometry": { "type": "Point", "coordinates": [ -98.507914549131897, 20.9813373206382 ] } },
{ "type": "Feature", "properties": { "CVEGEO_LOC": "130260023", "AÑO": 2014.0, "NOM_MUN": "Huazalingo", "NOM_LOC": "San Francisco", "Fuente de abastecimiento": "Sistema de Agua Potable Congreso", "Coliformes Totales (Ausencia o Presencia/100mL)": "Presencia", "E. Coli (Ausencia o Presencia/100mL)": "Ausencia", "Arsenico (mg/L)": "0", "Bario (mg/L)": "0", "Cadmio (mg/L)": null, "Cobre (mg/L)": "0.25", "Hierro (mg/L)": "0.15", "Manganeso (mg/L)": "0", "Plomo (mg/L)": "0.004", "Zinc (mg/L)": "0.05", "Cianuros (mg/L)": "0.009", "Cloro Residual (mg/L)": "0.03", "Cloruros (mg/L)": "3.6", "Dureza Total (mg/L)": "71.11", "Fluoruros (mg/L)": "1.91", "Nitratos (mg/L)": "0.9", "Nitritos (mg/L)": "0.003", "Ph": "7.97", "SDT (mg/L)": "45.1", "Sulfatos (mg/L)": "3", "Cloro Total (mg/L)": "0.05", "Conductividad (muS/cm)": "95.1", "Temperatura (°C)": "22.4", "ID": "Huazalingo_San Francisco_Sistema de Agua Potable Congreso" }, "geometry": { "type": "Point", "coordinates": [ -98.488086996382208, 21.017715143403557 ] } },
{ "type": "Feature", "properties": { "CVEGEO_LOC": "130260036", "AÑO": 2013.0, "NOM_MUN": "Huazalingo", "NOM_LOC": "Tetlicuil", "Fuente de abastecimiento": "Tanque Arroyo Negro", "Coliformes Totales (Ausencia o Presencia/100mL)": "Presencia", "E. Coli (Ausencia o Presencia/100mL)": "Presencia", "Arsenico (mg/L)": "0", "Bario (mg/L)": "0", "Cadmio (mg/L)": null, "Cobre (mg/L)": "0", "Hierro (mg/L)": "0", "Manganeso (mg/L)": "0", "Plomo (mg/L)": "0", "Zinc (mg/L)": "0.1", "Cianuros (mg/L)": "0.001", "Cloro Residual (mg/L)": "0.1", "Cloruros (mg/L)": "40", "Dureza Total (mg/L)": "205.55", "Fluoruros (mg/L)": "0", "Nitratos (mg/L)": "1", "Nitritos (mg/L)": "0", "Ph": "6.98", "SDT (mg/L)": "236", "Sulfatos (mg/L)": "35.8", "Cloro Total (mg/L)": "0.1", "Conductividad (muS/cm)": "301", "Temperatura (°C)": "26.2", "ID": "Huazalingo_Tetlicuil_Tanque Arroyo Negro" }, "geometry": { "type": "Point", "coordinates": [ -98.499382637413788, 20.973108680976438 ] } },
{ "type": "Feature", "properties": { "CVEGEO_LOC": "130260039", "AÑO": 2014.0, "NOM_MUN": "Huazalingo", "NOM_LOC": "Tlamamala", "Fuente de abastecimiento": "Sistema de Agua Potable", "Coliformes Totales (Ausencia o Presencia/100mL)": "Presencia", "E. Coli (Ausencia o Presencia/100mL)": "Presencia", "Arsenico (mg/L)": "0", "Bario (mg/L)": "0", "Cadmio (mg/L)": null, "Cobre (mg/L)": "0", "Hierro (mg/L)": "0", "Manganeso (mg/L)": "0", "Plomo (mg/L)": "0", "Zinc (mg/L)": "0.66", "Cianuros (mg/L)": "0", "Cloro Residual (mg/L)": null, "Cloruros (mg/L)": "0.9", "Dureza Total (mg/L)": "97.77", "Fluoruros (mg/L)": "0.41", "Nitratos (mg/L)": "0.9", "Nitritos (mg/L)": "0", "Ph": "7.51", "SDT (mg/L)": "38.5", "Sulfatos (mg/L)": "0", "Cloro Total (mg/L)": null, "Conductividad (muS/cm)": "81.4", "Temperatura (°C)": null, "ID": "Huazalingo_Tlamamala_Sistema de Agua Potable" }, "geometry": { "type": "Point", "coordinates": [ -98.541932999209962, 20.968680306529823 ] } },
{ "type": "Feature", "properties": { "CVEGEO_LOC": "130260049", "AÑO": 2015.0, "NOM_MUN": "Huazalingo", "NOM_LOC": "Ahuatitla", "Fuente de abastecimiento": "Manantial Ahuatitla", "Coliformes Totales (Ausencia o Presencia/100mL)": "Presencia", "E. Coli (Ausencia o Presencia/100mL)": "Ausencia", "Arsenico (mg/L)": "0", "Bario (mg/L)": "0", "Cadmio (mg/L)": null, "Cobre (mg/L)": "0.04", "Hierro (mg/L)": "0", "Manganeso (mg/L)": "0", "Plomo (mg/L)": "0", "Zinc (mg/L)": "0.05", "Cianuros (mg/L)": "0.002", "Cloro Residual (mg/L)": "0", "Cloruros (mg/L)": "2.4", "Dureza Total (mg/L)": "122.21", "Fluoruros (mg/L)": "0.006", "Nitratos (mg/L)": "0.8", "Nitritos (mg/L)": "8e-04", "Ph": "7.57", "SDT (mg/L)": "136.1", "Sulfatos (mg/L)": "49", "Cloro Total (mg/L)": "0.02", "Conductividad (muS/cm)": "248", "Temperatura (°C)": "26.2", "ID": "Huazalingo_Ahuatitla_Manantial Ahuatitla" }, "geometry": { "type": "Point", "coordinates": [ -98.504585252555842, 21.03858085674257 ] } },
{ "type": "Feature", "properties": { "CVEGEO_LOC": "130260050", "AÑO": 2013.0, "NOM_MUN": "Huazalingo", "NOM_LOC": "Congreso", "Fuente de abastecimiento": "Manantial Aztlán", "Coliformes Totales (Ausencia o Presencia/100mL)": "Presencia", "E. Coli (Ausencia o Presencia/100mL)": "Presencia", "Arsenico (mg/L)": "0", "Bario (mg/L)": "0", "Cadmio (mg/L)": null, "Cobre (mg/L)": "0", "Hierro (mg/L)": "0", "Manganeso (mg/L)": "0", "Plomo (mg/L)": "0", "Zinc (mg/L)": "0.1", "Cianuros (mg/L)": "0.001", "Cloro Residual (mg/L)": "0.3", "Cloruros (mg/L)": "35.4", "Dureza Total (mg/L)": "136.66", "Fluoruros (mg/L)": "0", "Nitratos (mg/L)": "0.9", "Nitritos (mg/L)": "0", "Ph": "6.9", "SDT (mg/L)": "96.7", "Sulfatos (mg/L)": "40.1", "Cloro Total (mg/L)": "0.2", "Conductividad (muS/cm)": "124.2", "Temperatura (°C)": "23.1", "ID": "Huazalingo_Congreso_Manantial Aztlán" }, "geometry": { "type": "Point", "coordinates": [ -98.500864037627238, 21.032039994749468 ] } },
{ "type": "Feature", "properties": { "CVEGEO_LOC": "130260050", "AÑO": 2015.0, "NOM_MUN": "Huazalingo", "NOM_LOC": "Congreso", "Fuente de abastecimiento": "Manantial El Congreso", "Coliformes Totales (Ausencia o Presencia/100mL)": "Presencia", "E. Coli (Ausencia o Presencia/100mL)": "Ausencia", "Arsenico (mg/L)": "0", "Bario (mg/L)": "0", "Cadmio (mg/L)": null, "Cobre (mg/L)": "0.03", "Hierro (mg/L)": "0", "Manganeso (mg/L)": "0", "Plomo (mg/L)": "0", "Zinc (mg/L)": "0.05", "Cianuros (mg/L)": "0.027", "Cloro Residual (mg/L)": "0.01", "Cloruros (mg/L)": "1.9", "Dureza Total (mg/L)": "88.88", "Fluoruros (mg/L)": "0.69", "Nitratos (mg/L)": "0.7", "Nitritos (mg/L)": "0.002", "Ph": "7.62", "SDT (mg/L)": "77.9", "Sulfatos (mg/L)": "29", "Cloro Total (mg/L)": "0", "Conductividad (muS/cm)": "191.4", "Temperatura (°C)": "27", "ID": "Huazalingo_Congreso_Manantial El Congreso" }, "geometry": { "type": "Point", "coordinates": [ -98.499948482999713, 21.0319256144655 ] } },
{ "type": "Feature", "properties": { "CVEGEO_LOC": "130270001", "AÑO": 2012.0, "NOM_MUN": "Huehuetla", "NOM_LOC": "Huehuetla", "Fuente de abastecimiento": "Manantial El Bosque", "Coliformes Totales (Ausencia o Presencia/100mL)": "Presencia", "E. Coli (Ausencia o Presencia/100mL)": "Presencia", "Arsenico (mg/L)": "0", "Bario (mg/L)": null, "Cadmio (mg/L)": null, "Cobre (mg/L)": "0.303", "Hierro (mg/L)": "0.057", "Manganeso (mg/L)": null, "Plomo (mg/L)": "0", "Zinc (mg/L)": "0.029", "Cianuros (mg/L)": "0.002", "Cloro Residual (mg/L)": "0.05", "Cloruros (mg/L)": "44.75", "Dureza Total (mg/L)": "179.9982", "Fluoruros (mg/L)": "0", "Nitratos (mg/L)": "0.4", "Nitritos (mg/L)": "0.0019", "Ph": "7.8", "SDT (mg/L)": "171.8", "Sulfatos (mg/L)": "0", "Cloro Total (mg/L)": "0", "Conductividad (muS/cm)": "360", "Temperatura (°C)": "27.4", "ID": "Huehuetla_Huehuetla_Manantial El Bosque" }, "geometry": { "type": "Point", "coordinates": [ -98.074537524967454, 20.461131743808593 ] } },
{ "type": "Feature", "properties": { "CVEGEO_LOC": "130270001", "AÑO": 2014.0, "NOM_MUN": "Huehuetla", "NOM_LOC": "Huehuetla", "Fuente de abastecimiento": "Manantial El Panteón", "Coliformes Totales (Ausencia o Presencia/100mL)": "Presencia", "E. Coli (Ausencia o Presencia/100mL)": "Ausencia", "Arsenico (mg/L)": "0", "Bario (mg/L)": "0", "Cadmio (mg/L)": null, "Cobre (mg/L)": "0.51", "Hierro (mg/L)": "0.02", "Manganeso (mg/L)": "0.1", "Plomo (mg/L)": "0", "Zinc (mg/L)": "0.02", "Cianuros (mg/L)": "0.003", "Cloro Residual (mg/L)": "0.05", "Cloruros (mg/L)": "2", "Dureza Total (mg/L)": "144.44", "Fluoruros (mg/L)": "0.1", "Nitratos (mg/L)": "1.1", "Nitritos (mg/L)": "0.006", "Ph": "6.93", "SDT (mg/L)": "214", "Sulfatos (mg/L)": "15", "Cloro Total (mg/L)": "0.01", "Conductividad (muS/cm)": "212", "Temperatura (°C)": "24.8", "ID": "Huehuetla_Huehuetla_Manantial El Panteón" }, "geometry": { "type": "Point", "coordinates": [ -98.073862799442054, 20.460180043948647 ] } },
{ "type": "Feature", "properties": { "CVEGEO_LOC": "130270001", "AÑO": 2016.0, "NOM_MUN": "Huehuetla", "NOM_LOC": "Huehuetla", "Fuente de abastecimiento": "Manantial El Potrero", "Coliformes Totales (Ausencia o Presencia/100mL)": "Presencia", "E. Coli (Ausencia o Presencia/100mL)": "Presencia", "Arsenico (mg/L)": "0", "Bario (mg/L)": "0", "Cadmio (mg/L)": "ND", "Cobre (mg/L)": "0.01", "Hierro (mg/L)": "0", "Manganeso (mg/L)": "0", "Plomo (mg/L)": "0", "Zinc (mg/L)": "0.1", "Cianuros (mg/L)": "1", "Cloro Residual (mg/L)": "0", "Cloruros (mg/L)": "45753", "Dureza Total (mg/L)": "124.44", "Fluoruros (mg/L)": "0", "Nitratos (mg/L)": "0.1", "Nitritos (mg/L)": "2", "Ph": "7.41", "SDT (mg/L)": "341.12", "Sulfatos (mg/L)": "45784", "Cloro Total (mg/L)": "0.01", "Conductividad (muS/cm)": "872", "Temperatura (°C)": "25", "ID": "Huehuetla_Huehuetla_Manantial El Potrero" }, "geometry": { "type": "Point", "coordinates": [ -98.075289618997715, 20.460168788595801 ] } },
{ "type": "Feature", "properties": { "CVEGEO_LOC": "130270001", "AÑO": 2012.0, "NOM_MUN": "Huehuetla", "NOM_LOC": "Huehuetla", "Fuente de abastecimiento": "Manantial Predio Urbano", "Coliformes Totales (Ausencia o Presencia/100mL)": "Presencia", "E. Coli (Ausencia o Presencia/100mL)": "Presencia", "Arsenico (mg/L)": "0", "Bario (mg/L)": null, "Cadmio (mg/L)": null, "Cobre (mg/L)": "0.0337", "Hierro (mg/L)": "0.014", "Manganeso (mg/L)": null, "Plomo (mg/L)": "0", "Zinc (mg/L)": "0.062", "Cianuros (mg/L)": "0.004", "Cloro Residual (mg/L)": "0.05", "Cloruros (mg/L)": "45.25", "Dureza Total (mg/L)": "166.665", "Fluoruros (mg/L)": "0", "Nitratos (mg/L)": "1.2", "Nitritos (mg/L)": "0.005", "Ph": "7.19", "SDT (mg/L)": "240", "Sulfatos (mg/L)": "2.5", "Cloro Total (mg/L)": "0", "Conductividad (muS/cm)": "500", "Temperatura (°C)": "24.4", "ID": "Huehuetla_Huehuetla_Manantial Predio Urbano" }, "geometry": { "type": "Point", "coordinates": [ -98.07733970811762, 20.459226046296536 ] } },
{ "type": "Feature", "properties": { "CVEGEO_LOC": "130270001", "AÑO": 2013.0, "NOM_MUN": "Huehuetla", "NOM_LOC": "Huehuetla", "Fuente de abastecimiento": "Planta Potabilizadora", "Coliformes Totales (Ausencia o Presencia/100mL)": "Presencia", "E. Coli (Ausencia o Presencia/100mL)": "Ausencia", "Arsenico (mg/L)": "0", "Bario (mg/L)": "0", "Cadmio (mg/L)": null, "Cobre (mg/L)": "0.1", "Hierro (mg/L)": "0", "Manganeso (mg/L)": "0", "Plomo (mg/L)": "0", "Zinc (mg/L)": "0.3", "Cianuros (mg/L)": "0.001", "Cloro Residual (mg/L)": "0.03", "Cloruros (mg/L)": "50.2", "Dureza Total (mg/L)": "157.76", "Fluoruros (mg/L)": "0", "Nitratos (mg/L)": "0.3", "Nitritos (mg/L)": "0.001", "Ph": "6.48", "SDT (mg/L)": "354", "Sulfatos (mg/L)": "0", "Cloro Total (mg/L)": "0", "Conductividad (muS/cm)": "455", "Temperatura (°C)": "22.8", "ID": "Huehuetla_Huehuetla_Planta Potabilizadora" }, "geometry": { "type": "Point", "coordinates": [ -98.077802325352096, 20.460907671115237 ] } },
{ "type": "Feature", "properties": { "CVEGEO_LOC": "130270001", "AÑO": 2016.0, "NOM_MUN": "Huehuetla", "NOM_LOC": "Huehuetla", "Fuente de abastecimiento": "Tanque de Almacenamiento", "Coliformes Totales (Ausencia o Presencia/100mL)": "Presencia", "E. Coli (Ausencia o Presencia/100mL)": "Ausencia", "Arsenico (mg/L)": "0", "Bario (mg/L)": "0", "Cadmio (mg/L)": "ND", "Cobre (mg/L)": "0.1", "Hierro (mg/L)": "0", "Manganeso (mg/L)": "0", "Plomo (mg/L)": "0", "Zinc (mg/L)": "0.2", "Cianuros (mg/L)": "2", "Cloro Residual (mg/L)": "0.01", "Cloruros (mg/L)": "45.6", "Dureza Total (mg/L)": "137.76", "Fluoruros (mg/L)": "0", "Nitratos (mg/L)": "0.1", "Nitritos (mg/L)": "0.01", "Ph": "7.34", "SDT (mg/L)": "261.1", "Sulfatos (mg/L)": "0", "Cloro Total (mg/L)": "0.02", "Conductividad (muS/cm)": "883", "Temperatura (°C)": "45862", "ID": "Huehuetla_Huehuetla_Tanque de Almacenamiento" }, "geometry": { "type": "Point", "coordinates": [ -98.075351034775679, 20.461900621931349 ] } },
{ "type": "Feature", "properties": { "CVEGEO_LOC": "130270005", "AÑO": 2013.0, "NOM_MUN": "Huehuetla", "NOM_LOC": "Barrio Aztlán", "Fuente de abastecimiento": "Planta Potabilizadora", "Coliformes Totales (Ausencia o Presencia/100mL)": "Presencia", "E. Coli (Ausencia o Presencia/100mL)": "Ausencia", "Arsenico (mg/L)": "0", "Bario (mg/L)": "0", "Cadmio (mg/L)": null, "Cobre (mg/L)": "0.1", "Hierro (mg/L)": "0", "Manganeso (mg/L)": "0", "Plomo (mg/L)": "0", "Zinc (mg/L)": "0.28", "Cianuros (mg/L)": "0.002", "Cloro Residual (mg/L)": "0.12", "Cloruros (mg/L)": "49.5", "Dureza Total (mg/L)": "157.33", "Fluoruros (mg/L)": "0", "Nitratos (mg/L)": "0.5", "Nitritos (mg/L)": "0.002", "Ph": "6.6", "SDT (mg/L)": "233", "Sulfatos (mg/L)": "0", "Cloro Total (mg/L)": "0", "Conductividad (muS/cm)": "350", "Temperatura (°C)": "22.2", "ID": "Huehuetla_Barrio Aztlán_Planta Potabilizadora" }, "geometry": { "type": "Point", "coordinates": [ -98.085239424104131, 20.464976566636775 ] } },
{ "type": "Feature", "properties": { "CVEGEO_LOC": "1302700080016800", "AÑO": 2014.0, "NOM_MUN": "Huehuetla", "NOM_LOC": "El Bosque", "Fuente de abastecimiento": "Manantial El Bosque", "Coliformes Totales (Ausencia o Presencia/100mL)": "Presencia", "E. Coli (Ausencia o Presencia/100mL)": "Ausencia", "Arsenico (mg/L)": "0", "Bario (mg/L)": "0", "Cadmio (mg/L)": null, "Cobre (mg/L)": "0.44", "Hierro (mg/L)": "0.04", "Manganeso (mg/L)": "0", "Plomo (mg/L)": "0", "Zinc (mg/L)": "0.03", "Cianuros (mg/L)": "0.006", "Cloro Residual (mg/L)": "0.08", "Cloruros (mg/L)": "1.5", "Dureza Total (mg/L)": "164.44", "Fluoruros (mg/L)": "0.18", "Nitratos (mg/L)": "0.6", "Nitritos (mg/L)": "0.004", "Ph": "7.09", "SDT (mg/L)": "171.8", "Sulfatos (mg/L)": "9", "Cloro Total (mg/L)": "0.06", "Conductividad (muS/cm)": "169.9", "Temperatura (°C)": "27.1", "ID": "Huehuetla_El Bosque_Manantial El Bosque" }, "geometry": { "type": "Point", "coordinates": [ -98.069711030800363, 20.622723793077547 ] } },
{ "type": "Feature", "properties": { "CVEGEO_LOC": "130270015", "AÑO": 2015.0, "NOM_MUN": "Huehuetla", "NOM_LOC": "La Esperanza Número 1", "Fuente de abastecimiento": "Tanque de Distribución", "Coliformes Totales (Ausencia o Presencia/100mL)": "Presencia", "E. Coli (Ausencia o Presencia/100mL)": "Presencia", "Arsenico (mg/L)": "0", "Bario (mg/L)": "0", "Cadmio (mg/L)": null, "Cobre (mg/L)": "0", "Hierro (mg/L)": "0", "Manganeso (mg/L)": "0", "Plomo (mg/L)": "0", "Zinc (mg/L)": "0.3", "Cianuros (mg/L)": "0.002", "Cloro Residual (mg/L)": "0.01", "Cloruros (mg/L)": "16.9", "Dureza Total (mg/L)": "126.33", "Fluoruros (mg/L)": "1.2", "Nitratos (mg/L)": "0.2", "Nitritos (mg/L)": "0.001", "Ph": "7.3", "SDT (mg/L)": "237", "Sulfatos (mg/L)": "1.9", "Cloro Total (mg/L)": "0.02", "Conductividad (muS/cm)": "348.56", "Temperatura (°C)": "26.7", "ID": "Huehuetla_La Esperanza Número 1_Tanque de Distribución" }, "geometry": { "type": "Point", "coordinates": [ -98.056630622306713, 20.489511274727192 ] } },
{ "type": "Feature", "properties": { "CVEGEO_LOC": "130270018", "AÑO": 2012.0, "NOM_MUN": "Huehuetla", "NOM_LOC": "Hermanos Galeana", "Fuente de abastecimiento": "Tanque El Panteón", "Coliformes Totales (Ausencia o Presencia/100mL)": "Presencia", "E. Coli (Ausencia o Presencia/100mL)": "Presencia", "Arsenico (mg/L)": "0", "Bario (mg/L)": "ND", "Cadmio (mg/L)": "ND", "Cobre (mg/L)": "469", "Hierro (mg/L)": "119", "Manganeso (mg/L)": "ND", "Plomo (mg/L)": "0", "Zinc (mg/L)": "3", "Cianuros (mg/L)": "5", "Cloro Residual (mg/L)": "0.03", "Cloruros (mg/L)": "46.75", "Dureza Total (mg/L)": "3311078", "Fluoruros (mg/L)": "0.1", "Nitratos (mg/L)": "0.3", "Nitritos (mg/L)": "5", "Ph": "7.69", "SDT (mg/L)": "194.4", "Sulfatos (mg/L)": "45779", "Cloro Total (mg/L)": "0.06", "Conductividad (muS/cm)": "560", "Temperatura (°C)": "45835", "ID": "Huehuetla_Hermanos Galeana_Tanque El Panteón" }, "geometry": { "type": "Point", "coordinates": [ -98.096609646643486, 20.471948694717938 ] } },
{ "type": "Feature", "properties": { "CVEGEO_LOC": "130270034", "AÑO": 2015.0, "NOM_MUN": "Huehuetla", "NOM_LOC": "San Antonio el Grande", "Fuente de abastecimiento": "Tanque de Distribución", "Coliformes Totales (Ausencia o Presencia/100mL)": "Presencia", "E. Coli (Ausencia o Presencia/100mL)": "Presencia", "Arsenico (mg/L)": "0", "Bario (mg/L)": "0", "Cadmio (mg/L)": null, "Cobre (mg/L)": "0.01", "Hierro (mg/L)": "0", "Manganeso (mg/L)": "0", "Plomo (mg/L)": "0", "Zinc (mg/L)": "0.02", "Cianuros (mg/L)": "0.003", "Cloro Residual (mg/L)": "0", "Cloruros (mg/L)": "26.7", "Dureza Total (mg/L)": "336.61", "Fluoruros (mg/L)": "0", "Nitratos (mg/L)": "0.1", "Nitritos (mg/L)": "0.002", "Ph": "7.3", "SDT (mg/L)": "131.3", "Sulfatos (mg/L)": "1.4", "Cloro Total (mg/L)": "0", "Conductividad (muS/cm)": "237.48", "Temperatura (°C)": "26.4", "ID": "Huehuetla_San Antonio el Grande_Tanque de Distribución" }, "geometry": { "type": "Point", "coordinates": [ -98.034771089086718, 20.456346361189706 ] } },
{ "type": "Feature", "properties": { "CVEGEO_LOC": "130280001", "AÑO": 2015.0, "NOM_MUN": "Huejutla de Reyes", "NOM_LOC": "Huejutla de Reyes", "Fuente de abastecimiento": "Pozo El Mercado", "Coliformes Totales (Ausencia o Presencia/100mL)": "Presencia", "E. Coli (Ausencia o Presencia/100mL)": "Ausencia", "Arsenico (mg/L)": "0", "Bario (mg/L)": "0", "Cadmio (mg/L)": null, "Cobre (mg/L)": "0.04", "Hierro (mg/L)": "0.01", "Manganeso (mg/L)": "0", "Plomo (mg/L)": "0", "Zinc (mg/L)": "0.16", "Cianuros (mg/L)": "0.007", "Cloro Residual (mg/L)": "0.01", "Cloruros (mg/L)": "19.4", "Dureza Total (mg/L)": "332.24", "Fluoruros (mg/L)": "0.2", "Nitratos (mg/L)": "0.9", "Nitritos (mg/L)": "0.004", "Ph": "7.2", "SDT (mg/L)": "174.7", "Sulfatos (mg/L)": "29", "Cloro Total (mg/L)": "0.04", "Conductividad (muS/cm)": "368", "Temperatura (°C)": "26.7", "ID": "Huejutla de Reyes_Huejutla de Reyes_Pozo El Mercado" }, "geometry": { "type": "Point", "coordinates": [ -98.40322190162297, 21.140603623018396 ] } },
{ "type": "Feature", "properties": { "CVEGEO_LOC": "130280001", "AÑO": 2016.0, "NOM_MUN": "Huejutla de Reyes", "NOM_LOC": "Huejutla de Reyes", "Fuente de abastecimiento": "Pozo Fracc. Santa Elena", "Coliformes Totales (Ausencia o Presencia/100mL)": "Presencia", "E. Coli (Ausencia o Presencia/100mL)": "Ausencia", "Arsenico (mg/L)": "0", "Bario (mg/L)": "0", "Cadmio (mg/L)": "ND", "Cobre (mg/L)": "0.05", "Hierro (mg/L)": "0.01", "Manganeso (mg/L)": "0", "Plomo (mg/L)": "0", "Zinc (mg/L)": "0.11", "Cianuros (mg/L)": "4", "Cloro Residual (mg/L)": "0", "Cloruros (mg/L)": "45765", "Dureza Total (mg/L)": "336.36", "Fluoruros (mg/L)": "0.19", "Nitratos (mg/L)": "0.1", "Nitritos (mg/L)": "3", "Ph": "7.25", "SDT (mg/L)": "154.4", "Sulfatos (mg/L)": "32", "Cloro Total (mg/L)": "0.04", "Conductividad (muS/cm)": "346", "Temperatura (°C)": "45832", "ID": "Huejutla de Reyes_Huejutla de Reyes_Pozo Fracc. Santa Elena" }, "geometry": { "type": "Point", "coordinates": [ -98.412352064662713, 21.131095818998112 ] } },
{ "type": "Feature", "properties": { "CVEGEO_LOC": "130280001", "AÑO": 2017.0, "NOM_MUN": "Huejutla de Reyes", "NOM_LOC": "Huejutla de Reyes", "Fuente de abastecimiento": "Pozo Los Romeros", "Coliformes Totales (Ausencia o Presencia/100mL)": "Presencia", "E. Coli (Ausencia o Presencia/100mL)": "Presencia", "Arsenico (mg/L)": "0", "Bario (mg/L)": "0", "Cadmio (mg/L)": null, "Cobre (mg/L)": "0.1", "Hierro (mg/L)": "0", "Manganeso (mg/L)": "0", "Plomo (mg/L)": "0", "Zinc (mg/L)": "0", "Cianuros (mg/L)": "0.003", "Cloro Residual (mg/L)": "0", "Cloruros (mg/L)": "4.1", "Dureza Total (mg/L)": null, "Fluoruros (mg/L)": "0.26", "Nitratos (mg/L)": "0.3", "Nitritos (mg/L)": "0.002", "Ph": "7.9", "SDT (mg/L)": "98.6", "Sulfatos (mg/L)": "11", "Cloro Total (mg/L)": "0", "Conductividad (muS/cm)": "123.6", "Temperatura (°C)": "16", "ID": "Huejutla de Reyes_Huejutla de Reyes_Pozo Los Romeros" }, "geometry": { "type": "Point", "coordinates": [ -98.422475400747743, 21.140326797490211 ] } },
{ "type": "Feature", "properties": { "CVEGEO_LOC": "130280001", "AÑO": 2017.0, "NOM_MUN": "Huejutla de Reyes", "NOM_LOC": "Huejutla de Reyes", "Fuente de abastecimiento": "Tri Las Chachacas", "Coliformes Totales (Ausencia o Presencia/100mL)": "Presencia", "E. Coli (Ausencia o Presencia/100mL)": "Presencia", "Arsenico (mg/L)": "0", "Bario (mg/L)": "0", "Cadmio (mg/L)": null, "Cobre (mg/L)": "0", "Hierro (mg/L)": "0", "Manganeso (mg/L)": "0.1", "Plomo (mg/L)": "0", "Zinc (mg/L)": "0.02", "Cianuros (mg/L)": "0.004", "Cloro Residual (mg/L)": "0.08", "Cloruros (mg/L)": "6.7", "Dureza Total (mg/L)": "50", "Fluoruros (mg/L)": "1.29", "Nitratos (mg/L)": "5.2", "Nitritos (mg/L)": "0.005", "Ph": "6.96", "SDT (mg/L)": "85.3", "Sulfatos (mg/L)": "28", "Cloro Total (mg/L)": "0.45", "Conductividad (muS/cm)": "614", "Temperatura (°C)": "27.2", "ID": "Huejutla de Reyes_Huejutla de Reyes_Tri Las Chachacas" }, "geometry": { "type": "Point", "coordinates": [ -98.412456164307059, 21.148157178364617 ] } },
{ "type": "Feature", "properties": { "CVEGEO_LOC": "130280021", "AÑO": 2013.0, "NOM_MUN": "Huejutla de Reyes", "NOM_LOC": "Candelaria", "Fuente de abastecimiento": "Pozo Pto Bangando", "Coliformes Totales (Ausencia o Presencia/100mL)": "Ausencia", "E. Coli (Ausencia o Presencia/100mL)": "Ausencia", "Arsenico (mg/L)": "0", "Bario (mg/L)": "0", "Cadmio (mg/L)": "ND", "Cobre (mg/L)": "0.01", "Hierro (mg/L)": "0", "Manganeso (mg/L)": "0", "Plomo (mg/L)": "0", "Zinc (mg/L)": "0.02", "Cianuros (mg/L)": "2", "Cloro Residual (mg/L)": "0", "Cloruros (mg/L)": "45.1", "Dureza Total (mg/L)": "236.66", "Fluoruros (mg/L)": "0", "Nitratos (mg/L)": "0.11", "Nitritos (mg/L)": "0", "Ph": "45784", "SDT (mg/L)": "206", "Sulfatos (mg/L)": "80.8", "Cloro Total (mg/L)": "0.1", "Conductividad (muS/cm)": "419", "Temperatura (°C)": "45836", "ID": "Huejutla de Reyes_Candelaria_Pozo Pto Bangando" }, "geometry": { "type": "Point", "coordinates": [ -98.402308452443407, 21.086789441802431 ] } },
{ "type": "Feature", "properties": { "CVEGEO_LOC": "130280042", "AÑO": 2013.0, "NOM_MUN": "Huejutla de Reyes", "NOM_LOC": "Chililico", "Fuente de abastecimiento": "Manantial La Cañada", "Coliformes Totales (Ausencia o Presencia/100mL)": "Ausencia", "E. Coli (Ausencia o Presencia/100mL)": "Ausencia", "Arsenico (mg/L)": "0", "Bario (mg/L)": "0", "Cadmio (mg/L)": null, "Cobre (mg/L)": "0.1", "Hierro (mg/L)": "0", "Manganeso (mg/L)": "0", "Plomo (mg/L)": "0", "Zinc (mg/L)": "0.03", "Cianuros (mg/L)": "0.001", "Cloro Residual (mg/L)": "0", "Cloruros (mg/L)": "45.8", "Dureza Total (mg/L)": "111.11", "Fluoruros (mg/L)": "0.4", "Nitratos (mg/L)": "0.2", "Nitritos (mg/L)": "0", "Ph": "6.9", "SDT (mg/L)": "377", "Sulfatos (mg/L)": "48.5", "Cloro Total (mg/L)": "0.1", "Conductividad (muS/cm)": "685", "Temperatura (°C)": "28.5", "ID": "Huejutla de Reyes_Chililico_Manantial La Cañada" }, "geometry": { "type": "Point", "coordinates": [ -98.436115936115627, 21.131187301672952 ] } },
{ "type": "Feature", "properties": { "CVEGEO_LOC": "130280061", "AÑO": 2017.0, "NOM_MUN": "Huejutla de Reyes", "NOM_LOC": "Macuxtepetla", "Fuente de abastecimiento": "Carcamo Macuxtepetla", "Coliformes Totales (Ausencia o Presencia/100mL)": "ND", "E. Coli (Ausencia o Presencia/100mL)": "ND", "Arsenico (mg/L)": "0", "Bario (mg/L)": "0", "Cadmio (mg/L)": null, "Cobre (mg/L)": "0.04", "Hierro (mg/L)": "0", "Manganeso (mg/L)": "0", "Plomo (mg/L)": "0", "Zinc (mg/L)": "0.08", "Cianuros (mg/L)": null, "Cloro Residual (mg/L)": null, "Cloruros (mg/L)": null, "Dureza Total (mg/L)": null, "Fluoruros (mg/L)": null, "Nitratos (mg/L)": null, "Nitritos (mg/L)": null, "Ph": null, "SDT (mg/L)": null, "Sulfatos (mg/L)": null, "Cloro Total (mg/L)": null, "Conductividad (muS/cm)": null, "Temperatura (°C)": null, "ID": "Huejutla de Reyes_Macuxtepetla_Carcamo Macuxtepetla" }, "geometry": { "type": "Point", "coordinates": [ -98.480200614508547, 21.122778954503943 ] } },
{ "type": "Feature", "properties": { "CVEGEO_LOC": "130280061", "AÑO": 2015.0, "NOM_MUN": "Huejutla de Reyes", "NOM_LOC": "Macuxtepetla", "Fuente de abastecimiento": "Cárcamo Macuxtepetla", "Coliformes Totales (Ausencia o Presencia/100mL)": "Presencia", "E. Coli (Ausencia o Presencia/100mL)": "Ausencia", "Arsenico (mg/L)": "0", "Bario (mg/L)": "0", "Cadmio (mg/L)": null, "Cobre (mg/L)": "0.04", "Hierro (mg/L)": "0.01", "Manganeso (mg/L)": "0", "Plomo (mg/L)": "0", "Zinc (mg/L)": "0.08", "Cianuros (mg/L)": "0.001", "Cloro Residual (mg/L)": "0.03", "Cloruros (mg/L)": "25.4", "Dureza Total (mg/L)": "266.66", "Fluoruros (mg/L)": "0.15", "Nitratos (mg/L)": "0.3", "Nitritos (mg/L)": "0.006", "Ph": "7.07", "SDT (mg/L)": "163.4", "Sulfatos (mg/L)": "37", "Cloro Total (mg/L)": "0", "Conductividad (muS/cm)": "381", "Temperatura (°C)": "28.1", "ID": "Huejutla de Reyes_Macuxtepetla_Cárcamo Macuxtepetla" }, "geometry": { "type": "Point", "coordinates": [ -98.481564695753633, 21.121994363903333 ] } },
{ "type": "Feature", "properties": { "CVEGEO_LOC": "130280061", "AÑO": 2014.0, "NOM_MUN": "Huejutla de Reyes", "NOM_LOC": "Macuxtepetla", "Fuente de abastecimiento": "Manantial Macuxtepetla", "Coliformes Totales (Ausencia o Presencia/100mL)": "Presencia", "E. Coli (Ausencia o Presencia/100mL)": "Presencia", "Arsenico (mg/L)": "0", "Bario (mg/L)": "0", "Cadmio (mg/L)": null, "Cobre (mg/L)": "0.31", "Hierro (mg/L)": "0", "Manganeso (mg/L)": "0", "Plomo (mg/L)": "0", "Zinc (mg/L)": "0.05", "Cianuros (mg/L)": "0.003", "Cloro Residual (mg/L)": "0", "Cloruros (mg/L)": "24.6", "Dureza Total (mg/L)": "255.55", "Fluoruros (mg/L)": "0.61", "Nitratos (mg/L)": "0", "Nitritos (mg/L)": "0.003", "Ph": "7", "SDT (mg/L)": "523", "Sulfatos (mg/L)": "27", "Cloro Total (mg/L)": "0", "Conductividad (muS/cm)": "748", "Temperatura (°C)": "28.5", "ID": "Huejutla de Reyes_Macuxtepetla_Manantial Macuxtepetla" }, "geometry": { "type": "Point", "coordinates": [ -98.481930826602678, 21.123528250264556 ] } },
{ "type": "Feature", "properties": { "CVEGEO_LOC": "130280066", "AÑO": 2014.0, "NOM_MUN": "Huejutla de Reyes", "NOM_LOC": "Oxtomal I", "Fuente de abastecimiento": "Manantial", "Coliformes Totales (Ausencia o Presencia/100mL)": "Presencia", "E. Coli (Ausencia o Presencia/100mL)": "Presencia", "Arsenico (mg/L)": "0", "Bario (mg/L)": "0", "Cadmio (mg/L)": null, "Cobre (mg/L)": "0.2", "Hierro (mg/L)": "0", "Manganeso (mg/L)": "0.11", "Plomo (mg/L)": "0", "Zinc (mg/L)": "0.01", "Cianuros (mg/L)": "0", "Cloro Residual (mg/L)": "0", "Cloruros (mg/L)": "26.8", "Dureza Total (mg/L)": "236.91", "Fluoruros (mg/L)": "0.3", "Nitratos (mg/L)": "0", "Nitritos (mg/L)": "0", "Ph": "6.9", "SDT (mg/L)": "371", "Sulfatos (mg/L)": "80.1", "Cloro Total (mg/L)": "0.03", "Conductividad (muS/cm)": "636", "Temperatura (°C)": "29.6", "ID": "Huejutla de Reyes_Oxtomal I_Manantial" }, "geometry": { "type": "Point", "coordinates": [ -98.458759784093957, 21.125374597055071 ] } },
{ "type": "Feature", "properties": { "CVEGEO_LOC": "130280066", "AÑO": 2013.0, "NOM_MUN": "Huejutla de Reyes", "NOM_LOC": "Oxtomal I", "Fuente de abastecimiento": "Planta Potabilizadora", "Coliformes Totales (Ausencia o Presencia/100mL)": "Ausencia", "E. Coli (Ausencia o Presencia/100mL)": "Ausencia", "Arsenico (mg/L)": "0", "Bario (mg/L)": "0", "Cadmio (mg/L)": null, "Cobre (mg/L)": "0.2", "Hierro (mg/L)": "0", "Manganeso (mg/L)": "0", "Plomo (mg/L)": "0", "Zinc (mg/L)": "0.01", "Cianuros (mg/L)": "0", "Cloro Residual (mg/L)": "0", "Cloruros (mg/L)": "26.8", "Dureza Total (mg/L)": "236.91", "Fluoruros (mg/L)": "0.3", "Nitratos (mg/L)": "0", "Nitritos (mg/L)": "0", "Ph": "6.9", "SDT (mg/L)": "371", "Sulfatos (mg/L)": "80.1", "Cloro Total (mg/L)": "0.03", "Conductividad (muS/cm)": "636", "Temperatura (°C)": "29.6", "ID": "Huejutla de Reyes_Oxtomal I_Planta Potabilizadora" }, "geometry": { "type": "Point", "coordinates": [ -98.461670532471061, 21.125001301156438 ] } },
{ "type": "Feature", "properties": { "CVEGEO_LOC": "130280066", "AÑO": 2013.0, "NOM_MUN": "Huejutla de Reyes", "NOM_LOC": "Oxtomal I", "Fuente de abastecimiento": "Planta Potabilizadora", "Coliformes Totales (Ausencia o Presencia/100mL)": "Ausencia", "E. Coli (Ausencia o Presencia/100mL)": "Ausencia", "Arsenico (mg/L)": "0", "Bario (mg/L)": "0", "Cadmio (mg/L)": null, "Cobre (mg/L)": "0.1", "Hierro (mg/L)": "0", "Manganeso (mg/L)": "0", "Plomo (mg/L)": "0", "Zinc (mg/L)": "0.01", "Cianuros (mg/L)": "0", "Cloro Residual (mg/L)": "0", "Cloruros (mg/L)": "25.7", "Dureza Total (mg/L)": "346.66", "Fluoruros (mg/L)": "0.2", "Nitratos (mg/L)": "0", "Nitritos (mg/L)": "0", "Ph": "7.09", "SDT (mg/L)": "468", "Sulfatos (mg/L)": "80", "Cloro Total (mg/L)": "0.02", "Conductividad (muS/cm)": "717", "Temperatura (°C)": "29.4", "ID": "Huejutla de Reyes_Oxtomal I_Planta Potabilizadora" }, "geometry": { "type": "Point", "coordinates": [ -98.461670532471061, 21.125001301156438 ] } },
{ "type": "Feature", "properties": { "CVEGEO_LOC": "130280087", "AÑO": 2016.0, "NOM_MUN": "Huejutla de Reyes", "NOM_LOC": "Teacal", "Fuente de abastecimiento": "Cárcamo de Bombeo", "Coliformes Totales (Ausencia o Presencia/100mL)": "Presencia", "E. Coli (Ausencia o Presencia/100mL)": "Ausencia", "Arsenico (mg/L)": "0", "Bario (mg/L)": "0", "Cadmio (mg/L)": "ND", "Cobre (mg/L)": "0.04", "Hierro (mg/L)": "0", "Manganeso (mg/L)": "0", "Plomo (mg/L)": "0", "Zinc (mg/L)": "0.08", "Cianuros (mg/L)": "1", "Cloro Residual (mg/L)": "0", "Cloruros (mg/L)": "45715", "Dureza Total (mg/L)": "255.55", "Fluoruros (mg/L)": "0.14", "Nitratos (mg/L)": "0.3", "Nitritos (mg/L)": "4", "Ph": "7.14", "SDT (mg/L)": "165.5", "Sulfatos (mg/L)": "33", "Cloro Total (mg/L)": "0.04", "Conductividad (muS/cm)": "649", "Temperatura (°C)": "45773", "ID": "Huejutla de Reyes_Teacal_Cárcamo de Bombeo" }, "geometry": { "type": "Point", "coordinates": [ -98.446236767606649, 21.158834958725762 ] } },
{ "type": "Feature", "properties": { "CVEGEO_LOC": "130280088", "AÑO": 2012.0, "NOM_MUN": "Huejutla de Reyes", "NOM_LOC": "Tehuetlán", "Fuente de abastecimiento": "Manantial Barrio Tlalzitlan", "Coliformes Totales (Ausencia o Presencia/100mL)": "Presencia", "E. Coli (Ausencia o Presencia/100mL)": "Ausencia", "Arsenico (mg/L)": "0", "Bario (mg/L)": null, "Cadmio (mg/L)": null, "Cobre (mg/L)": "0.334", "Hierro (mg/L)": "0", "Manganeso (mg/L)": null, "Plomo (mg/L)": "0", "Zinc (mg/L)": "0.355", "Cianuros (mg/L)": "0.004", "Cloro Residual (mg/L)": "0.08", "Cloruros (mg/L)": "48", "Dureza Total (mg/L)": "197.7758", "Fluoruros (mg/L)": "0.1", "Nitratos (mg/L)": "0.7", "Nitritos (mg/L)": "0", "Ph": "7.65", "SDT (mg/L)": "150.7", "Sulfatos (mg/L)": "2.5", "Cloro Total (mg/L)": "0.03", "Conductividad (muS/cm)": "300", "Temperatura (°C)": "21.3", "ID": "Huejutla de Reyes_Tehuetlán_Manantial Barrio Tlalzitlan" }, "geometry": { "type": "Point", "coordinates": [ -98.505992701521123, 21.055128794020682 ] } },
{ "type": "Feature", "properties": { "CVEGEO_LOC": "130280088", "AÑO": 2012.0, "NOM_MUN": "Huejutla de Reyes", "NOM_LOC": "Tehuetlán", "Fuente de abastecimiento": "Manantial Los Gemelos", "Coliformes Totales (Ausencia o Presencia/100mL)": "Presencia", "E. Coli (Ausencia o Presencia/100mL)": "Ausencia", "Arsenico (mg/L)": "0", "Bario (mg/L)": null, "Cadmio (mg/L)": null, "Cobre (mg/L)": "0.505", "Hierro (mg/L)": "0", "Manganeso (mg/L)": null, "Plomo (mg/L)": "0", "Zinc (mg/L)": "0.35", "Cianuros (mg/L)": "0.001", "Cloro Residual (mg/L)": "0.03", "Cloruros (mg/L)": "57.5", "Dureza Total (mg/L)": "102.2212", "Fluoruros (mg/L)": "0.2", "Nitratos (mg/L)": "0", "Nitritos (mg/L)": "0.0017", "Ph": "7.65", "SDT (mg/L)": "167.8", "Sulfatos (mg/L)": "0", "Cloro Total (mg/L)": "0.02", "Conductividad (muS/cm)": "336", "Temperatura (°C)": "25.4", "ID": "Huejutla de Reyes_Tehuetlán_Manantial Los Gemelos" }, "geometry": { "type": "Point", "coordinates": [ -98.50786136523314, 21.056037342013028 ] } },
{ "type": "Feature", "properties": { "CVEGEO_LOC": "130280093", "AÑO": 2014.0, "NOM_MUN": "Huejutla de Reyes", "NOM_LOC": "Tepexititla", "Fuente de abastecimiento": "Manantial", "Coliformes Totales (Ausencia o Presencia/100mL)": "Presencia", "E. Coli (Ausencia o Presencia/100mL)": "Presencia", "Arsenico (mg/L)": "0", "Bario (mg/L)": "0", "Cadmio (mg/L)": null, "Cobre (mg/L)": "0.21", "Hierro (mg/L)": "0", "Manganeso (mg/L)": "0.12", "Plomo (mg/L)": "0", "Zinc (mg/L)": "0.03", "Cianuros (mg/L)": "0", "Cloro Residual (mg/L)": "0", "Cloruros (mg/L)": "19.7", "Dureza Total (mg/L)": "288.88", "Fluoruros (mg/L)": "0.48", "Nitratos (mg/L)": "0", "Nitritos (mg/L)": "0.01", "Ph": "7.05", "SDT (mg/L)": "388", "Sulfatos (mg/L)": "50", "Cloro Total (mg/L)": "0.15", "Conductividad (muS/cm)": "816", "Temperatura (°C)": "25.7", "ID": "Huejutla de Reyes_Tepexititla_Manantial" }, "geometry": { "type": "Point", "coordinates": [ -98.44842477762981, 21.13175183991418 ] } },
{ "type": "Feature", "properties": { "CVEGEO_LOC": "130280093", "AÑO": 2013.0, "NOM_MUN": "Huejutla de Reyes", "NOM_LOC": "Tepexititla", "Fuente de abastecimiento": "Planta Potabilizadora", "Coliformes Totales (Ausencia o Presencia/100mL)": "Ausencia", "E. Coli (Ausencia o Presencia/100mL)": "Ausencia", "Arsenico (mg/L)": "0", "Bario (mg/L)": "0", "Cadmio (mg/L)": null, "Cobre (mg/L)": "0.21", "Hierro (mg/L)": "0", "Manganeso (mg/L)": "0", "Plomo (mg/L)": "0", "Zinc (mg/L)": "0.03", "Cianuros (mg/L)": "0", "Cloro Residual (mg/L)": "0", "Cloruros (mg/L)": "19.7", "Dureza Total (mg/L)": "288.88", "Fluoruros (mg/L)": "0.48", "Nitratos (mg/L)": "0", "Nitritos (mg/L)": "0.01", "Ph": "7.05", "SDT (mg/L)": "388", "Sulfatos (mg/L)": "50", "Cloro Total (mg/L)": "0.15", "Conductividad (muS/cm)": "816", "Temperatura (°C)": "25.7", "ID": "Huejutla de Reyes_Tepexititla_Planta Potabilizadora" }, "geometry": { "type": "Point", "coordinates": [ -98.450818643346537, 21.132762725577784 ] } },
{ "type": "Feature", "properties": { "CVEGEO_LOC": "130280112", "AÑO": 2013.0, "NOM_MUN": "Huejutla de Reyes", "NOM_LOC": "Acuapa", "Fuente de abastecimiento": "Planta Potabilizadora", "Coliformes Totales (Ausencia o Presencia/100mL)": "Ausencia", "E. Coli (Ausencia o Presencia/100mL)": "Ausencia", "Arsenico (mg/L)": "0", "Bario (mg/L)": "0", "Cadmio (mg/L)": "ND", "Cobre (mg/L)": "0.89", "Hierro (mg/L)": "0", "Manganeso (mg/L)": "0", "Plomo (mg/L)": "0", "Zinc (mg/L)": "0.09", "Cianuros (mg/L)": "0", "Cloro Residual (mg/L)": "0", "Cloruros (mg/L)": "36.8", "Dureza Total (mg/L)": "133.33", "Fluoruros (mg/L)": "0.55", "Nitratos (mg/L)": "0", "Nitritos (mg/L)": "2", "Ph": "45695", "SDT (mg/L)": "266", "Sulfatos (mg/L)": "76", "Cloro Total (mg/L)": "0.04", "Conductividad (muS/cm)": "553", "Temperatura (°C)": "45685", "ID": "Huejutla de Reyes_Acuapa_Planta Potabilizadora" }, "geometry": { "type": "Point", "coordinates": [ -98.488615012058716, 21.119622014244342 ] } },
{ "type": "Feature", "properties": { "CVEGEO_LOC": "1302801160047800", "AÑO": 2017.0, "NOM_MUN": "Huejutla de Reyes", "NOM_LOC": "Tezóhual", "Fuente de abastecimiento": "Pozo Tezohual", "Coliformes Totales (Ausencia o Presencia/100mL)": "Presencia", "E. Coli (Ausencia o Presencia/100mL)": "Presencia", "Arsenico (mg/L)": "0", "Bario (mg/L)": "0", "Cadmio (mg/L)": null, "Cobre (mg/L)": "0.21", "Hierro (mg/L)": "0", "Manganeso (mg/L)": "0", "Plomo (mg/L)": "0", "Zinc (mg/L)": "0.07", "Cianuros (mg/L)": "0.004", "Cloro Residual (mg/L)": "0.09", "Cloruros (mg/L)": "40.9", "Dureza Total (mg/L)": "22.66", "Fluoruros (mg/L)": "0.39", "Nitratos (mg/L)": "1.6", "Nitritos (mg/L)": "0.003", "Ph": "7.02", "SDT (mg/L)": "541", "Sulfatos (mg/L)": "71", "Cloro Total (mg/L)": "0.08", "Conductividad (muS/cm)": "586", "Temperatura (°C)": "26.4", "ID": "Huejutla de Reyes_Tezóhual_Pozo Tezohual" }, "geometry": { "type": "Point", "coordinates": [ -98.498002413288035, 21.12862432587697 ] } },
{ "type": "Feature", "properties": { "CVEGEO_LOC": "130280135", "AÑO": 2016.0, "NOM_MUN": "Huejutla de Reyes", "NOM_LOC": "Xiloco", "Fuente de abastecimiento": "Manantial Xiloco", "Coliformes Totales (Ausencia o Presencia/100mL)": "Presencia", "E. Coli (Ausencia o Presencia/100mL)": "Presencia", "Arsenico (mg/L)": "0", "Bario (mg/L)": "0", "Cadmio (mg/L)": "ND", "Cobre (mg/L)": "0", "Hierro (mg/L)": "0.02", "Manganeso (mg/L)": "0", "Plomo (mg/L)": "0", "Zinc (mg/L)": "0.04", "Cianuros (mg/L)": "4", "Cloro Residual (mg/L)": "0", "Cloruros (mg/L)": "16", "Dureza Total (mg/L)": "99.99", "Fluoruros (mg/L)": "0.07", "Nitratos (mg/L)": "0.7", "Nitritos (mg/L)": "4", "Ph": "7.21", "SDT (mg/L)": "45713", "Sulfatos (mg/L)": "45751", "Cloro Total (mg/L)": "0", "Conductividad (muS/cm)": "45835", "Temperatura (°C)": "18", "ID": "Huejutla de Reyes_Xiloco_Manantial Xiloco" }, "geometry": { "type": "Point", "coordinates": [ -98.475740657583003, 21.119323798524757 ] } },
{ "type": "Feature", "properties": { "CVEGEO_LOC": "130280192", "AÑO": 2017.0, "NOM_MUN": "Huejutla de Reyes", "NOM_LOC": "Zocuiteco Benito Juárez", "Fuente de abastecimiento": "Manantial (Rio Ocecea)", "Coliformes Totales (Ausencia o Presencia/100mL)": "Presencia", "E. Coli (Ausencia o Presencia/100mL)": "Presencia", "Arsenico (mg/L)": "0", "Bario (mg/L)": "0", "Cadmio (mg/L)": null, "Cobre (mg/L)": "0.04", "Hierro (mg/L)": "0", "Manganeso (mg/L)": "0.1", "Plomo (mg/L)": "0", "Zinc (mg/L)": "0.01", "Cianuros (mg/L)": "0.005", "Cloro Residual (mg/L)": "0", "Cloruros (mg/L)": "8", "Dureza Total (mg/L)": "17.11", "Fluoruros (mg/L)": "0.33", "Nitratos (mg/L)": "1.6", "Nitritos (mg/L)": "0.009", "Ph": "6.95", "SDT (mg/L)": "87.9", "Sulfatos (mg/L)": "18", "Cloro Total (mg/L)": "0.03", "Conductividad (muS/cm)": "222", "Temperatura (°C)": "17.6", "ID": "Huejutla de Reyes_Zocuiteco Benito Juárez_Manantial (Rio Ocecea)" }, "geometry": { "type": "Point", "coordinates": [ -98.423470647669888, 21.117709319023263 ] } },
{ "type": "Feature", "properties": { "CVEGEO_LOC": "130280226", "AÑO": 2014.0, "NOM_MUN": "Huejutla de Reyes", "NOM_LOC": "Oxtomal II", "Fuente de abastecimiento": "Manantial Oxtomal II", "Coliformes Totales (Ausencia o Presencia/100mL)": "Presencia", "E. Coli (Ausencia o Presencia/100mL)": "Presencia", "Arsenico (mg/L)": "0", "Bario (mg/L)": "0", "Cadmio (mg/L)": null, "Cobre (mg/L)": "1.4", "Hierro (mg/L)": "0.07", "Manganeso (mg/L)": "0", "Plomo (mg/L)": "0", "Zinc (mg/L)": "0.04", "Cianuros (mg/L)": "0.001", "Cloro Residual (mg/L)": "0", "Cloruros (mg/L)": "5.5", "Dureza Total (mg/L)": "304.44", "Fluoruros (mg/L)": "0.68", "Nitratos (mg/L)": "0", "Nitritos (mg/L)": "0.002", "Ph": "7.44", "SDT (mg/L)": "310", "Sulfatos (mg/L)": "13", "Cloro Total (mg/L)": "0", "Conductividad (muS/cm)": "573", "Temperatura (°C)": "30.05", "ID": "Huejutla de Reyes_Oxtomal II_Manantial Oxtomal II" }, "geometry": { "type": "Point", "coordinates": [ -98.463002285425887, 21.12445717941695 ] } },
{ "type": "Feature", "properties": { "CVEGEO_LOC": "130280226", "AÑO": 2013.0, "NOM_MUN": "Huejutla de Reyes", "NOM_LOC": "Oxtomal II", "Fuente de abastecimiento": "Planta Potabilizadora", "Coliformes Totales (Ausencia o Presencia/100mL)": "Ausencia", "E. Coli (Ausencia o Presencia/100mL)": "Ausencia", "Arsenico (mg/L)": "0", "Bario (mg/L)": "0", "Cadmio (mg/L)": null, "Cobre (mg/L)": "0.1", "Hierro (mg/L)": "0", "Manganeso (mg/L)": "0", "Plomo (mg/L)": "0", "Zinc (mg/L)": "0.01", "Cianuros (mg/L)": "0.001", "Cloro Residual (mg/L)": "0", "Cloruros (mg/L)": "36.5", "Dureza Total (mg/L)": "261.11", "Fluoruros (mg/L)": "0", "Nitratos (mg/L)": "0.1", "Nitritos (mg/L)": "0", "Ph": "7", "SDT (mg/L)": "346", "Sulfatos (mg/L)": "80", "Cloro Total (mg/L)": "0.01", "Conductividad (muS/cm)": "614", "Temperatura (°C)": "28.2", "ID": "Huejutla de Reyes_Oxtomal II_Planta Potabilizadora" }, "geometry": { "type": "Point", "coordinates": [ -98.46672198010765, 21.124416975831004 ] } },
{ "type": "Feature", "properties": { "CVEGEO_LOC": "130290013", "AÑO": 2016.0, "NOM_MUN": "Huichapan", "NOM_LOC": "Dothí", "Fuente de abastecimiento": "Pozo Rodolfo Trejo Martínez", "Coliformes Totales (Ausencia o Presencia/100mL)": "Presencia", "E. Coli (Ausencia o Presencia/100mL)": "Ausencia", "Arsenico (mg/L)": "28", "Bario (mg/L)": "0", "Cadmio (mg/L)": "ND", "Cobre (mg/L)": "0.35", "Hierro (mg/L)": "0", "Manganeso (mg/L)": "0", "Plomo (mg/L)": "0.01", "Zinc (mg/L)": "0.14", "Cianuros (mg/L)": "3", "Cloro Residual (mg/L)": "0", "Cloruros (mg/L)": "45875", "Dureza Total (mg/L)": "507.8", "Fluoruros (mg/L)": "0.82", "Nitratos (mg/L)": "0.11", "Nitritos (mg/L)": "0", "Ph": "7.35", "SDT (mg/L)": "355", "Sulfatos (mg/L)": "119", "Cloro Total (mg/L)": "0", "Conductividad (muS/cm)": "279", "Temperatura (°C)": "45861", "ID": "Huichapan_Dothí_Pozo Rodolfo Trejo Martínez" }, "geometry": { "type": "Point", "coordinates": [ -99.660553950850925, 20.44059664785722 ] } },
{ "type": "Feature", "properties": { "CVEGEO_LOC": "130290026", "AÑO": 2021.0, "NOM_MUN": "Huichapan", "NOM_LOC": "Taguí", "Fuente de abastecimiento": "Pozo Tagui 3", "Coliformes Totales (Ausencia o Presencia/100mL)": "Ausencia", "E. Coli (Ausencia o Presencia/100mL)": "Ausencia", "Arsenico (mg/L)": "0", "Bario (mg/L)": "0", "Cadmio (mg/L)": "0", "Cobre (mg/L)": "0", "Hierro (mg/L)": "0", "Manganeso (mg/L)": "0", "Plomo (mg/L)": "0", "Zinc (mg/L)": "0.05", "Cianuros (mg/L)": "0", "Cloro Residual (mg/L)": "0.55", "Cloruros (mg/L)": "9", "Dureza Total (mg/L)": "66.66", "Fluoruros (mg/L)": "0.66", "Nitratos (mg/L)": "45845", "Nitritos (mg/L)": "6", "Ph": "7.19", "SDT (mg/L)": "96.1", "Sulfatos (mg/L)": "2", "Cloro Total (mg/L)": "0", "Conductividad (muS/cm)": "272", "Temperatura (°C)": "34.6", "ID": "Huichapan_Taguí_Pozo Tagui 3" }, "geometry": { "type": "Point", "coordinates": [ -99.639190751501729, 20.436544551470327 ] } },
{ "type": "Feature", "properties": { "CVEGEO_LOC": "130300001", "AÑO": 2014.0, "NOM_MUN": "Ixmiquilpan", "NOM_LOC": "Ixmiquilpan", "Fuente de abastecimiento": "Pozo Fitzi", "Coliformes Totales (Ausencia o Presencia/100mL)": "Presencia", "E. Coli (Ausencia o Presencia/100mL)": "Presencia", "Arsenico (mg/L)": "0.003", "Bario (mg/L)": "0", "Cadmio (mg/L)": null, "Cobre (mg/L)": "0.29", "Hierro (mg/L)": "0", "Manganeso (mg/L)": "0", "Plomo (mg/L)": "0.001", "Zinc (mg/L)": "0.05", "Cianuros (mg/L)": "0.003", "Cloro Residual (mg/L)": "0", "Cloruros (mg/L)": "10.5", "Dureza Total (mg/L)": "344.44", "Fluoruros (mg/L)": "0", "Nitratos (mg/L)": "0.6", "Nitritos (mg/L)": "0.002", "Ph": "7.3", "SDT (mg/L)": "773", "Sulfatos (mg/L)": "116", "Cloro Total (mg/L)": "0", "Conductividad (muS/cm)": "698", "Temperatura (°C)": "22.3", "ID": "Ixmiquilpan_Ixmiquilpan_Pozo Fitzi" }, "geometry": { "type": "Point", "coordinates": [ -99.221783373983669, 20.474229310397277 ] } },
{ "type": "Feature", "properties": { "CVEGEO_LOC": "130300004", "AÑO": 2013.0, "NOM_MUN": "Ixmiquilpan", "NOM_LOC": "Bangandhó", "Fuente de abastecimiento": "Pozo Los Molinos", "Coliformes Totales (Ausencia o Presencia/100mL)": "Presencia", "E. Coli (Ausencia o Presencia/100mL)": "Ausencia", "Arsenico (mg/L)": "0.01", "Bario (mg/L)": "0.03", "Cadmio (mg/L)": null, "Cobre (mg/L)": "1", "Hierro (mg/L)": "0.06", "Manganeso (mg/L)": "0.19", "Plomo (mg/L)": "0.01", "Zinc (mg/L)": "0.1", "Cianuros (mg/L)": "0.2", "Cloro Residual (mg/L)": "0.1", "Cloruros (mg/L)": "66.4", "Dureza Total (mg/L)": "633.32", "Fluoruros (mg/L)": "1.15", "Nitratos (mg/L)": "11.3", "Nitritos (mg/L)": "0.009", "Ph": "6.82", "SDT (mg/L)": "990", "Sulfatos (mg/L)": "433", "Cloro Total (mg/L)": "0.2", "Conductividad (muS/cm)": "500", "Temperatura (°C)": "27.6", "ID": "Ixmiquilpan_Bangandhó_Pozo Los Molinos" }, "geometry": { "type": "Point", "coordinates": [ -99.16182854738355, 20.478255430406278 ] } },
{ "type": "Feature", "properties": { "CVEGEO_LOC": "130300033", "AÑO": 2019.0, "NOM_MUN": "Ixmiquilpan", "NOM_LOC": "El Olivo", "Fuente de abastecimiento": "Pozo el Milagroso", "Coliformes Totales (Ausencia o Presencia/100mL)": "Presencia", "E. Coli (Ausencia o Presencia/100mL)": "Presencia", "Arsenico (mg/L)": "0", "Bario (mg/L)": "0", "Cadmio (mg/L)": "0", "Cobre (mg/L)": "0.004", "Hierro (mg/L)": "0.04", "Manganeso (mg/L)": "0", "Plomo (mg/L)": "0.004", "Zinc (mg/L)": "0.02", "Cianuros (mg/L)": "0.002", "Cloro Residual (mg/L)": "0", "Cloruros (mg/L)": "5.1", "Dureza Total (mg/L)": "233.33", "Fluoruros (mg/L)": "0.5", "Nitratos (mg/L)": "3.69", "Nitritos (mg/L)": "0.008", "Ph": "7.26", "SDT (mg/L)": "75.6", "Sulfatos (mg/L)": "22", "Cloro Total (mg/L)": "0", "Conductividad (muS/cm)": "181.2", "Temperatura (°C)": "20.5", "ID": "Ixmiquilpan_El Olivo_Pozo el Milagroso" }, "geometry": { "type": "Point", "coordinates": [ -99.178491773996583, 20.608515836205022 ] } },
{ "type": "Feature", "properties": { "CVEGEO_LOC": "130300038", "AÑO": 2014.0, "NOM_MUN": "Ixmiquilpan", "NOM_LOC": "Pueblo Nuevo", "Fuente de abastecimiento": "Planta Potabilizadora", "Coliformes Totales (Ausencia o Presencia/100mL)": "Presencia", "E. Coli (Ausencia o Presencia/100mL)": "Ausencia", "Arsenico (mg/L)": "0.017", "Bario (mg/L)": "0.1", "Cadmio (mg/L)": null, "Cobre (mg/L)": "0.44", "Hierro (mg/L)": "1.6", "Manganeso (mg/L)": "0.3", "Plomo (mg/L)": "0.003", "Zinc (mg/L)": "0.03", "Cianuros (mg/L)": "0.002", "Cloro Residual (mg/L)": "0.03", "Cloruros (mg/L)": "147", "Dureza Total (mg/L)": "444.44", "Fluoruros (mg/L)": "0.43", "Nitratos (mg/L)": "1.9", "Nitritos (mg/L)": "0.08", "Ph": "7.17", "SDT (mg/L)": "609", "Sulfatos (mg/L)": "106", "Cloro Total (mg/L)": "0.02", "Conductividad (muS/cm)": "1301", "Temperatura (°C)": "26.1", "ID": "Ixmiquilpan_Pueblo Nuevo_Planta Potabilizadora" }, "geometry": { "type": "Point", "coordinates": [ -99.159077967714978, 20.458624403367004 ] } },
{ "type": "Feature", "properties": { "CVEGEO_LOC": "130300038", "AÑO": 2014.0, "NOM_MUN": "Ixmiquilpan", "NOM_LOC": "Pueblo Nuevo", "Fuente de abastecimiento": "Red de Distribución", "Coliformes Totales (Ausencia o Presencia/100mL)": "Presencia", "E. Coli (Ausencia o Presencia/100mL)": "Ausencia", "Arsenico (mg/L)": "0", "Bario (mg/L)": "0", "Cadmio (mg/L)": null, "Cobre (mg/L)": "0.84", "Hierro (mg/L)": "0", "Manganeso (mg/L)": "0", "Plomo (mg/L)": "0", "Zinc (mg/L)": "0.02", "Cianuros (mg/L)": "0.003", "Cloro Residual (mg/L)": "0", "Cloruros (mg/L)": "111.2", "Dureza Total (mg/L)": "397.77", "Fluoruros (mg/L)": "0.13", "Nitratos (mg/L)": "1.6", "Nitritos (mg/L)": "0.005", "Ph": "6.93", "SDT (mg/L)": "626", "Sulfatos (mg/L)": "107", "Cloro Total (mg/L)": "0", "Conductividad (muS/cm)": "1355", "Temperatura (°C)": "33.3", "ID": "Ixmiquilpan_Pueblo Nuevo_Red de Distribución" }, "geometry": { "type": "Point", "coordinates": [ -99.169486161347834, 20.457932692742546 ] } },
{ "type": "Feature", "properties": { "CVEGEO_LOC": "130300047", "AÑO": 2015.0, "NOM_MUN": "Ixmiquilpan", "NOM_LOC": "Taxadho", "Fuente de abastecimiento": "Manantial", "Coliformes Totales (Ausencia o Presencia/100mL)": "Presencia", "E. Coli (Ausencia o Presencia/100mL)": "Presencia", "Arsenico (mg/L)": "0", "Bario (mg/L)": "0", "Cadmio (mg/L)": null, "Cobre (mg/L)": "0.09", "Hierro (mg/L)": "0.005", "Manganeso (mg/L)": "0.1", "Plomo (mg/L)": "0.004", "Zinc (mg/L)": "0.05", "Cianuros (mg/L)": "0.007", "Cloro Residual (mg/L)": "0", "Cloruros (mg/L)": "122", "Dureza Total (mg/L)": "511.1", "Fluoruros (mg/L)": "0.71", "Nitratos (mg/L)": "2.1", "Nitritos (mg/L)": "0.006", "Ph": "7.54", "SDT (mg/L)": "1220", "Sulfatos (mg/L)": "450", "Cloro Total (mg/L)": "0", "Conductividad (muS/cm)": "2.41", "Temperatura (°C)": "20.7", "ID": "Ixmiquilpan_Taxadho_Manantial" }, "geometry": { "type": "Point", "coordinates": [ -99.141381175735404, 20.430434263501741 ] } },
{ "type": "Feature", "properties": { "CVEGEO_LOC": "130300047", "AÑO": 2023.0, "NOM_MUN": "Ixmiquilpan", "NOM_LOC": "Taxadho", "Fuente de abastecimiento": "Pozo La Bajada de Pastores", "Coliformes Totales (Ausencia o Presencia/100mL)": "Presencia", "E. Coli (Ausencia o Presencia/100mL)": "Ausencia", "Arsenico (mg/L)": "0", "Bario (mg/L)": "0", "Cadmio (mg/L)": "0", "Cobre (mg/L)": "0.73", "Hierro (mg/L)": "3.36", "Manganeso (mg/L)": "0.2", "Plomo (mg/L)": "0.01", "Zinc (mg/L)": "0.06", "Cianuros (mg/L)": "0.01", "Cloro Residual (mg/L)": "0.28", "Cloruros (mg/L)": "120.8", "Dureza Total (mg/L)": "151.1", "Fluoruros (mg/L)": "0.48", "Nitratos (mg/L)": "4.6", "Nitritos (mg/L)": "0.003", "Ph": "6.94", "SDT (mg/L)": "909", "Sulfatos (mg/L)": "406", "Cloro Total (mg/L)": "0.81", "Conductividad (muS/cm)": "1429", "Temperatura (°C)": "29.9", "ID": "Ixmiquilpan_Taxadho_Pozo La Bajada de Pastores" }, "geometry": { "type": "Point", "coordinates": [ -99.148676714236643, 20.42774127612519 ] } },
{ "type": "Feature", "properties": { "CVEGEO_LOC": "130300047", "AÑO": 2023.0, "NOM_MUN": "Ixmiquilpan", "NOM_LOC": "Taxadho", "Fuente de abastecimiento": "Pozo Las Trancas", "Coliformes Totales (Ausencia o Presencia/100mL)": "Presencia", "E. Coli (Ausencia o Presencia/100mL)": "Ausencia", "Arsenico (mg/L)": "0", "Bario (mg/L)": "0", "Cadmio (mg/L)": "0", "Cobre (mg/L)": "0.33", "Hierro (mg/L)": "0.14", "Manganeso (mg/L)": "0", "Plomo (mg/L)": "0", "Zinc (mg/L)": "0.14", "Cianuros (mg/L)": "0", "Cloro Residual (mg/L)": "1.12", "Cloruros (mg/L)": "86.9", "Dureza Total (mg/L)": "119.99", "Fluoruros (mg/L)": "0.13", "Nitratos (mg/L)": "3.6", "Nitritos (mg/L)": "0.003", "Ph": "7.41", "SDT (mg/L)": "492", "Sulfatos (mg/L)": "99", "Cloro Total (mg/L)": "0.12", "Conductividad (muS/cm)": "1002", "Temperatura (°C)": "30", "ID": "Ixmiquilpan_Taxadho_Pozo Las Trancas" }, "geometry": { "type": "Point", "coordinates": [ -99.147480540814058, 20.433491822971941 ] } },
{ "type": "Feature", "properties": { "CVEGEO_LOC": "130300066", "AÑO": 2014.0, "NOM_MUN": "Ixmiquilpan", "NOM_LOC": "El Barrido", "Fuente de abastecimiento": "Manantial El Barrido", "Coliformes Totales (Ausencia o Presencia/100mL)": "Presencia", "E. Coli (Ausencia o Presencia/100mL)": "Presencia", "Arsenico (mg/L)": "0.002", "Bario (mg/L)": "0", "Cadmio (mg/L)": null, "Cobre (mg/L)": "0.49", "Hierro (mg/L)": "0.04", "Manganeso (mg/L)": "0", "Plomo (mg/L)": "0.001", "Zinc (mg/L)": "0.05", "Cianuros (mg/L)": "0.004", "Cloro Residual (mg/L)": "0.1", "Cloruros (mg/L)": "23.1", "Dureza Total (mg/L)": "233.33", "Fluoruros (mg/L)": "1.01", "Nitratos (mg/L)": "3.3", "Nitritos (mg/L)": "0.006", "Ph": "7.24", "SDT (mg/L)": "653", "Sulfatos (mg/L)": "116", "Cloro Total (mg/L)": "0", "Conductividad (muS/cm)": "1328", "Temperatura (°C)": "21.7", "ID": "Ixmiquilpan_El Barrido_Manantial El Barrido" }, "geometry": { "type": "Point", "coordinates": [ -99.193579742396622, 20.450189231145959 ] } },
{ "type": "Feature", "properties": { "CVEGEO_LOC": "130300099", "AÑO": 2015.0, "NOM_MUN": "Ixmiquilpan", "NOM_LOC": "Botenguedho", "Fuente de abastecimiento": "Noria", "Coliformes Totales (Ausencia o Presencia/100mL)": "Presencia", "E. Coli (Ausencia o Presencia/100mL)": "Presencia", "Arsenico (mg/L)": "0.035", "Bario (mg/L)": "0.05", "Cadmio (mg/L)": null, "Cobre (mg/L)": "1.3", "Hierro (mg/L)": "1.3", "Manganeso (mg/L)": "0.16", "Plomo (mg/L)": "0.02", "Zinc (mg/L)": "0.2", "Cianuros (mg/L)": "0.25", "Cloro Residual (mg/L)": "0.1", "Cloruros (mg/L)": "30.4", "Dureza Total (mg/L)": "730.33", "Fluoruros (mg/L)": "1.2", "Nitratos (mg/L)": "10.8", "Nitritos (mg/L)": "0.08", "Ph": "7.3", "SDT (mg/L)": "1077", "Sulfatos (mg/L)": "420", "Cloro Total (mg/L)": "0.1", "Conductividad (muS/cm)": "2.15", "Temperatura (°C)": "22.4", "ID": "Ixmiquilpan_Botenguedho_Noria" }, "geometry": { "type": "Point", "coordinates": [ -99.196085358149048, 20.479937370964599 ] } },
{ "type": "Feature", "properties": { "CVEGEO_LOC": "130300099", "AÑO": 2013.0, "NOM_MUN": "Ixmiquilpan", "NOM_LOC": "Botenguedho", "Fuente de abastecimiento": "Noria", "Coliformes Totales (Ausencia o Presencia/100mL)": "Presencia", "E. Coli (Ausencia o Presencia/100mL)": "Presencia", "Arsenico (mg/L)": "0.035", "Bario (mg/L)": "0.05", "Cadmio (mg/L)": null, "Cobre (mg/L)": "1.3", "Hierro (mg/L)": "0.13", "Manganeso (mg/L)": "0.16", "Plomo (mg/L)": "0.02", "Zinc (mg/L)": "0.2", "Cianuros (mg/L)": "0.25", "Cloro Residual (mg/L)": "0.1", "Cloruros (mg/L)": "30.4", "Dureza Total (mg/L)": "730.33", "Fluoruros (mg/L)": "1.2", "Nitratos (mg/L)": "10.8", "Nitritos (mg/L)": "0.08", "Ph": "7.3", "SDT (mg/L)": "1077", "Sulfatos (mg/L)": "420", "Cloro Total (mg/L)": "0.1", "Conductividad (muS/cm)": "2.15", "Temperatura (°C)": "22.4", "ID": "Ixmiquilpan_Botenguedho_Noria" }, "geometry": { "type": "Point", "coordinates": [ -99.196085358149048, 20.479937370964599 ] } },
{ "type": "Feature", "properties": { "CVEGEO_LOC": "130300113", "AÑO": 2023.0, "NOM_MUN": "Ixmiquilpan", "NOM_LOC": "La Huerta Capula", "Fuente de abastecimiento": "Pozo La Huerta", "Coliformes Totales (Ausencia o Presencia/100mL)": "Presencia", "E. Coli (Ausencia o Presencia/100mL)": "Ausencia", "Arsenico (mg/L)": "0", "Bario (mg/L)": "0", "Cadmio (mg/L)": "0", "Cobre (mg/L)": "1.22", "Hierro (mg/L)": "0.08", "Manganeso (mg/L)": "0", "Plomo (mg/L)": "0", "Zinc (mg/L)": "0.04", "Cianuros (mg/L)": "0.246", "Cloro Residual (mg/L)": "0.08", "Cloruros (mg/L)": "80.4", "Dureza Total (mg/L)": "433.32", "Fluoruros (mg/L)": "0.3", "Nitratos (mg/L)": "9.6", "Nitritos (mg/L)": "0.009", "Ph": "6.9", "SDT (mg/L)": "1975", "Sulfatos (mg/L)": "560", "Cloro Total (mg/L)": "0.22", "Conductividad (muS/cm)": "3.85", "Temperatura (°C)": "25.8", "ID": "Ixmiquilpan_La Huerta Capula_Pozo La Huerta" }, "geometry": { "type": "Point", "coordinates": [ -99.121329656340862, 20.497958271884059 ] } },
{ "type": "Feature", "properties": { "CVEGEO_LOC": "1303001370026800", "AÑO": 2017.0, "NOM_MUN": "Ixmiquilpan", "NOM_LOC": "Santa Ana (Barrio de Progreso)", "Fuente de abastecimiento": "Pozo el Progreso", "Coliformes Totales (Ausencia o Presencia/100mL)": "Presencia", "E. Coli (Ausencia o Presencia/100mL)": "Presencia", "Arsenico (mg/L)": "0", "Bario (mg/L)": "0", "Cadmio (mg/L)": "ND", "Cobre (mg/L)": "0.19", "Hierro (mg/L)": "0", "Manganeso (mg/L)": "0.1", "Plomo (mg/L)": "0", "Zinc (mg/L)": "0", "Cianuros (mg/L)": "28", "Cloro Residual (mg/L)": "0", "Cloruros (mg/L)": "36.7", "Dureza Total (mg/L)": "219.9", "Fluoruros (mg/L)": "0.04", "Nitratos (mg/L)": "45689", "Nitritos (mg/L)": "2", "Ph": "6.77", "SDT (mg/L)": "762", "Sulfatos (mg/L)": "40", "Cloro Total (mg/L)": "0.19", "Conductividad (muS/cm)": "ND", "Temperatura (°C)": "ND", "ID": "Ixmiquilpan_Santa Ana (Barrio de Progreso)_Pozo el Progreso" }, "geometry": { "type": "Point", "coordinates": [ -99.237675295295176, 20.488118006676004 ] } },
{ "type": "Feature", "properties": { "CVEGEO_LOC": "130300147", "AÑO": 2023.0, "NOM_MUN": "Ixmiquilpan", "NOM_LOC": "Barrio Los Martínez", "Fuente de abastecimiento": "Pozo Fitzhi", "Coliformes Totales (Ausencia o Presencia/100mL)": "Presencia", "E. Coli (Ausencia o Presencia/100mL)": "Ausencia", "Arsenico (mg/L)": "0", "Bario (mg/L)": "0", "Cadmio (mg/L)": "0", "Cobre (mg/L)": "0.6", "Hierro (mg/L)": "1.78", "Manganeso (mg/L)": "0", "Plomo (mg/L)": "0", "Zinc (mg/L)": "0.04", "Cianuros (mg/L)": "3", "Cloro Residual (mg/L)": "0.15", "Cloruros (mg/L)": "95.6", "Dureza Total (mg/L)": "235.55", "Fluoruros (mg/L)": "0.27", "Nitratos (mg/L)": "0.6", "Nitritos (mg/L)": "4", "Ph": "6.88", "SDT (mg/L)": "794", "Sulfatos (mg/L)": "120", "Cloro Total (mg/L)": "0", "Conductividad (muS/cm)": "1639", "Temperatura (°C)": "45920", "ID": "Ixmiquilpan_Barrio Los Martínez_Pozo Fitzhi" }, "geometry": { "type": "Point", "coordinates": [ -99.225944125918318, 20.547034695752302 ] } },
{ "type": "Feature", "properties": { "CVEGEO_LOC": "130310001", "AÑO": 2012.0, "NOM_MUN": "Jacala de Ledezma", "NOM_LOC": "Jacala", "Fuente de abastecimiento": "Manantial Ameyalot", "Coliformes Totales (Ausencia o Presencia/100mL)": "Presencia", "E. Coli (Ausencia o Presencia/100mL)": "Presencia", "Arsenico (mg/L)": "0.015", "Bario (mg/L)": null, "Cadmio (mg/L)": null, "Cobre (mg/L)": "0.623", "Hierro (mg/L)": "0.07", "Manganeso (mg/L)": "0.075", "Plomo (mg/L)": "0", "Zinc (mg/L)": "0.056", "Cianuros (mg/L)": "0.005", "Cloro Residual (mg/L)": null, "Cloruros (mg/L)": "70", "Dureza Total (mg/L)": "139.9986", "Fluoruros (mg/L)": "0.1", "Nitratos (mg/L)": "3.5", "Nitritos (mg/L)": "0.0168", "Ph": "8.22", "SDT (mg/L)": "113.8", "Sulfatos (mg/L)": "7.5", "Cloro Total (mg/L)": "0", "Conductividad (muS/cm)": "221", "Temperatura (°C)": "21.7", "ID": "Jacala de Ledezma_Jacala_Manantial Ameyalot" }, "geometry": { "type": "Point", "coordinates": [ -99.189308693920438, 21.003600561669661 ] } },
{ "type": "Feature", "properties": { "CVEGEO_LOC": "130310003", "AÑO": 2016.0, "NOM_MUN": "Jacala de Ledezma", "NOM_LOC": "Agua Fria Grande", "Fuente de abastecimiento": "Manantial El Molino", "Coliformes Totales (Ausencia o Presencia/100mL)": "Presencia", "E. Coli (Ausencia o Presencia/100mL)": "Ausencia", "Arsenico (mg/L)": "0", "Bario (mg/L)": "0", "Cadmio (mg/L)": "ND", "Cobre (mg/L)": "0", "Hierro (mg/L)": "0", "Manganeso (mg/L)": "0", "Plomo (mg/L)": "0", "Zinc (mg/L)": "0.09", "Cianuros (mg/L)": "0", "Cloro Residual (mg/L)": "0", "Cloruros (mg/L)": "45721", "Dureza Total (mg/L)": "357.77", "Fluoruros (mg/L)": "0.13", "Nitratos (mg/L)": "45748", "Nitritos (mg/L)": "4", "Ph": "7.53", "SDT (mg/L)": "302", "Sulfatos (mg/L)": "4", "Cloro Total (mg/L)": "0", "Conductividad (muS/cm)": "468", "Temperatura (°C)": "26", "ID": "Jacala de Ledezma_Agua Fria Grande_Manantial El Molino" }, "geometry": { "type": "Point", "coordinates": [ -99.209818957874575, 20.975135118294538 ] } },
{ "type": "Feature", "properties": { "CVEGEO_LOC": "130310020", "AÑO": 2016.0, "NOM_MUN": "Jacala de Ledezma", "NOM_LOC": "Minas Viejas", "Fuente de abastecimiento": "Manantial Encarnación", "Coliformes Totales (Ausencia o Presencia/100mL)": "Presencia", "E. Coli (Ausencia o Presencia/100mL)": "Presencia", "Arsenico (mg/L)": "0", "Bario (mg/L)": "0", "Cadmio (mg/L)": "ND", "Cobre (mg/L)": "0", "Hierro (mg/L)": "0", "Manganeso (mg/L)": "0", "Plomo (mg/L)": "0", "Zinc (mg/L)": "0.53", "Cianuros (mg/L)": "1", "Cloro Residual (mg/L)": "0", "Cloruros (mg/L)": "45721", "Dureza Total (mg/L)": "184.44", "Fluoruros (mg/L)": "0", "Nitratos (mg/L)": "1", "Nitritos (mg/L)": "3", "Ph": "8.14", "SDT (mg/L)": "176.9", "Sulfatos (mg/L)": "2", "Cloro Total (mg/L)": "0", "Conductividad (muS/cm)": "584", "Temperatura (°C)": "45829", "ID": "Jacala de Ledezma_Minas Viejas_Manantial Encarnación" }, "geometry": { "type": "Point", "coordinates": [ -99.206970884171142, 20.923494257859648 ] } },
{ "type": "Feature", "properties": { "CVEGEO_LOC": "130310023", "AÑO": 2014.0, "NOM_MUN": "Jacala de Ledezma", "NOM_LOC": "La Palma", "Fuente de abastecimiento": "Manantial Ushi", "Coliformes Totales (Ausencia o Presencia/100mL)": "Presencia", "E. Coli (Ausencia o Presencia/100mL)": "Presencia", "Arsenico (mg/L)": "0", "Bario (mg/L)": "0", "Cadmio (mg/L)": null, "Cobre (mg/L)": "0.52", "Hierro (mg/L)": "0.01", "Manganeso (mg/L)": "0", "Plomo (mg/L)": "0.01", "Zinc (mg/L)": "0.03", "Cianuros (mg/L)": "0.003", "Cloro Residual (mg/L)": "0.1", "Cloruros (mg/L)": "29.1", "Dureza Total (mg/L)": "353.32", "Fluoruros (mg/L)": "0.28", "Nitratos (mg/L)": "0.8", "Nitritos (mg/L)": "0.004", "Ph": "7.24", "SDT (mg/L)": "345", "Sulfatos (mg/L)": "94", "Cloro Total (mg/L)": "0", "Conductividad (muS/cm)": "685.2", "Temperatura (°C)": "26.5", "ID": "Jacala de Ledezma_La Palma_Manantial Ushi" }, "geometry": { "type": "Point", "coordinates": [ -99.061868842023358, 20.874835216655619 ] } },
{ "type": "Feature", "properties": { "CVEGEO_LOC": "130310033", "AÑO": 2014.0, "NOM_MUN": "Jacala de Ledezma", "NOM_LOC": "San Nicolás", "Fuente de abastecimiento": "Manantial El Molino", "Coliformes Totales (Ausencia o Presencia/100mL)": "Presencia", "E. Coli (Ausencia o Presencia/100mL)": "Ausencia", "Arsenico (mg/L)": "0", "Bario (mg/L)": "0.01", "Cadmio (mg/L)": null, "Cobre (mg/L)": "0.94", "Hierro (mg/L)": "0.06", "Manganeso (mg/L)": "0.1", "Plomo (mg/L)": "0.01", "Zinc (mg/L)": "0.07", "Cianuros (mg/L)": "0.003", "Cloro Residual (mg/L)": "0.1", "Cloruros (mg/L)": "1.6", "Dureza Total (mg/L)": "102.22", "Fluoruros (mg/L)": "0", "Nitratos (mg/L)": "0.9", "Nitritos (mg/L)": "0.001", "Ph": "7.8", "SDT (mg/L)": "100.4", "Sulfatos (mg/L)": "0.5", "Cloro Total (mg/L)": "0.1", "Conductividad (muS/cm)": "197.3", "Temperatura (°C)": "23.9", "ID": "Jacala de Ledezma_San Nicolás_Manantial El Molino" }, "geometry": { "type": "Point", "coordinates": [ -99.162338697501497, 20.945732285655346 ] } },
{ "type": "Feature", "properties": { "CVEGEO_LOC": "130310033", "AÑO": 2013.0, "NOM_MUN": "Jacala de Ledezma", "NOM_LOC": "San Nicolás", "Fuente de abastecimiento": "Tanque San Nicolás", "Coliformes Totales (Ausencia o Presencia/100mL)": "Presencia", "E. Coli (Ausencia o Presencia/100mL)": "Presencia", "Arsenico (mg/L)": "0", "Bario (mg/L)": "0", "Cadmio (mg/L)": null, "Cobre (mg/L)": "0.3", "Hierro (mg/L)": "0.01", "Manganeso (mg/L)": "0.03", "Plomo (mg/L)": "0", "Zinc (mg/L)": "0.03", "Cianuros (mg/L)": "0.002", "Cloro Residual (mg/L)": "0.1", "Cloruros (mg/L)": "75.2", "Dureza Total (mg/L)": "236.66", "Fluoruros (mg/L)": "0.2", "Nitratos (mg/L)": "1.1", "Nitritos (mg/L)": "0.01", "Ph": "7.5", "SDT (mg/L)": "242", "Sulfatos (mg/L)": "131", "Cloro Total (mg/L)": "0.02", "Conductividad (muS/cm)": "476", "Temperatura (°C)": "16.5", "ID": "Jacala de Ledezma_San Nicolás_Tanque San Nicolás" }, "geometry": { "type": "Point", "coordinates": [ -99.166443896738883, 20.944553369294795 ] } },
{ "type": "Feature", "properties": { "CVEGEO_LOC": "130310033", "AÑO": 2015.0, "NOM_MUN": "Jacala de Ledezma", "NOM_LOC": "San Nicolás", "Fuente de abastecimiento": "Tanque San Nicolás", "Coliformes Totales (Ausencia o Presencia/100mL)": "Presencia", "E. Coli (Ausencia o Presencia/100mL)": "Presencia", "Arsenico (mg/L)": "0", "Bario (mg/L)": "0", "Cadmio (mg/L)": null, "Cobre (mg/L)": "0.3", "Hierro (mg/L)": "0.01", "Manganeso (mg/L)": "0.03", "Plomo (mg/L)": "0", "Zinc (mg/L)": "0.03", "Cianuros (mg/L)": "0.002", "Cloro Residual (mg/L)": "0.1", "Cloruros (mg/L)": "75.2", "Dureza Total (mg/L)": "236.66", "Fluoruros (mg/L)": "0.2", "Nitratos (mg/L)": "1.1", "Nitritos (mg/L)": "0.01", "Ph": "7.5", "SDT (mg/L)": "242", "Sulfatos (mg/L)": "131", "Cloro Total (mg/L)": "0.02", "Conductividad (muS/cm)": "476", "Temperatura (°C)": null, "ID": "Jacala de Ledezma_San Nicolás_Tanque San Nicolás" }, "geometry": { "type": "Point", "coordinates": [ -99.166443896738883, 20.944553369294795 ] } },
{ "type": "Feature", "properties": { "CVEGEO_LOC": "1303100460042800", "AÑO": 2012.0, "NOM_MUN": "Jacala de Ledezma", "NOM_LOC": "Puerto de la Zorra", "Fuente de abastecimiento": "Manantial Juárez", "Coliformes Totales (Ausencia o Presencia/100mL)": "Presencia", "E. Coli (Ausencia o Presencia/100mL)": "Presencia", "Arsenico (mg/L)": "0.017", "Bario (mg/L)": null, "Cadmio (mg/L)": null, "Cobre (mg/L)": "0.761", "Hierro (mg/L)": "0.025", "Manganeso (mg/L)": "0.075", "Plomo (mg/L)": "0", "Zinc (mg/L)": "0.045", "Cianuros (mg/L)": "0.003", "Cloro Residual (mg/L)": "0.11", "Cloruros (mg/L)": "76.25", "Dureza Total (mg/L)": "288.8866", "Fluoruros (mg/L)": "0.3", "Nitratos (mg/L)": "2", "Nitritos (mg/L)": "0.0117", "Ph": "8.26", "SDT (mg/L)": "242", "Sulfatos (mg/L)": "100", "Cloro Total (mg/L)": "0.04", "Conductividad (muS/cm)": "474", "Temperatura (°C)": "22.4", "ID": "Jacala de Ledezma_Puerto de la Zorra_Manantial Juárez" }, "geometry": { "type": "Point", "coordinates": [ -99.133374477599432, 21.024788146018835 ] } },
{ "type": "Feature", "properties": { "CVEGEO_LOC": "1303100630042800", "AÑO": 2013.0, "NOM_MUN": "Jacala de Ledezma", "NOM_LOC": "El Aguaje", "Fuente de abastecimiento": "Tanque El Aguaje", "Coliformes Totales (Ausencia o Presencia/100mL)": "Presencia", "E. Coli (Ausencia o Presencia/100mL)": "Presencia", "Arsenico (mg/L)": "0", "Bario (mg/L)": "0", "Cadmio (mg/L)": null, "Cobre (mg/L)": "0.1", "Hierro (mg/L)": "0.01", "Manganeso (mg/L)": "0.02", "Plomo (mg/L)": "0", "Zinc (mg/L)": "0.02", "Cianuros (mg/L)": "0.001", "Cloro Residual (mg/L)": "0.01", "Cloruros (mg/L)": "80", "Dureza Total (mg/L)": "186.51", "Fluoruros (mg/L)": "0", "Nitratos (mg/L)": "1", "Nitritos (mg/L)": "0", "Ph": "7.45", "SDT (mg/L)": "161.1", "Sulfatos (mg/L)": "141.5", "Cloro Total (mg/L)": "0.01", "Conductividad (muS/cm)": "386", "Temperatura (°C)": "17", "ID": "Jacala de Ledezma_El Aguaje_Tanque El Aguaje" }, "geometry": { "type": "Point", "coordinates": [ -99.188253323683881, 20.998736679516369 ] } },
{ "type": "Feature", "properties": { "CVEGEO_LOC": "1303100630042800", "AÑO": 2015.0, "NOM_MUN": "Jacala de Ledezma", "NOM_LOC": "El Aguaje", "Fuente de abastecimiento": "Tanque El Aguaje", "Coliformes Totales (Ausencia o Presencia/100mL)": "Presencia", "E. Coli (Ausencia o Presencia/100mL)": "Presencia", "Arsenico (mg/L)": "0", "Bario (mg/L)": "0", "Cadmio (mg/L)": null, "Cobre (mg/L)": "0.1", "Hierro (mg/L)": "0.01", "Manganeso (mg/L)": "0.02", "Plomo (mg/L)": "0", "Zinc (mg/L)": "0.02", "Cianuros (mg/L)": "0.001", "Cloro Residual (mg/L)": "0.01", "Cloruros (mg/L)": "80", "Dureza Total (mg/L)": "186.51", "Fluoruros (mg/L)": "0", "Nitratos (mg/L)": "1", "Nitritos (mg/L)": "0", "Ph": "7.45", "SDT (mg/L)": "161.1", "Sulfatos (mg/L)": "141.5", "Cloro Total (mg/L)": "0.01", "Conductividad (muS/cm)": "386", "Temperatura (°C)": "17", "ID": "Jacala de Ledezma_El Aguaje_Tanque El Aguaje" }, "geometry": { "type": "Point", "coordinates": [ -99.188253323683881, 20.998736679516369 ] } },
{ "type": "Feature", "properties": { "CVEGEO_LOC": "130320001", "AÑO": 2016.0, "NOM_MUN": "Jaltocán", "NOM_LOC": "Jaltocán", "Fuente de abastecimiento": "Cárcamo La Capilla", "Coliformes Totales (Ausencia o Presencia/100mL)": "Presencia", "E. Coli (Ausencia o Presencia/100mL)": "Ausencia", "Arsenico (mg/L)": "0", "Bario (mg/L)": "0", "Cadmio (mg/L)": "ND", "Cobre (mg/L)": "0.04", "Hierro (mg/L)": "0.04", "Manganeso (mg/L)": "0", "Plomo (mg/L)": "0", "Zinc (mg/L)": "0", "Cianuros (mg/L)": "22", "Cloro Residual (mg/L)": "0", "Cloruros (mg/L)": "45791", "Dureza Total (mg/L)": "372.22", "Fluoruros (mg/L)": "0.53", "Nitratos (mg/L)": "0.12", "Nitritos (mg/L)": "3", "Ph": "6.97", "SDT (mg/L)": "121", "Sulfatos (mg/L)": "59", "Cloro Total (mg/L)": "0", "Conductividad (muS/cm)": "278", "Temperatura (°C)": "45682", "ID": "Jaltocán_Jaltocán_Cárcamo La Capilla" }, "geometry": { "type": "Point", "coordinates": [ -98.535807588855135, 21.136185802602775 ] } },
{ "type": "Feature", "properties": { "CVEGEO_LOC": "130320001", "AÑO": 2013.0, "NOM_MUN": "Jaltocán", "NOM_LOC": "Jaltocán", "Fuente de abastecimiento": "Manantial \"Capilla\"", "Coliformes Totales (Ausencia o Presencia/100mL)": "Presencia", "E. Coli (Ausencia o Presencia/100mL)": "Ausencia", "Arsenico (mg/L)": "0", "Bario (mg/L)": "0", "Cadmio (mg/L)": null, "Cobre (mg/L)": "0", "Hierro (mg/L)": "0.01", "Manganeso (mg/L)": "0.01", "Plomo (mg/L)": "0", "Zinc (mg/L)": "0.03", "Cianuros (mg/L)": "0.001", "Cloro Residual (mg/L)": "0.1", "Cloruros (mg/L)": "80", "Dureza Total (mg/L)": "200.22", "Fluoruros (mg/L)": "0.1", "Nitratos (mg/L)": "1.1", "Nitritos (mg/L)": "0.01", "Ph": "6.68", "SDT (mg/L)": "56.5", "Sulfatos (mg/L)": "14", "Cloro Total (mg/L)": "0.1", "Conductividad (muS/cm)": "809", "Temperatura (°C)": "19.1", "ID": "Jaltocán_Jaltocán_Manantial \"Capilla\"" }, "geometry": { "type": "Point", "coordinates": [ -98.538104164649212, 21.133052447314228 ] } },
{ "type": "Feature", "properties": { "CVEGEO_LOC": "130320001", "AÑO": 2012.0, "NOM_MUN": "Jaltocán", "NOM_LOC": "Jaltocán", "Fuente de abastecimiento": "Manantial Barrio Sta. María", "Coliformes Totales (Ausencia o Presencia/100mL)": "Presencia", "E. Coli (Ausencia o Presencia/100mL)": "Ausencia", "Arsenico (mg/L)": "0.001", "Bario (mg/L)": null, "Cadmio (mg/L)": null, "Cobre (mg/L)": "0.503", "Hierro (mg/L)": "0.183", "Manganeso (mg/L)": null, "Plomo (mg/L)": "0", "Zinc (mg/L)": "0.046", "Cianuros (mg/L)": "0.005", "Cloro Residual (mg/L)": "0.3", "Cloruros (mg/L)": "47.25", "Dureza Total (mg/L)": "126.6654", "Fluoruros (mg/L)": "0.14", "Nitratos (mg/L)": "3.3", "Nitritos (mg/L)": "0.0082", "Ph": "7.47", "SDT (mg/L)": "87.5", "Sulfatos (mg/L)": "22.5", "Cloro Total (mg/L)": "0.36", "Conductividad (muS/cm)": "181.3", "Temperatura (°C)": "26.6", "ID": "Jaltocán_Jaltocán_Manantial Barrio Sta. María" }, "geometry": { "type": "Point", "coordinates": [ -98.538833358769466, 21.130206922927009 ] } },
{ "type": "Feature", "properties": { "CVEGEO_LOC": "130320001", "AÑO": 2015.0, "NOM_MUN": "Jaltocán", "NOM_LOC": "Jaltocán", "Fuente de abastecimiento": "Manantial Capilla", "Coliformes Totales (Ausencia o Presencia/100mL)": "Presencia", "E. Coli (Ausencia o Presencia/100mL)": "Ausencia", "Arsenico (mg/L)": "0", "Bario (mg/L)": "0", "Cadmio (mg/L)": null, "Cobre (mg/L)": "0", "Hierro (mg/L)": "0.01", "Manganeso (mg/L)": "0.01", "Plomo (mg/L)": "0", "Zinc (mg/L)": "0.03", "Cianuros (mg/L)": "0.001", "Cloro Residual (mg/L)": "0.1", "Cloruros (mg/L)": "80", "Dureza Total (mg/L)": "200.22", "Fluoruros (mg/L)": "0.1", "Nitratos (mg/L)": "1.1", "Nitritos (mg/L)": "0.01", "Ph": "6.68", "SDT (mg/L)": "56.5", "Sulfatos (mg/L)": "14", "Cloro Total (mg/L)": "0.1", "Conductividad (muS/cm)": "809", "Temperatura (°C)": "19.1", "ID": "Jaltocán_Jaltocán_Manantial Capilla" }, "geometry": { "type": "Point", "coordinates": [ -98.540767513933986, 21.127660108657658 ] } },
{ "type": "Feature", "properties": { "CVEGEO_LOC": "130320001", "AÑO": 2014.0, "NOM_MUN": "Jaltocán", "NOM_LOC": "Jaltocán", "Fuente de abastecimiento": "Noria La Peña", "Coliformes Totales (Ausencia o Presencia/100mL)": "Presencia", "E. Coli (Ausencia o Presencia/100mL)": "Presencia", "Arsenico (mg/L)": "0", "Bario (mg/L)": "0", "Cadmio (mg/L)": null, "Cobre (mg/L)": "0.62", "Hierro (mg/L)": "0.16", "Manganeso (mg/L)": "0.1", "Plomo (mg/L)": "0", "Zinc (mg/L)": "0.06", "Cianuros (mg/L)": "0.003", "Cloro Residual (mg/L)": "0.3", "Cloruros (mg/L)": "8.7", "Dureza Total (mg/L)": "333.33", "Fluoruros (mg/L)": "0", "Nitratos (mg/L)": "4.6", "Nitritos (mg/L)": "0.016", "Ph": "7.05", "SDT (mg/L)": "321", "Sulfatos (mg/L)": "48", "Cloro Total (mg/L)": "0.4", "Conductividad (muS/cm)": "346", "Temperatura (°C)": "28.9", "ID": "Jaltocán_Jaltocán_Noria La Peña" }, "geometry": { "type": "Point", "coordinates": [ -98.542294692255467, 21.128380344752962 ] } },
{ "type": "Feature", "properties": { "CVEGEO_LOC": "130320001", "AÑO": 2014.0, "NOM_MUN": "Jaltocán", "NOM_LOC": "Jaltocán", "Fuente de abastecimiento": "Pozo Amelkexpa", "Coliformes Totales (Ausencia o Presencia/100mL)": "Presencia", "E. Coli (Ausencia o Presencia/100mL)": "Ausencia", "Arsenico (mg/L)": "0", "Bario (mg/L)": "0", "Cadmio (mg/L)": null, "Cobre (mg/L)": "0.79", "Hierro (mg/L)": "0.2", "Manganeso (mg/L)": "0.1", "Plomo (mg/L)": "0", "Zinc (mg/L)": "0.06", "Cianuros (mg/L)": "0.003", "Cloro Residual (mg/L)": "0.1", "Cloruros (mg/L)": "9.2", "Dureza Total (mg/L)": "182.22", "Fluoruros (mg/L)": "0.17", "Nitratos (mg/L)": "8.4", "Nitritos (mg/L)": "0.003", "Ph": "7.05", "SDT (mg/L)": "180.7", "Sulfatos (mg/L)": "9", "Cloro Total (mg/L)": "0", "Conductividad (muS/cm)": "190.1", "Temperatura (°C)": "27.3", "ID": "Jaltocán_Jaltocán_Pozo Amelkexpa" }, "geometry": { "type": "Point", "coordinates": [ -98.542055369893063, 21.130755807937227 ] } },
{ "type": "Feature", "properties": { "CVEGEO_LOC": "130320001", "AÑO": 2013.0, "NOM_MUN": "Jaltocán", "NOM_LOC": "Jaltocán", "Fuente de abastecimiento": "Tanque de Almacenamiento", "Coliformes Totales (Ausencia o Presencia/100mL)": "Presencia", "E. Coli (Ausencia o Presencia/100mL)": "Ausencia", "Arsenico (mg/L)": "0", "Bario (mg/L)": "0", "Cadmio (mg/L)": null, "Cobre (mg/L)": "0", "Hierro (mg/L)": "0.02", "Manganeso (mg/L)": "0.01", "Plomo (mg/L)": "0", "Zinc (mg/L)": "0.04", "Cianuros (mg/L)": "0.001", "Cloro Residual (mg/L)": "0.1", "Cloruros (mg/L)": "75", "Dureza Total (mg/L)": "189.99", "Fluoruros (mg/L)": "0.1", "Nitratos (mg/L)": "1", "Nitritos (mg/L)": "0.01", "Ph": "7.61", "SDT (mg/L)": "89.9", "Sulfatos (mg/L)": "7.4", "Cloro Total (mg/L)": "0.1", "Conductividad (muS/cm)": "154.7", "Temperatura (°C)": "26.4", "ID": "Jaltocán_Jaltocán_Tanque de Almacenamiento" }, "geometry": { "type": "Point", "coordinates": [ -98.54090637723624, 21.133917377212029 ] } },
{ "type": "Feature", "properties": { "CVEGEO_LOC": "130320001", "AÑO": 2015.0, "NOM_MUN": "Jaltocán", "NOM_LOC": "Jaltocán", "Fuente de abastecimiento": "Tanque de Almacenamiento 0.1", "Coliformes Totales (Ausencia o Presencia/100mL)": "Presencia", "E. Coli (Ausencia o Presencia/100mL)": "Ausencia", "Arsenico (mg/L)": "0", "Bario (mg/L)": "0", "Cadmio (mg/L)": null, "Cobre (mg/L)": "0", "Hierro (mg/L)": "0.02", "Manganeso (mg/L)": "0.01", "Plomo (mg/L)": "0", "Zinc (mg/L)": "0.04", "Cianuros (mg/L)": "0.001", "Cloro Residual (mg/L)": "0.1", "Cloruros (mg/L)": "75", "Dureza Total (mg/L)": "189.99", "Fluoruros (mg/L)": "0.1", "Nitratos (mg/L)": "1", "Nitritos (mg/L)": "0.01", "Ph": "7.61", "SDT (mg/L)": "89.9", "Sulfatos (mg/L)": "74", "Cloro Total (mg/L)": "0.1", "Conductividad (muS/cm)": "154.7", "Temperatura (°C)": "26.4", "ID": "Jaltocán_Jaltocán_Tanque de Almacenamiento 0.1" }, "geometry": { "type": "Point", "coordinates": [ -98.53853770315159, 21.13643473206788 ] } },
{ "type": "Feature", "properties": { "CVEGEO_LOC": "130320005", "AÑO": 2012.0, "NOM_MUN": "Jaltocán", "NOM_LOC": "El Chote", "Fuente de abastecimiento": "Tanque San Nicolás", "Coliformes Totales (Ausencia o Presencia/100mL)": "Presencia", "E. Coli (Ausencia o Presencia/100mL)": "Presencia", "Arsenico (mg/L)": "0.001", "Bario (mg/L)": null, "Cadmio (mg/L)": null, "Cobre (mg/L)": "0.439", "Hierro (mg/L)": "0.145", "Manganeso (mg/L)": null, "Plomo (mg/L)": "0", "Zinc (mg/L)": "0.022", "Cianuros (mg/L)": "0.004", "Cloro Residual (mg/L)": "0.05", "Cloruros (mg/L)": "56", "Dureza Total (mg/L)": "299.997", "Fluoruros (mg/L)": "0.13", "Nitratos (mg/L)": "1.3", "Nitritos (mg/L)": "0.0384", "Ph": "7.08", "SDT (mg/L)": "292", "Sulfatos (mg/L)": "20", "Cloro Total (mg/L)": "0.08", "Conductividad (muS/cm)": "594", "Temperatura (°C)": "27.9", "ID": "Jaltocán_El Chote_Tanque San Nicolás" }, "geometry": { "type": "Point", "coordinates": [ -98.507673950570421, 21.153020624861867 ] } },
{ "type": "Feature", "properties": { "CVEGEO_LOC": "1303200260016800", "AÑO": 2016.0, "NOM_MUN": "Jaltocán", "NOM_LOC": "Revolución Mexicana", "Fuente de abastecimiento": "Cárcamo Revolución Mexicana", "Coliformes Totales (Ausencia o Presencia/100mL)": "Presencia", "E. Coli (Ausencia o Presencia/100mL)": "Ausencia", "Arsenico (mg/L)": "0", "Bario (mg/L)": "0", "Cadmio (mg/L)": "ND", "Cobre (mg/L)": "0.76", "Hierro (mg/L)": "0", "Manganeso (mg/L)": "0", "Plomo (mg/L)": "0", "Zinc (mg/L)": "0.03", "Cianuros (mg/L)": "1", "Cloro Residual (mg/L)": "0", "Cloruros (mg/L)": "45787", "Dureza Total (mg/L)": "166.66", "Fluoruros (mg/L)": "0.13", "Nitratos (mg/L)": "45809", "Nitritos (mg/L)": "4", "Ph": "45907", "SDT (mg/L)": "176.66", "Sulfatos (mg/L)": "45701", "Cloro Total (mg/L)": "0", "Conductividad (muS/cm)": "247", "Temperatura (°C)": "45777", "ID": "Jaltocán_Revolución Mexicana_Cárcamo Revolución Mexicana" }, "geometry": { "type": "Point", "coordinates": [ -98.522435775885981, 21.14605179186249 ] } },
{ "type": "Feature", "properties": { "CVEGEO_LOC": "130330001", "AÑO": 2013.0, "NOM_MUN": "Juárez Hidalgo", "NOM_LOC": "Juárez Hidalgo", "Fuente de abastecimiento": "Manantial \"El Arenal\"", "Coliformes Totales (Ausencia o Presencia/100mL)": "Presencia", "E. Coli (Ausencia o Presencia/100mL)": "Ausencia", "Arsenico (mg/L)": "0", "Bario (mg/L)": "0", "Cadmio (mg/L)": null, "Cobre (mg/L)": "0.2", "Hierro (mg/L)": "0", "Manganeso (mg/L)": "0", "Plomo (mg/L)": "0", "Zinc (mg/L)": "0.04", "Cianuros (mg/L)": "0.002", "Cloro Residual (mg/L)": "0.01", "Cloruros (mg/L)": "71.9", "Dureza Total (mg/L)": "65.9", "Fluoruros (mg/L)": "0.3", "Nitratos (mg/L)": "0.2", "Nitritos (mg/L)": "0", "Ph": "7.2", "SDT (mg/L)": "86.4", "Sulfatos (mg/L)": "20.4", "Cloro Total (mg/L)": "0.02", "Conductividad (muS/cm)": "227", "Temperatura (°C)": "21.1", "ID": "Juárez Hidalgo_Juárez Hidalgo_Manantial \"El Arenal\"" }, "geometry": { "type": "Point", "coordinates": [ -98.829383352356118, 20.786537122907223 ] } },
{ "type": "Feature", "properties": { "CVEGEO_LOC": "130330001", "AÑO": 2013.0, "NOM_MUN": "Juárez Hidalgo", "NOM_LOC": "Juárez Hidalgo", "Fuente de abastecimiento": "Manantial \"La Fuente\"", "Coliformes Totales (Ausencia o Presencia/100mL)": "Presencia", "E. Coli (Ausencia o Presencia/100mL)": "Ausencia", "Arsenico (mg/L)": "0", "Bario (mg/L)": "0", "Cadmio (mg/L)": null, "Cobre (mg/L)": "0.3", "Hierro (mg/L)": "0", "Manganeso (mg/L)": "0", "Plomo (mg/L)": "0", "Zinc (mg/L)": "0.05", "Cianuros (mg/L)": "0.001", "Cloro Residual (mg/L)": "0", "Cloruros (mg/L)": "60.1", "Dureza Total (mg/L)": "60.12", "Fluoruros (mg/L)": "0.4", "Nitratos (mg/L)": "0.2", "Nitritos (mg/L)": "0", "Ph": "7.45", "SDT (mg/L)": "79.01", "Sulfatos (mg/L)": "14.1", "Cloro Total (mg/L)": "0", "Conductividad (muS/cm)": "182.4", "Temperatura (°C)": "19.2", "ID": "Juárez Hidalgo_Juárez Hidalgo_Manantial \"La Fuente\"" }, "geometry": { "type": "Point", "coordinates": [ -98.828031118629525, 20.784426673489548 ] } },
{ "type": "Feature", "properties": { "CVEGEO_LOC": "130330001", "AÑO": 2014.0, "NOM_MUN": "Juárez Hidalgo", "NOM_LOC": "Juárez Hidalgo", "Fuente de abastecimiento": "Manantial Cerro de Buenavista", "Coliformes Totales (Ausencia o Presencia/100mL)": "Presencia", "E. Coli (Ausencia o Presencia/100mL)": "Ausencia", "Arsenico (mg/L)": "0", "Bario (mg/L)": "0", "Cadmio (mg/L)": null, "Cobre (mg/L)": "0.01", "Hierro (mg/L)": "0.002", "Manganeso (mg/L)": "0", "Plomo (mg/L)": "0", "Zinc (mg/L)": "0.03", "Cianuros (mg/L)": "0", "Cloro Residual (mg/L)": "0", "Cloruros (mg/L)": "2.6", "Dureza Total (mg/L)": "22.22", "Fluoruros (mg/L)": "0.02", "Nitratos (mg/L)": "0.7", "Nitritos (mg/L)": "0.003", "Ph": "7.13", "SDT (mg/L)": "67.2", "Sulfatos (mg/L)": "5", "Cloro Total (mg/L)": "0", "Conductividad (muS/cm)": "65.6", "Temperatura (°C)": "21.2", "ID": "Juárez Hidalgo_Juárez Hidalgo_Manantial Cerro de Buenavista" }, "geometry": { "type": "Point", "coordinates": [ -98.826561175071646, 20.781500674465576 ] } },
{ "type": "Feature", "properties": { "CVEGEO_LOC": "130330001", "AÑO": 2012.0, "NOM_MUN": "Juárez Hidalgo", "NOM_LOC": "Juárez Hidalgo", "Fuente de abastecimiento": "Manantial El Álamo", "Coliformes Totales (Ausencia o Presencia/100mL)": "Presencia", "E. Coli (Ausencia o Presencia/100mL)": "Ausencia", "Arsenico (mg/L)": "0", "Bario (mg/L)": null, "Cadmio (mg/L)": null, "Cobre (mg/L)": "0.503", "Hierro (mg/L)": "0", "Manganeso (mg/L)": null, "Plomo (mg/L)": "0", "Zinc (mg/L)": "0.057", "Cianuros (mg/L)": "0.003", "Cloro Residual (mg/L)": "0.09", "Cloruros (mg/L)": "58.25", "Dureza Total (mg/L)": "59.9994", "Fluoruros (mg/L)": "0.35", "Nitratos (mg/L)": "0.3", "Nitritos (mg/L)": "4e-04", "Ph": "6.6", "SDT (mg/L)": "75.1", "Sulfatos (mg/L)": "2.5", "Cloro Total (mg/L)": "0.06", "Conductividad (muS/cm)": "252.8", "Temperatura (°C)": "20.1", "ID": "Juárez Hidalgo_Juárez Hidalgo_Manantial El Álamo" }, "geometry": { "type": "Point", "coordinates": [ -98.833274602048164, 20.77737291760635 ] } },
{ "type": "Feature", "properties": { "CVEGEO_LOC": "130330001", "AÑO": 2015.0, "NOM_MUN": "Juárez Hidalgo", "NOM_LOC": "Juárez Hidalgo", "Fuente de abastecimiento": "Manantial El Arenal", "Coliformes Totales (Ausencia o Presencia/100mL)": "Presencia", "E. Coli (Ausencia o Presencia/100mL)": "Ausencia", "Arsenico (mg/L)": "0", "Bario (mg/L)": "0", "Cadmio (mg/L)": null, "Cobre (mg/L)": "0.2", "Hierro (mg/L)": "0", "Manganeso (mg/L)": "0", "Plomo (mg/L)": "0", "Zinc (mg/L)": "0.04", "Cianuros (mg/L)": "0.002", "Cloro Residual (mg/L)": "0.01", "Cloruros (mg/L)": "71.9", "Dureza Total (mg/L)": "65.9", "Fluoruros (mg/L)": "0.3", "Nitratos (mg/L)": "0.2", "Nitritos (mg/L)": "0", "Ph": "7.2", "SDT (mg/L)": "86.4", "Sulfatos (mg/L)": "20.4", "Cloro Total (mg/L)": "0.02", "Conductividad (muS/cm)": "227", "Temperatura (°C)": "21.1", "ID": "Juárez Hidalgo_Juárez Hidalgo_Manantial El Arenal" }, "geometry": { "type": "Point", "coordinates": [ -98.829714835656347, 20.779784689138886 ] } },
{ "type": "Feature", "properties": { "CVEGEO_LOC": "130330001", "AÑO": 2016.0, "NOM_MUN": "Juárez Hidalgo", "NOM_LOC": "Juárez Hidalgo", "Fuente de abastecimiento": "Manantial La Campana", "Coliformes Totales (Ausencia o Presencia/100mL)": "Presencia", "E. Coli (Ausencia o Presencia/100mL)": "Presencia", "Arsenico (mg/L)": "0", "Bario (mg/L)": "0", "Cadmio (mg/L)": "ND", "Cobre (mg/L)": "0.18", "Hierro (mg/L)": "0", "Manganeso (mg/L)": "0", "Plomo (mg/L)": "0", "Zinc (mg/L)": "0.08", "Cianuros (mg/L)": "0", "Cloro Residual (mg/L)": "0.01", "Cloruros (mg/L)": "45842", "Dureza Total (mg/L)": "199.99", "Fluoruros (mg/L)": "0.1", "Nitratos (mg/L)": "1", "Nitritos (mg/L)": "1", "Ph": "6.97", "SDT (mg/L)": "184.7", "Sulfatos (mg/L)": "3", "Cloro Total (mg/L)": "0.02", "Conductividad (muS/cm)": "45896", "Temperatura (°C)": "45767", "ID": "Juárez Hidalgo_Juárez Hidalgo_Manantial La Campana" }, "geometry": { "type": "Point", "coordinates": [ -98.834723315123526, 20.779196190987868 ] } },
{ "type": "Feature", "properties": { "CVEGEO_LOC": "130330001", "AÑO": 2014.0, "NOM_MUN": "Juárez Hidalgo", "NOM_LOC": "Juárez Hidalgo", "Fuente de abastecimiento": "Manantial La Campana", "Coliformes Totales (Ausencia o Presencia/100mL)": "Presencia", "E. Coli (Ausencia o Presencia/100mL)": "Ausencia", "Arsenico (mg/L)": "0", "Bario (mg/L)": "0", "Cadmio (mg/L)": null, "Cobre (mg/L)": "0", "Hierro (mg/L)": "0", "Manganeso (mg/L)": "0", "Plomo (mg/L)": "0", "Zinc (mg/L)": "0.03", "Cianuros (mg/L)": "0.001", "Cloro Residual (mg/L)": "0.4", "Cloruros (mg/L)": "1.5", "Dureza Total (mg/L)": "222.22", "Fluoruros (mg/L)": "0", "Nitratos (mg/L)": "0.2", "Nitritos (mg/L)": "0.003", "Ph": "7.31", "SDT (mg/L)": "370", "Sulfatos (mg/L)": "4", "Cloro Total (mg/L)": "0", "Conductividad (muS/cm)": "365", "Temperatura (°C)": "25.3", "ID": "Juárez Hidalgo_Juárez Hidalgo_Manantial La Campana" }, "geometry": { "type": "Point", "coordinates": [ -98.834723315123526, 20.779196190987868 ] } },
{ "type": "Feature", "properties": { "CVEGEO_LOC": "130330001", "AÑO": 2015.0, "NOM_MUN": "Juárez Hidalgo", "NOM_LOC": "Juárez Hidalgo", "Fuente de abastecimiento": "Manantial La Fuente", "Coliformes Totales (Ausencia o Presencia/100mL)": "Presencia", "E. Coli (Ausencia o Presencia/100mL)": "Ausencia", "Arsenico (mg/L)": "0", "Bario (mg/L)": "0", "Cadmio (mg/L)": null, "Cobre (mg/L)": "0.3", "Hierro (mg/L)": "0", "Manganeso (mg/L)": "0", "Plomo (mg/L)": "0", "Zinc (mg/L)": "0.05", "Cianuros (mg/L)": "0.001", "Cloro Residual (mg/L)": "0", "Cloruros (mg/L)": "60.1", "Dureza Total (mg/L)": "60.12", "Fluoruros (mg/L)": "0.4", "Nitratos (mg/L)": "0.2", "Nitritos (mg/L)": "0", "Ph": "7.45", "SDT (mg/L)": "79.01", "Sulfatos (mg/L)": "14.1", "Cloro Total (mg/L)": "0", "Conductividad (muS/cm)": "182.4", "Temperatura (°C)": "19.2", "ID": "Juárez Hidalgo_Juárez Hidalgo_Manantial La Fuente" }, "geometry": { "type": "Point", "coordinates": [ -98.835588592581104, 20.783156823922219 ] } },
{ "type": "Feature", "properties": { "CVEGEO_LOC": "130330001", "AÑO": 2016.0, "NOM_MUN": "Juárez Hidalgo", "NOM_LOC": "Juárez Hidalgo", "Fuente de abastecimiento": "Manantial Los Tubos", "Coliformes Totales (Ausencia o Presencia/100mL)": "Presencia", "E. Coli (Ausencia o Presencia/100mL)": "Presencia", "Arsenico (mg/L)": "0", "Bario (mg/L)": "0", "Cadmio (mg/L)": "ND", "Cobre (mg/L)": "0.56", "Hierro (mg/L)": "0", "Manganeso (mg/L)": "0", "Plomo (mg/L)": "0", "Zinc (mg/L)": "0.07", "Cianuros (mg/L)": "0", "Cloro Residual (mg/L)": "0", "Cloruros (mg/L)": "45783", "Dureza Total (mg/L)": "133.33", "Fluoruros (mg/L)": "0.17", "Nitratos (mg/L)": "1", "Nitritos (mg/L)": "0", "Ph": "45998", "SDT (mg/L)": "106", "Sulfatos (mg/L)": "6", "Cloro Total (mg/L)": "0.01", "Conductividad (muS/cm)": "45896", "Temperatura (°C)": "45677", "ID": "Juárez Hidalgo_Juárez Hidalgo_Manantial Los Tubos" }, "geometry": { "type": "Point", "coordinates": [ -98.83360660862914, 20.785875437606261 ] } },
{ "type": "Feature", "properties": { "CVEGEO_LOC": "130330003", "AÑO": 2018.0, "NOM_MUN": "Juárez Hidalgo", "NOM_LOC": "San Nicolás Coatzontla", "Fuente de abastecimiento": "Manantial Acticpan", "Coliformes Totales (Ausencia o Presencia/100mL)": "Presencia", "E. Coli (Ausencia o Presencia/100mL)": "Presencia", "Arsenico (mg/L)": "0", "Bario (mg/L)": "0", "Cadmio (mg/L)": "0", "Cobre (mg/L)": "0", "Hierro (mg/L)": "0", "Manganeso (mg/L)": "0", "Plomo (mg/L)": "0", "Zinc (mg/L)": "0.02", "Cianuros (mg/L)": "0.003", "Cloro Residual (mg/L)": "0.07", "Cloruros (mg/L)": "87", "Dureza Total (mg/L)": "98.88", "Fluoruros (mg/L)": "0.6", "Nitratos (mg/L)": "0.3", "Nitritos (mg/L)": "0", "Ph": "7.2", "SDT (mg/L)": "123", "Sulfatos (mg/L)": "78", "Cloro Total (mg/L)": "0.4", "Conductividad (muS/cm)": "382", "Temperatura (°C)": "21", "ID": "Juárez Hidalgo_San Nicolás Coatzontla_Manantial Acticpan" }, "geometry": { "type": "Point", "coordinates": [ -98.849302164817672, 20.869294822295448 ] } },
{ "type": "Feature", "properties": { "CVEGEO_LOC": "130330003", "AÑO": 2012.0, "NOM_MUN": "Juárez Hidalgo", "NOM_LOC": "San Nicolás Coatzontla", "Fuente de abastecimiento": "Manantial Barrio Nuevo", "Coliformes Totales (Ausencia o Presencia/100mL)": "Presencia", "E. Coli (Ausencia o Presencia/100mL)": "Presencia", "Arsenico (mg/L)": "0", "Bario (mg/L)": null, "Cadmio (mg/L)": null, "Cobre (mg/L)": "0.319", "Hierro (mg/L)": "0.004", "Manganeso (mg/L)": null, "Plomo (mg/L)": "0", "Zinc (mg/L)": "0.062", "Cianuros (mg/L)": "0.003", "Cloro Residual (mg/L)": "0.02", "Cloruros (mg/L)": "53", "Dureza Total (mg/L)": "171.1094", "Fluoruros (mg/L)": "0.37", "Nitratos (mg/L)": "0.9", "Nitritos (mg/L)": "0.0019", "Ph": "7.8", "SDT (mg/L)": "150.9", "Sulfatos (mg/L)": "15", "Cloro Total (mg/L)": "0", "Conductividad (muS/cm)": "234", "Temperatura (°C)": "21.3", "ID": "Juárez Hidalgo_San Nicolás Coatzontla_Manantial Barrio Nuevo" }, "geometry": { "type": "Point", "coordinates": [ -98.850988383592863, 20.869592229776245 ] } },
{ "type": "Feature", "properties": { "CVEGEO_LOC": "130330003", "AÑO": 2018.0, "NOM_MUN": "Juárez Hidalgo", "NOM_LOC": "San Nicolás Coatzontla", "Fuente de abastecimiento": "Manantial Lavaderos", "Coliformes Totales (Ausencia o Presencia/100mL)": "Presencia", "E. Coli (Ausencia o Presencia/100mL)": "Presencia", "Arsenico (mg/L)": "0", "Bario (mg/L)": "0", "Cadmio (mg/L)": "0", "Cobre (mg/L)": "0", "Hierro (mg/L)": "0", "Manganeso (mg/L)": "0", "Plomo (mg/L)": "0", "Zinc (mg/L)": "0.03", "Cianuros (mg/L)": "0.002", "Cloro Residual (mg/L)": "0", "Cloruros (mg/L)": "67", "Dureza Total (mg/L)": "111.11", "Fluoruros (mg/L)": "0.7", "Nitratos (mg/L)": "0", "Nitritos (mg/L)": "0.2", "Ph": "7.32", "SDT (mg/L)": "98", "Sulfatos (mg/L)": "65", "Cloro Total (mg/L)": "0.12", "Conductividad (muS/cm)": "363", "Temperatura (°C)": "20.5", "ID": "Juárez Hidalgo_San Nicolás Coatzontla_Manantial Lavaderos" }, "geometry": { "type": "Point", "coordinates": [ -98.850986549628942, 20.87071376996094 ] } },
{ "type": "Feature", "properties": { "CVEGEO_LOC": "130340001", "AÑO": 2014.0, "NOM_MUN": "Lolotla", "NOM_LOC": "Lolotla", "Fuente de abastecimiento": "Manantial Chinameca", "Coliformes Totales (Ausencia o Presencia/100mL)": "Presencia", "E. Coli (Ausencia o Presencia/100mL)": "Ausencia", "Arsenico (mg/L)": "0", "Bario (mg/L)": "0", "Cadmio (mg/L)": null, "Cobre (mg/L)": "0.98", "Hierro (mg/L)": "0.01", "Manganeso (mg/L)": "0", "Plomo (mg/L)": "0", "Zinc (mg/L)": "0.02", "Cianuros (mg/L)": "0.002", "Cloro Residual (mg/L)": "0.08", "Cloruros (mg/L)": "1.9", "Dureza Total (mg/L)": "102.22", "Fluoruros (mg/L)": "0.66", "Nitratos (mg/L)": "0.8", "Nitritos (mg/L)": "0.003", "Ph": "6.58", "SDT (mg/L)": "51.1", "Sulfatos (mg/L)": "3", "Cloro Total (mg/L)": "0.03", "Conductividad (muS/cm)": "32.4", "Temperatura (°C)": "19.8", "ID": "Lolotla_Lolotla_Manantial Chinameca" }, "geometry": { "type": "Point", "coordinates": [ -98.718225422040518, 20.848104545908633 ] } },
{ "type": "Feature", "properties": { "CVEGEO_LOC": "130340001", "AÑO": 2016.0, "NOM_MUN": "Lolotla", "NOM_LOC": "Lolotla", "Fuente de abastecimiento": "Manantial Hueyotipa", "Coliformes Totales (Ausencia o Presencia/100mL)": "Presencia", "E. Coli (Ausencia o Presencia/100mL)": "Presencia", "Arsenico (mg/L)": "0", "Bario (mg/L)": "0", "Cadmio (mg/L)": "ND", "Cobre (mg/L)": "0.26", "Hierro (mg/L)": "0", "Manganeso (mg/L)": "0", "Plomo (mg/L)": "0", "Zinc (mg/L)": "0", "Cianuros (mg/L)": "4", "Cloro Residual (mg/L)": "0", "Cloruros (mg/L)": "45780", "Dureza Total (mg/L)": "66.66", "Fluoruros (mg/L)": "0.09", "Nitratos (mg/L)": "45658", "Nitritos (mg/L)": "3", "Ph": "45998", "SDT (mg/L)": "34.3", "Sulfatos (mg/L)": "45840", "Cloro Total (mg/L)": "0.01", "Conductividad (muS/cm)": "120", "Temperatura (°C)": "45684", "ID": "Lolotla_Lolotla_Manantial Hueyotipa" }, "geometry": { "type": "Point", "coordinates": [ -98.714035916931422, 20.84147505061317 ] } },
{ "type": "Feature", "properties": { "CVEGEO_LOC": "130340018", "AÑO": 2016.0, "NOM_MUN": "Lolotla", "NOM_LOC": "Huitznopala", "Fuente de abastecimiento": "Manantial Huitznopala", "Coliformes Totales (Ausencia o Presencia/100mL)": "Presencia", "E. Coli (Ausencia o Presencia/100mL)": "Presencia", "Arsenico (mg/L)": "0", "Bario (mg/L)": "0", "Cadmio (mg/L)": "ND", "Cobre (mg/L)": "0.08", "Hierro (mg/L)": "0", "Manganeso (mg/L)": "0", "Plomo (mg/L)": "0", "Zinc (mg/L)": "12", "Cianuros (mg/L)": "1", "Cloro Residual (mg/L)": "0.01", "Cloruros (mg/L)": "61.2", "Dureza Total (mg/L)": "224.24", "Fluoruros (mg/L)": "0.3", "Nitratos (mg/L)": "0.6", "Nitritos (mg/L)": "0", "Ph": "7.46", "SDT (mg/L)": "266", "Sulfatos (mg/L)": "45692", "Cloro Total (mg/L)": "0.02", "Conductividad (muS/cm)": "431", "Temperatura (°C)": "34", "ID": "Lolotla_Huitznopala_Manantial Huitznopala" }, "geometry": { "type": "Point", "coordinates": [ -98.75188147851118, 20.923570129000513 ] } },
{ "type": "Feature", "properties": { "CVEGEO_LOC": "130340020", "AÑO": 2013.0, "NOM_MUN": "Lolotla", "NOM_LOC": "Ixtlahuaco", "Fuente de abastecimiento": "Manantial \"El Cerro\"", "Coliformes Totales (Ausencia o Presencia/100mL)": "Presencia", "E. Coli (Ausencia o Presencia/100mL)": "Presencia", "Arsenico (mg/L)": "0", "Bario (mg/L)": "0", "Cadmio (mg/L)": null, "Cobre (mg/L)": "0", "Hierro (mg/L)": "0", "Manganeso (mg/L)": "0", "Plomo (mg/L)": "0", "Zinc (mg/L)": "0.01", "Cianuros (mg/L)": "0.001", "Cloro Residual (mg/L)": "0.2", "Cloruros (mg/L)": "23.9", "Dureza Total (mg/L)": "84.44", "Fluoruros (mg/L)": "0", "Nitratos (mg/L)": "1.6", "Nitritos (mg/L)": "0.02", "Ph": "7.4", "SDT (mg/L)": "35.1", "Sulfatos (mg/L)": "35.7", "Cloro Total (mg/L)": "0", "Conductividad (muS/cm)": "68.7", "Temperatura (°C)": "18.7", "ID": "Lolotla_Ixtlahuaco_Manantial \"El Cerro\"" }, "geometry": { "type": "Point", "coordinates": [ -98.704425554014406, 20.882963306202232 ] } },
{ "type": "Feature", "properties": { "CVEGEO_LOC": "130340020", "AÑO": 2013.0, "NOM_MUN": "Lolotla", "NOM_LOC": "Ixtlahuaco", "Fuente de abastecimiento": "Manantial Aquixquitla", "Coliformes Totales (Ausencia o Presencia/100mL)": "Presencia", "E. Coli (Ausencia o Presencia/100mL)": "Presencia", "Arsenico (mg/L)": "0", "Bario (mg/L)": "0", "Cadmio (mg/L)": null, "Cobre (mg/L)": "0.1", "Hierro (mg/L)": "0.04", "Manganeso (mg/L)": "0", "Plomo (mg/L)": "0", "Zinc (mg/L)": "0.03", "Cianuros (mg/L)": "0.001", "Cloro Residual (mg/L)": "0.01", "Cloruros (mg/L)": "30.4", "Dureza Total (mg/L)": "96.66", "Fluoruros (mg/L)": "0.1", "Nitratos (mg/L)": "1.9", "Nitritos (mg/L)": "0.01", "Ph": "7.9", "SDT (mg/L)": "70.1", "Sulfatos (mg/L)": "40", "Cloro Total (mg/L)": "0.02", "Conductividad (muS/cm)": "234.1", "Temperatura (°C)": "17.5", "ID": "Lolotla_Ixtlahuaco_Manantial Aquixquitla" }, "geometry": { "type": "Point", "coordinates": [ -98.705052969574922, 20.884153771288013 ] } },
{ "type": "Feature", "properties": { "CVEGEO_LOC": "130340020", "AÑO": 2015.0, "NOM_MUN": "Lolotla", "NOM_LOC": "Ixtlahuaco", "Fuente de abastecimiento": "Manantial Aquixquitla", "Coliformes Totales (Ausencia o Presencia/100mL)": "Presencia", "E. Coli (Ausencia o Presencia/100mL)": "Presencia", "Arsenico (mg/L)": "0", "Bario (mg/L)": "0", "Cadmio (mg/L)": null, "Cobre (mg/L)": "0.1", "Hierro (mg/L)": "0.04", "Manganeso (mg/L)": "0", "Plomo (mg/L)": "0", "Zinc (mg/L)": "0.03", "Cianuros (mg/L)": "0.001", "Cloro Residual (mg/L)": "0.01", "Cloruros (mg/L)": "30.4", "Dureza Total (mg/L)": "96.66", "Fluoruros (mg/L)": "0.1", "Nitratos (mg/L)": "1.9", "Nitritos (mg/L)": "0.01", "Ph": "7.9", "SDT (mg/L)": "70.1", "Sulfatos (mg/L)": "40", "Cloro Total (mg/L)": "0.02", "Conductividad (muS/cm)": "234.1", "Temperatura (°C)": "17.5", "ID": "Lolotla_Ixtlahuaco_Manantial Aquixquitla" }, "geometry": { "type": "Point", "coordinates": [ -98.705052969574922, 20.884153771288013 ] } },
{ "type": "Feature", "properties": { "CVEGEO_LOC": "130340020", "AÑO": 2012.0, "NOM_MUN": "Lolotla", "NOM_LOC": "Ixtlahuaco", "Fuente de abastecimiento": "Manantial Barrio Nuevo", "Coliformes Totales (Ausencia o Presencia/100mL)": "Presencia", "E. Coli (Ausencia o Presencia/100mL)": "Ausencia", "Arsenico (mg/L)": "0", "Bario (mg/L)": "ND", "Cadmio (mg/L)": "ND", "Cobre (mg/L)": "0", "Hierro (mg/L)": "65", "Manganeso (mg/L)": "ND", "Plomo (mg/L)": "19", "Zinc (mg/L)": "33", "Cianuros (mg/L)": "5", "Cloro Residual (mg/L)": "0.02", "Cloruros (mg/L)": "53.75", "Dureza Total (mg/L)": "99999", "Fluoruros (mg/L)": "0.01", "Nitratos (mg/L)": "45780", "Nitritos (mg/L)": "119", "Ph": "6.26", "SDT (mg/L)": "33", "Sulfatos (mg/L)": "5", "Cloro Total (mg/L)": "0.04", "Conductividad (muS/cm)": "40.9", "Temperatura (°C)": "45773", "ID": "Lolotla_Ixtlahuaco_Manantial Barrio Nuevo" }, "geometry": { "type": "Point", "coordinates": [ -98.703263961275837, 20.884669019790536 ] } },
{ "type": "Feature", "properties": { "CVEGEO_LOC": "130340020", "AÑO": 2023.0, "NOM_MUN": "Lolotla", "NOM_LOC": "Ixtlahuaco", "Fuente de abastecimiento": "Manantial Barrio Nuevo", "Coliformes Totales (Ausencia o Presencia/100mL)": "Presencia", "E. Coli (Ausencia o Presencia/100mL)": "Presencia", "Arsenico (mg/L)": "0", "Bario (mg/L)": "0", "Cadmio (mg/L)": "0.001", "Cobre (mg/L)": "1.98", "Hierro (mg/L)": "0", "Manganeso (mg/L)": "0", "Plomo (mg/L)": "0", "Zinc (mg/L)": "0", "Cianuros (mg/L)": "0", "Cloro Residual (mg/L)": "0", "Cloruros (mg/L)": "17.1", "Dureza Total (mg/L)": "66.66", "Fluoruros (mg/L)": "0.49", "Nitratos (mg/L)": "0.8", "Nitritos (mg/L)": "0.007", "Ph": "6.51", "SDT (mg/L)": "26.4", "Sulfatos (mg/L)": "5", "Cloro Total (mg/L)": "0", "Conductividad (muS/cm)": "36.1", "Temperatura (°C)": "16.7", "ID": "Lolotla_Ixtlahuaco_Manantial Barrio Nuevo" }, "geometry": { "type": "Point", "coordinates": [ -98.703263961275837, 20.884669019790536 ] } },
{ "type": "Feature", "properties": { "CVEGEO_LOC": "130340020", "AÑO": 2015.0, "NOM_MUN": "Lolotla", "NOM_LOC": "Ixtlahuaco", "Fuente de abastecimiento": "Manantial El Cerro", "Coliformes Totales (Ausencia o Presencia/100mL)": "Presencia", "E. Coli (Ausencia o Presencia/100mL)": "Presencia", "Arsenico (mg/L)": "0", "Bario (mg/L)": "0", "Cadmio (mg/L)": null, "Cobre (mg/L)": "0", "Hierro (mg/L)": "0", "Manganeso (mg/L)": "0", "Plomo (mg/L)": "0", "Zinc (mg/L)": "0.01", "Cianuros (mg/L)": "0.01", "Cloro Residual (mg/L)": "0.2", "Cloruros (mg/L)": "23.9", "Dureza Total (mg/L)": "84.44", "Fluoruros (mg/L)": "0", "Nitratos (mg/L)": "1.6", "Nitritos (mg/L)": "0.02", "Ph": "7.4", "SDT (mg/L)": "35.1", "Sulfatos (mg/L)": "35.7", "Cloro Total (mg/L)": "0", "Conductividad (muS/cm)": "68.7", "Temperatura (°C)": "18.7", "ID": "Lolotla_Ixtlahuaco_Manantial El Cerro" }, "geometry": { "type": "Point", "coordinates": [ -98.702495932409789, 20.882376731698919 ] } },
{ "type": "Feature", "properties": { "CVEGEO_LOC": "130340020", "AÑO": 2012.0, "NOM_MUN": "Lolotla", "NOM_LOC": "Ixtlahuaco", "Fuente de abastecimiento": "Pozo Te Cruz Cosapa", "Coliformes Totales (Ausencia o Presencia/100mL)": "Presencia", "E. Coli (Ausencia o Presencia/100mL)": "Presencia", "Arsenico (mg/L)": "0", "Bario (mg/L)": null, "Cadmio (mg/L)": null, "Cobre (mg/L)": "0.563", "Hierro (mg/L)": "0.087", "Manganeso (mg/L)": null, "Plomo (mg/L)": "0", "Zinc (mg/L)": "0.021", "Cianuros (mg/L)": "0.005", "Cloro Residual (mg/L)": "0.02", "Cloruros (mg/L)": "47", "Dureza Total (mg/L)": "88.888", "Fluoruros (mg/L)": "0", "Nitratos (mg/L)": "0.6", "Nitritos (mg/L)": "0.0093", "Ph": "7.58", "SDT (mg/L)": "73.2", "Sulfatos (mg/L)": "5", "Cloro Total (mg/L)": "0.01", "Conductividad (muS/cm)": "128", "Temperatura (°C)": "19.1", "ID": "Lolotla_Ixtlahuaco_Pozo Te Cruz Cosapa" }, "geometry": { "type": "Point", "coordinates": [ -98.703065379613122, 20.880091043132431 ] } },
{ "type": "Feature", "properties": { "CVEGEO_LOC": "130340020", "AÑO": 2012.0, "NOM_MUN": "Lolotla", "NOM_LOC": "Ixtlahuaco", "Fuente de abastecimiento": "Pozo Tortugas", "Coliformes Totales (Ausencia o Presencia/100mL)": "Presencia", "E. Coli (Ausencia o Presencia/100mL)": "Presencia", "Arsenico (mg/L)": "0.003", "Bario (mg/L)": null, "Cadmio (mg/L)": null, "Cobre (mg/L)": "0.157", "Hierro (mg/L)": "0.079", "Manganeso (mg/L)": null, "Plomo (mg/L)": "0", "Zinc (mg/L)": "0.041", "Cianuros (mg/L)": "0.013", "Cloro Residual (mg/L)": "0.04", "Cloruros (mg/L)": "43.75", "Dureza Total (mg/L)": "82.2214", "Fluoruros (mg/L)": "0.12", "Nitratos (mg/L)": "2.3", "Nitritos (mg/L)": "0.0194", "Ph": "8.45", "SDT (mg/L)": "65", "Sulfatos (mg/L)": "12.5", "Cloro Total (mg/L)": "0.02", "Conductividad (muS/cm)": "125.4", "Temperatura (°C)": "24.7", "ID": "Lolotla_Ixtlahuaco_Pozo Tortugas" }, "geometry": { "type": "Point", "coordinates": [ -98.703982797988175, 20.877816773941063 ] } },
{ "type": "Feature", "properties": { "CVEGEO_LOC": "130340020", "AÑO": 2014.0, "NOM_MUN": "Lolotla", "NOM_LOC": "Ixtlahuaco", "Fuente de abastecimiento": "Tanque Ixtlahuaco", "Coliformes Totales (Ausencia o Presencia/100mL)": "Presencia", "E. Coli (Ausencia o Presencia/100mL)": "Ausencia", "Arsenico (mg/L)": "0", "Bario (mg/L)": "0", "Cadmio (mg/L)": null, "Cobre (mg/L)": "0.14", "Hierro (mg/L)": "0.04", "Manganeso (mg/L)": "0", "Plomo (mg/L)": "0", "Zinc (mg/L)": "0.48", "Cianuros (mg/L)": "0.001", "Cloro Residual (mg/L)": "0.03", "Cloruros (mg/L)": "1.3", "Dureza Total (mg/L)": "95.55", "Fluoruros (mg/L)": "0.12", "Nitratos (mg/L)": "0.8", "Nitritos (mg/L)": "0.003", "Ph": "6.66", "SDT (mg/L)": "58.8", "Sulfatos (mg/L)": "6", "Cloro Total (mg/L)": "0.02", "Conductividad (muS/cm)": "57.2", "Temperatura (°C)": "19.5", "ID": "Lolotla_Ixtlahuaco_Tanque Ixtlahuaco" }, "geometry": { "type": "Point", "coordinates": [ -98.704638100215178, 20.880363157652155 ] } },
{ "type": "Feature", "properties": { "CVEGEO_LOC": "1303400290025800", "AÑO": 2016.0, "NOM_MUN": "Lolotla", "NOM_LOC": "Tetlapaya", "Fuente de abastecimiento": "Manantial", "Coliformes Totales (Ausencia o Presencia/100mL)": "Presencia", "E. Coli (Ausencia o Presencia/100mL)": "Presencia", "Arsenico (mg/L)": "0", "Bario (mg/L)": "0", "Cadmio (mg/L)": "ND", "Cobre (mg/L)": "0.19", "Hierro (mg/L)": "0.02", "Manganeso (mg/L)": "0", "Plomo (mg/L)": "0", "Zinc (mg/L)": "0.01", "Cianuros (mg/L)": "1", "Cloro Residual (mg/L)": "0.01", "Cloruros (mg/L)": "45719", "Dureza Total (mg/L)": "54.44", "Fluoruros (mg/L)": "0.1", "Nitratos (mg/L)": "1", "Nitritos (mg/L)": "3", "Ph": "6.84", "SDT (mg/L)": "38.3", "Sulfatos (mg/L)": "45902", "Cloro Total (mg/L)": "0.02", "Conductividad (muS/cm)": "72", "Temperatura (°C)": "21", "ID": "Lolotla_Tetlapaya_Manantial" }, "geometry": { "type": "Point", "coordinates": [ -98.738893066928, 21.012780370593141 ] } },
{ "type": "Feature", "properties": { "CVEGEO_LOC": "130340031", "AÑO": 2023.0, "NOM_MUN": "Lolotla", "NOM_LOC": "Tlaltepingo", "Fuente de abastecimiento": "Manantial Xuchingo", "Coliformes Totales (Ausencia o Presencia/100mL)": "Presencia", "E. Coli (Ausencia o Presencia/100mL)": "Presencia", "Arsenico (mg/L)": "0", "Bario (mg/L)": "0", "Cadmio (mg/L)": "0.002", "Cobre (mg/L)": "1.26", "Hierro (mg/L)": "0.16", "Manganeso (mg/L)": "0.13", "Plomo (mg/L)": "0", "Zinc (mg/L)": "0", "Cianuros (mg/L)": "0", "Cloro Residual (mg/L)": "0", "Cloruros (mg/L)": "11.8", "Dureza Total (mg/L)": "99.99", "Fluoruros (mg/L)": "0.1", "Nitratos (mg/L)": "0.9", "Nitritos (mg/L)": "0.026", "Ph": "6.57", "SDT (mg/L)": "30.1", "Sulfatos (mg/L)": "23", "Cloro Total (mg/L)": "0", "Conductividad (muS/cm)": "47.8", "Temperatura (°C)": "19.6", "ID": "Lolotla_Tlaltepingo_Manantial Xuchingo" }, "geometry": { "type": "Point", "coordinates": [ -98.731894289732395, 20.935221719942128 ] } },
{ "type": "Feature", "properties": { "CVEGEO_LOC": "130350001", "AÑO": 2016.0, "NOM_MUN": "Metepec", "NOM_LOC": "Metepec", "Fuente de abastecimiento": "Manantial La Bomba", "Coliformes Totales (Ausencia o Presencia/100mL)": "Presencia", "E. Coli (Ausencia o Presencia/100mL)": "Ausencia", "Arsenico (mg/L)": "0", "Bario (mg/L)": "0", "Cadmio (mg/L)": "ND", "Cobre (mg/L)": "0.7", "Hierro (mg/L)": "0.01", "Manganeso (mg/L)": "0", "Plomo (mg/L)": "0", "Zinc (mg/L)": "0.9", "Cianuros (mg/L)": "2", "Cloro Residual (mg/L)": "0", "Cloruros (mg/L)": "45666", "Dureza Total (mg/L)": "233.32", "Fluoruros (mg/L)": "0.3", "Nitratos (mg/L)": "1", "Nitritos (mg/L)": "4", "Ph": "7.99", "SDT (mg/L)": "126.7", "Sulfatos (mg/L)": "10", "Cloro Total (mg/L)": "0.01", "Conductividad (muS/cm)": "556", "Temperatura (°C)": "45831", "ID": "Metepec_Metepec_Manantial La Bomba" }, "geometry": { "type": "Point", "coordinates": [ -98.314880774606451, 20.241549628061151 ] } },
{ "type": "Feature", "properties": { "CVEGEO_LOC": "130350001", "AÑO": 2016.0, "NOM_MUN": "Metepec", "NOM_LOC": "Metepec", "Fuente de abastecimiento": "Manantial Las Tortugas", "Coliformes Totales (Ausencia o Presencia/100mL)": "Presencia", "E. Coli (Ausencia o Presencia/100mL)": "Presencia", "Arsenico (mg/L)": "0", "Bario (mg/L)": "0", "Cadmio (mg/L)": "ND", "Cobre (mg/L)": "0.2", "Hierro (mg/L)": "0", "Manganeso (mg/L)": "0", "Plomo (mg/L)": "0", "Zinc (mg/L)": "0.04", "Cianuros (mg/L)": "5", "Cloro Residual (mg/L)": "0.01", "Cloruros (mg/L)": "60.9", "Dureza Total (mg/L)": "113.33", "Fluoruros (mg/L)": "0.9", "Nitratos (mg/L)": "0.3", "Nitritos (mg/L)": "4", "Ph": "8", "SDT (mg/L)": "242.2", "Sulfatos (mg/L)": "45852", "Cloro Total (mg/L)": "0.02", "Conductividad (muS/cm)": "350", "Temperatura (°C)": "24", "ID": "Metepec_Metepec_Manantial Las Tortugas" }, "geometry": { "type": "Point", "coordinates": [ -98.315804267473851, 20.237479896270216 ] } },
{ "type": "Feature", "properties": { "CVEGEO_LOC": "130350001", "AÑO": 2014.0, "NOM_MUN": "Metepec", "NOM_LOC": "Metepec", "Fuente de abastecimiento": "Pozo La Bomba", "Coliformes Totales (Ausencia o Presencia/100mL)": "Presencia", "E. Coli (Ausencia o Presencia/100mL)": "Ausencia", "Arsenico (mg/L)": "0", "Bario (mg/L)": "0", "Cadmio (mg/L)": null, "Cobre (mg/L)": "0.18", "Hierro (mg/L)": "0.02", "Manganeso (mg/L)": "0", "Plomo (mg/L)": "0", "Zinc (mg/L)": "0.04", "Cianuros (mg/L)": "0.002", "Cloro Residual (mg/L)": "0", "Cloruros (mg/L)": "1.7", "Dureza Total (mg/L)": "177.77", "Fluoruros (mg/L)": "0", "Nitratos (mg/L)": "1.3", "Nitritos (mg/L)": "0.001", "Ph": "7.76", "SDT (mg/L)": "138.4", "Sulfatos (mg/L)": "1", "Cloro Total (mg/L)": "0", "Conductividad (muS/cm)": "138.4", "Temperatura (°C)": "23", "ID": "Metepec_Metepec_Pozo La Bomba" }, "geometry": { "type": "Point", "coordinates": [ -98.322148809312125, 20.237649146812181 ] } },
{ "type": "Feature", "properties": { "CVEGEO_LOC": "130350001", "AÑO": 2012.0, "NOM_MUN": "Metepec", "NOM_LOC": "Metepec", "Fuente de abastecimiento": "Pozo Tres Cruces", "Coliformes Totales (Ausencia o Presencia/100mL)": "Presencia", "E. Coli (Ausencia o Presencia/100mL)": "Presencia", "Arsenico (mg/L)": "0", "Bario (mg/L)": null, "Cadmio (mg/L)": null, "Cobre (mg/L)": "0.46", "Hierro (mg/L)": "0.014", "Manganeso (mg/L)": "0", "Plomo (mg/L)": "0", "Zinc (mg/L)": "0.042", "Cianuros (mg/L)": "0.006", "Cloro Residual (mg/L)": "0", "Cloruros (mg/L)": "58.75", "Dureza Total (mg/L)": "173.3316", "Fluoruros (mg/L)": "0.13", "Nitratos (mg/L)": "0", "Nitritos (mg/L)": "0.0025", "Ph": "7.42", "SDT (mg/L)": "145.2", "Sulfatos (mg/L)": "0", "Cloro Total (mg/L)": "0", "Conductividad (muS/cm)": "297", "Temperatura (°C)": "25.1", "ID": "Metepec_Metepec_Pozo Tres Cruces" }, "geometry": { "type": "Point", "coordinates": [ -98.320872999367936, 20.24120806759565 ] } },
{ "type": "Feature", "properties": { "CVEGEO_LOC": "130350009", "AÑO": 2013.0, "NOM_MUN": "Metepec", "NOM_LOC": "Ferrería de Apulco", "Fuente de abastecimiento": "Manantial Dor Cruces", "Coliformes Totales (Ausencia o Presencia/100mL)": "Presencia", "E. Coli (Ausencia o Presencia/100mL)": "Ausencia", "Arsenico (mg/L)": "0", "Bario (mg/L)": "0", "Cadmio (mg/L)": null, "Cobre (mg/L)": "0.11", "Hierro (mg/L)": "0", "Manganeso (mg/L)": "0", "Plomo (mg/L)": "0", "Zinc (mg/L)": "0.11", "Cianuros (mg/L)": "0.003", "Cloro Residual (mg/L)": "0.1", "Cloruros (mg/L)": "3.9", "Dureza Total (mg/L)": "33.33", "Fluoruros (mg/L)": "0", "Nitratos (mg/L)": "0.1", "Nitritos (mg/L)": "0.003", "Ph": "6.13", "SDT (mg/L)": "0", "Sulfatos (mg/L)": "1", "Cloro Total (mg/L)": "0.1", "Conductividad (muS/cm)": "20.9", "Temperatura (°C)": "16.8", "ID": "Metepec_Ferrería de Apulco_Manantial Dor Cruces" }, "geometry": { "type": "Point", "coordinates": [ -98.342338075116601, 20.304268153711678 ] } },
{ "type": "Feature", "properties": { "CVEGEO_LOC": "130350009", "AÑO": 2015.0, "NOM_MUN": "Metepec", "NOM_LOC": "Ferrería de Apulco", "Fuente de abastecimiento": "Manantial Dos Cruces", "Coliformes Totales (Ausencia o Presencia/100mL)": "Presencia", "E. Coli (Ausencia o Presencia/100mL)": "Ausencia", "Arsenico (mg/L)": "0", "Bario (mg/L)": "0", "Cadmio (mg/L)": null, "Cobre (mg/L)": "0.11", "Hierro (mg/L)": "0", "Manganeso (mg/L)": "0", "Plomo (mg/L)": "0", "Zinc (mg/L)": "0.11", "Cianuros (mg/L)": "0.003", "Cloro Residual (mg/L)": "0.1", "Cloruros (mg/L)": "3.9", "Dureza Total (mg/L)": "33.33", "Fluoruros (mg/L)": "0", "Nitratos (mg/L)": "0.1", "Nitritos (mg/L)": "0.003", "Ph": "6.13", "SDT (mg/L)": "0", "Sulfatos (mg/L)": "1", "Cloro Total (mg/L)": "0.1", "Conductividad (muS/cm)": "20.9", "Temperatura (°C)": "16.8", "ID": "Metepec_Ferrería de Apulco_Manantial Dos Cruces" }, "geometry": { "type": "Point", "coordinates": [ -98.344700233677699, 20.302883588739576 ] } },
{ "type": "Feature", "properties": { "CVEGEO_LOC": "130350009", "AÑO": 2015.0, "NOM_MUN": "Metepec", "NOM_LOC": "Ferrería de Apulco", "Fuente de abastecimiento": "Salida del Proceso de la Fundidora", "Coliformes Totales (Ausencia o Presencia/100mL)": "Presencia", "E. Coli (Ausencia o Presencia/100mL)": "Ausencia", "Arsenico (mg/L)": "0", "Bario (mg/L)": "0", "Cadmio (mg/L)": null, "Cobre (mg/L)": "0.14", "Hierro (mg/L)": "0.01", "Manganeso (mg/L)": "0", "Plomo (mg/L)": "0", "Zinc (mg/L)": "0.05", "Cianuros (mg/L)": "0.003", "Cloro Residual (mg/L)": "0.3", "Cloruros (mg/L)": "5.9", "Dureza Total (mg/L)": "45.7", "Fluoruros (mg/L)": "0.22", "Nitratos (mg/L)": "0.2", "Nitritos (mg/L)": "0.008", "Ph": "6.96", "SDT (mg/L)": "39.4", "Sulfatos (mg/L)": "4", "Cloro Total (mg/L)": "0", "Conductividad (muS/cm)": "58.7", "Temperatura (°C)": "20", "ID": "Metepec_Ferrería de Apulco_Salida del Proceso de la Fundidora" }, "geometry": { "type": "Point", "coordinates": [ -98.344821869043642, 20.306693154723995 ] } },
{ "type": "Feature", "properties": { "CVEGEO_LOC": "130350009", "AÑO": 2013.0, "NOM_MUN": "Metepec", "NOM_LOC": "Ferrería de Apulco", "Fuente de abastecimiento": "Salida del Proceso de la Fundidora", "Coliformes Totales (Ausencia o Presencia/100mL)": "Presencia", "E. Coli (Ausencia o Presencia/100mL)": "Ausencia", "Arsenico (mg/L)": "0", "Bario (mg/L)": "0", "Cadmio (mg/L)": null, "Cobre (mg/L)": "0.14", "Hierro (mg/L)": "0.01", "Manganeso (mg/L)": "0", "Plomo (mg/L)": "0", "Zinc (mg/L)": "0.05", "Cianuros (mg/L)": "0.003", "Cloro Residual (mg/L)": "0.3", "Cloruros (mg/L)": "5.9", "Dureza Total (mg/L)": "45.7", "Fluoruros (mg/L)": "0.22", "Nitratos (mg/L)": "0.2", "Nitritos (mg/L)": "0.008", "Ph": "6.96", "SDT (mg/L)": "39.4", "Sulfatos (mg/L)": "4", "Cloro Total (mg/L)": "0", "Conductividad (muS/cm)": "58.7", "Temperatura (°C)": "20", "ID": "Metepec_Ferrería de Apulco_Salida del Proceso de la Fundidora" }, "geometry": { "type": "Point", "coordinates": [ -98.344821869043642, 20.306693154723995 ] } },
{ "type": "Feature", "properties": { "CVEGEO_LOC": "1303500150018800", "AÑO": 2017.0, "NOM_MUN": "Metepec", "NOM_LOC": "Peña Colorada", "Fuente de abastecimiento": "Pozo Peña Colorada", "Coliformes Totales (Ausencia o Presencia/100mL)": "Presencia", "E. Coli (Ausencia o Presencia/100mL)": "Presencia", "Arsenico (mg/L)": "0", "Bario (mg/L)": "0", "Cadmio (mg/L)": null, "Cobre (mg/L)": "0.44", "Hierro (mg/L)": "0", "Manganeso (mg/L)": "0.1", "Plomo (mg/L)": "0", "Zinc (mg/L)": "0.02", "Cianuros (mg/L)": "0.002", "Cloro Residual (mg/L)": "0.02", "Cloruros (mg/L)": "8.1", "Dureza Total (mg/L)": "21.55", "Fluoruros (mg/L)": "0", "Nitratos (mg/L)": "1", "Nitritos (mg/L)": "0", "Ph": "7.27", "SDT (mg/L)": "934", "Sulfatos (mg/L)": "33", "Cloro Total (mg/L)": "0.52", "Conductividad (muS/cm)": "531", "Temperatura (°C)": "29.3", "ID": "Metepec_Peña Colorada_Pozo Peña Colorada" }, "geometry": { "type": "Point", "coordinates": [ -98.336895245095334, 20.285361740730853 ] } },
{ "type": "Feature", "properties": { "CVEGEO_LOC": "1303500150018800", "AÑO": 2014.0, "NOM_MUN": "Metepec", "NOM_LOC": "Peña Colorada", "Fuente de abastecimiento": "Pozo Peña Colorada", "Coliformes Totales (Ausencia o Presencia/100mL)": "Presencia", "E. Coli (Ausencia o Presencia/100mL)": "Ausencia", "Arsenico (mg/L)": "0.023", "Bario (mg/L)": "0.03", "Cadmio (mg/L)": null, "Cobre (mg/L)": "0", "Hierro (mg/L)": "0.04", "Manganeso (mg/L)": "0.1", "Plomo (mg/L)": "0", "Zinc (mg/L)": "0.03", "Cianuros (mg/L)": "0.004", "Cloro Residual (mg/L)": "0.08", "Cloruros (mg/L)": "1.5", "Dureza Total (mg/L)": "77.77", "Fluoruros (mg/L)": "0", "Nitratos (mg/L)": "0.6", "Nitritos (mg/L)": "0.003", "Ph": "7.13", "SDT (mg/L)": "139.9", "Sulfatos (mg/L)": "45", "Cloro Total (mg/L)": "0.04", "Conductividad (muS/cm)": "143", "Temperatura (°C)": "30.6", "ID": "Metepec_Peña Colorada_Pozo Peña Colorada" }, "geometry": { "type": "Point", "coordinates": [ -98.336895245095334, 20.285361740730853 ] } },
{ "type": "Feature", "properties": { "CVEGEO_LOC": "130350017", "AÑO": 2017.0, "NOM_MUN": "Metepec", "NOM_LOC": "Estación de Apulco", "Fuente de abastecimiento": "Pozo el Casco", "Coliformes Totales (Ausencia o Presencia/100mL)": "Presencia", "E. Coli (Ausencia o Presencia/100mL)": "Presencia", "Arsenico (mg/L)": "0", "Bario (mg/L)": "0", "Cadmio (mg/L)": null, "Cobre (mg/L)": "0.08", "Hierro (mg/L)": "0", "Manganeso (mg/L)": "0", "Plomo (mg/L)": "0", "Zinc (mg/L)": "0.02", "Cianuros (mg/L)": "0.003", "Cloro Residual (mg/L)": "0.15", "Cloruros (mg/L)": "38", "Dureza Total (mg/L)": "126.6", "Fluoruros (mg/L)": null, "Nitratos (mg/L)": "1.4", "Nitritos (mg/L)": "0.004", "Ph": "7.05", "SDT (mg/L)": "504", "Sulfatos (mg/L)": "36", "Cloro Total (mg/L)": "0.11", "Conductividad (muS/cm)": "561", "Temperatura (°C)": "26.8", "ID": "Metepec_Estación de Apulco_Pozo el Casco" }, "geometry": { "type": "Point", "coordinates": [ -98.352386352353463, 20.282074008954758 ] } },
{ "type": "Feature", "properties": { "CVEGEO_LOC": "130350022", "AÑO": 2012.0, "NOM_MUN": "Metepec", "NOM_LOC": "Tortugas", "Fuente de abastecimiento": "Pozo Enfrente del Panteón", "Coliformes Totales (Ausencia o Presencia/100mL)": "Presencia", "E. Coli (Ausencia o Presencia/100mL)": "Presencia", "Arsenico (mg/L)": "0", "Bario (mg/L)": null, "Cadmio (mg/L)": null, "Cobre (mg/L)": "0.158", "Hierro (mg/L)": "0", "Manganeso (mg/L)": "0", "Plomo (mg/L)": "0", "Zinc (mg/L)": "0.039", "Cianuros (mg/L)": "0.006", "Cloro Residual (mg/L)": "0", "Cloruros (mg/L)": "53.5", "Dureza Total (mg/L)": "93.3324", "Fluoruros (mg/L)": "0.15", "Nitratos (mg/L)": "0", "Nitritos (mg/L)": "0.003", "Ph": "7.78", "SDT (mg/L)": "94.2", "Sulfatos (mg/L)": "12.5", "Cloro Total (mg/L)": "0", "Conductividad (muS/cm)": "191.5", "Temperatura (°C)": "24.8", "ID": "Metepec_Tortugas_Pozo Enfrente del Panteón" }, "geometry": { "type": "Point", "coordinates": [ -98.35145103433679, 20.245921998154763 ] } },
{ "type": "Feature", "properties": { "CVEGEO_LOC": "130360001", "AÑO": 2015.0, "NOM_MUN": "San Agustín Metzquititlán", "NOM_LOC": "Mezquititlán", "Fuente de abastecimiento": "Manantial La Alberca", "Coliformes Totales (Ausencia o Presencia/100mL)": "Presencia", "E. Coli (Ausencia o Presencia/100mL)": "Presencia", "Arsenico (mg/L)": "0", "Bario (mg/L)": "0", "Cadmio (mg/L)": null, "Cobre (mg/L)": "0.001", "Hierro (mg/L)": "0.02", "Manganeso (mg/L)": "0", "Plomo (mg/L)": "0", "Zinc (mg/L)": "0.03", "Cianuros (mg/L)": "0.001", "Cloro Residual (mg/L)": "0", "Cloruros (mg/L)": "50", "Dureza Total (mg/L)": "172.22", "Fluoruros (mg/L)": "0", "Nitratos (mg/L)": "0.5", "Nitritos (mg/L)": "0.008", "Ph": "7.44", "SDT (mg/L)": "170.8", "Sulfatos (mg/L)": "10.5", "Cloro Total (mg/L)": "0", "Conductividad (muS/cm)": "366", "Temperatura (°C)": "21.7", "ID": "San Agustín Metzquititlán_Mezquititlán_Manantial La Alberca" }, "geometry": { "type": "Point", "coordinates": [ -98.632749175435748, 20.533977655059367 ] } },
{ "type": "Feature", "properties": { "CVEGEO_LOC": "130360001", "AÑO": 2013.0, "NOM_MUN": "San Agustín Metzquititlán", "NOM_LOC": "Mezquititlán", "Fuente de abastecimiento": "Manantial La Alberca", "Coliformes Totales (Ausencia o Presencia/100mL)": "Presencia", "E. Coli (Ausencia o Presencia/100mL)": "Presencia", "Arsenico (mg/L)": "0", "Bario (mg/L)": "0", "Cadmio (mg/L)": null, "Cobre (mg/L)": "0.001", "Hierro (mg/L)": "0.02", "Manganeso (mg/L)": "0", "Plomo (mg/L)": "0", "Zinc (mg/L)": "0.03", "Cianuros (mg/L)": "0.001", "Cloro Residual (mg/L)": "0", "Cloruros (mg/L)": "50", "Dureza Total (mg/L)": "172.22", "Fluoruros (mg/L)": "0", "Nitratos (mg/L)": "0.5", "Nitritos (mg/L)": "0.008", "Ph": "7.44", "SDT (mg/L)": "170.8", "Sulfatos (mg/L)": "10.5", "Cloro Total (mg/L)": "0", "Conductividad (muS/cm)": "366", "Temperatura (°C)": "21.7", "ID": "San Agustín Metzquititlán_Mezquititlán_Manantial La Alberca" }, "geometry": { "type": "Point", "coordinates": [ -98.632749175435748, 20.533977655059367 ] } },
{ "type": "Feature", "properties": { "CVEGEO_LOC": "130360001", "AÑO": 2014.0, "NOM_MUN": "San Agustín Metzquititlán", "NOM_LOC": "Mezquititlán", "Fuente de abastecimiento": "Manantial Matamoros", "Coliformes Totales (Ausencia o Presencia/100mL)": "Presencia", "E. Coli (Ausencia o Presencia/100mL)": "Ausencia", "Arsenico (mg/L)": "0", "Bario (mg/L)": "0", "Cadmio (mg/L)": null, "Cobre (mg/L)": "0.72", "Hierro (mg/L)": "0", "Manganeso (mg/L)": "0", "Plomo (mg/L)": "0", "Zinc (mg/L)": "0.03", "Cianuros (mg/L)": "0.001", "Cloro Residual (mg/L)": "0", "Cloruros (mg/L)": "4.1", "Dureza Total (mg/L)": "24.44", "Fluoruros (mg/L)": "0", "Nitratos (mg/L)": "0.3", "Nitritos (mg/L)": "0.001", "Ph": "7.7", "SDT (mg/L)": "311", "Sulfatos (mg/L)": "12", "Cloro Total (mg/L)": "0", "Conductividad (muS/cm)": "295", "Temperatura (°C)": "24.7", "ID": "San Agustín Metzquititlán_Mezquititlán_Manantial Matamoros" }, "geometry": { "type": "Point", "coordinates": [ -98.63391844823596, 20.531548135272207 ] } },
{ "type": "Feature", "properties": { "CVEGEO_LOC": "130360001", "AÑO": 2016.0, "NOM_MUN": "San Agustín Metzquititlán", "NOM_LOC": "Mezquititlán", "Fuente de abastecimiento": "Manantial Matamoros", "Coliformes Totales (Ausencia o Presencia/100mL)": "Presencia", "E. Coli (Ausencia o Presencia/100mL)": "Ausencia", "Arsenico (mg/L)": "0", "Bario (mg/L)": "0", "Cadmio (mg/L)": "ND", "Cobre (mg/L)": "0.51", "Hierro (mg/L)": "0", "Manganeso (mg/L)": "0", "Plomo (mg/L)": "0", "Zinc (mg/L)": "0.01", "Cianuros (mg/L)": "2", "Cloro Residual (mg/L)": "0", "Cloruros (mg/L)": "45750", "Dureza Total (mg/L)": "22.22", "Fluoruros (mg/L)": "0", "Nitratos (mg/L)": "0.2", "Nitritos (mg/L)": "1", "Ph": "45783", "SDT (mg/L)": "224", "Sulfatos (mg/L)": "15", "Cloro Total (mg/L)": "0", "Conductividad (muS/cm)": "278", "Temperatura (°C)": "45770", "ID": "San Agustín Metzquititlán_Mezquititlán_Manantial Matamoros" }, "geometry": { "type": "Point", "coordinates": [ -98.63391844823596, 20.531548135272207 ] } },
{ "type": "Feature", "properties": { "CVEGEO_LOC": "130360001", "AÑO": 2019.0, "NOM_MUN": "San Agustín Metzquititlán", "NOM_LOC": "Mezquititlán", "Fuente de abastecimiento": "Manantial Platanares", "Coliformes Totales (Ausencia o Presencia/100mL)": "Presencia", "E. Coli (Ausencia o Presencia/100mL)": "Presencia", "Arsenico (mg/L)": "0", "Bario (mg/L)": "0", "Cadmio (mg/L)": "0", "Cobre (mg/L)": "0", "Hierro (mg/L)": "0.1", "Manganeso (mg/L)": "0", "Plomo (mg/L)": "0", "Zinc (mg/L)": "0.06", "Cianuros (mg/L)": "0.001", "Cloro Residual (mg/L)": "0.06", "Cloruros (mg/L)": "60", "Dureza Total (mg/L)": "144.44", "Fluoruros (mg/L)": "0", "Nitratos (mg/L)": "0.4", "Nitritos (mg/L)": "0.007", "Ph": "7.1", "SDT (mg/L)": "91.3", "Sulfatos (mg/L)": "7.1", "Cloro Total (mg/L)": "0", "Conductividad (muS/cm)": "295", "Temperatura (°C)": "23", "ID": "San Agustín Metzquititlán_Mezquititlán_Manantial Platanares" }, "geometry": { "type": "Point", "coordinates": [ -98.637276887092113, 20.530158569352942 ] } },
{ "type": "Feature", "properties": { "CVEGEO_LOC": "130360001", "AÑO": 2014.0, "NOM_MUN": "San Agustín Metzquititlán", "NOM_LOC": "Mezquititlán", "Fuente de abastecimiento": "Manantial Tabasco", "Coliformes Totales (Ausencia o Presencia/100mL)": "Presencia", "E. Coli (Ausencia o Presencia/100mL)": "Ausencia", "Arsenico (mg/L)": "0", "Bario (mg/L)": "0", "Cadmio (mg/L)": null, "Cobre (mg/L)": "0.32", "Hierro (mg/L)": "0.01", "Manganeso (mg/L)": "0", "Plomo (mg/L)": "0", "Zinc (mg/L)": "0.1", "Cianuros (mg/L)": "0.001", "Cloro Residual (mg/L)": "0", "Cloruros (mg/L)": "2.4", "Dureza Total (mg/L)": "199.99", "Fluoruros (mg/L)": "0", "Nitratos (mg/L)": "0.2", "Nitritos (mg/L)": "0.002", "Ph": "7.17", "SDT (mg/L)": "291", "Sulfatos (mg/L)": "5", "Cloro Total (mg/L)": "0", "Conductividad (muS/cm)": "295", "Temperatura (°C)": "23.6", "ID": "San Agustín Metzquititlán_Mezquititlán_Manantial Tabasco" }, "geometry": { "type": "Point", "coordinates": [ -98.640512401312265, 20.53191325834927 ] } },
{ "type": "Feature", "properties": { "CVEGEO_LOC": "130360001", "AÑO": 2012.0, "NOM_MUN": "San Agustín Metzquititlán", "NOM_LOC": "Mezquititlán", "Fuente de abastecimiento": "Pozo Nueva Tlaxiaca", "Coliformes Totales (Ausencia o Presencia/100mL)": "Presencia", "E. Coli (Ausencia o Presencia/100mL)": "Presencia", "Arsenico (mg/L)": "0", "Bario (mg/L)": null, "Cadmio (mg/L)": null, "Cobre (mg/L)": "0.1", "Hierro (mg/L)": "0.136", "Manganeso (mg/L)": null, "Plomo (mg/L)": "0.001", "Zinc (mg/L)": "0.066", "Cianuros (mg/L)": "0.001", "Cloro Residual (mg/L)": "0.02", "Cloruros (mg/L)": "57", "Dureza Total (mg/L)": "126.6654", "Fluoruros (mg/L)": "0", "Nitratos (mg/L)": "0.5", "Nitritos (mg/L)": "0.0076", "Ph": "6.87", "SDT (mg/L)": "31.9", "Sulfatos (mg/L)": "7.5", "Cloro Total (mg/L)": "0", "Conductividad (muS/cm)": "178.2", "Temperatura (°C)": "23", "ID": "San Agustín Metzquititlán_Mezquititlán_Pozo Nueva Tlaxiaca" }, "geometry": { "type": "Point", "coordinates": [ -98.639723903729191, 20.534250408681267 ] } },
{ "type": "Feature", "properties": { "CVEGEO_LOC": "130360001", "AÑO": 2012.0, "NOM_MUN": "San Agustín Metzquititlán", "NOM_LOC": "Mezquititlán", "Fuente de abastecimiento": "Pozo Temoaya", "Coliformes Totales (Ausencia o Presencia/100mL)": "Presencia", "E. Coli (Ausencia o Presencia/100mL)": "Presencia", "Arsenico (mg/L)": "0", "Bario (mg/L)": null, "Cadmio (mg/L)": null, "Cobre (mg/L)": "0.007", "Hierro (mg/L)": "0.046", "Manganeso (mg/L)": null, "Plomo (mg/L)": "0.001", "Zinc (mg/L)": "0.027", "Cianuros (mg/L)": "0.002", "Cloro Residual (mg/L)": "0.03", "Cloruros (mg/L)": "46", "Dureza Total (mg/L)": "171.1094", "Fluoruros (mg/L)": "0", "Nitratos (mg/L)": "0.8", "Nitritos (mg/L)": "0.0092", "Ph": "7.02", "SDT (mg/L)": "168.3", "Sulfatos (mg/L)": "7.5", "Cloro Total (mg/L)": "0.04", "Conductividad (muS/cm)": "332", "Temperatura (°C)": "23.1", "ID": "San Agustín Metzquititlán_Mezquititlán_Pozo Temoaya" }, "geometry": { "type": "Point", "coordinates": [ -98.636290042128479, 20.534968137713442 ] } },
{ "type": "Feature", "properties": { "CVEGEO_LOC": "130360005", "AÑO": 2016.0, "NOM_MUN": "San Agustín Metzquititlán", "NOM_LOC": "Atecoxco (San Nicolás Atecoxco)", "Fuente de abastecimiento": "Manantial El Sabino", "Coliformes Totales (Ausencia o Presencia/100mL)": "Presencia", "E. Coli (Ausencia o Presencia/100mL)": "Presencia", "Arsenico (mg/L)": "0", "Bario (mg/L)": "0", "Cadmio (mg/L)": "ND", "Cobre (mg/L)": "0", "Hierro (mg/L)": "0", "Manganeso (mg/L)": "0", "Plomo (mg/L)": "0", "Zinc (mg/L)": "0.41", "Cianuros (mg/L)": "6", "Cloro Residual (mg/L)": "0", "Cloruros (mg/L)": "45720", "Dureza Total (mg/L)": "302.21", "Fluoruros (mg/L)": "0.52", "Nitratos (mg/L)": "0.8", "Nitritos (mg/L)": "6", "Ph": "45754", "SDT (mg/L)": "299", "Sulfatos (mg/L)": "80", "Cloro Total (mg/L)": "0", "Conductividad (muS/cm)": "592", "Temperatura (°C)": "32", "ID": "San Agustín Metzquititlán_Atecoxco (San Nicolás Atecoxco)_Manantial El Sabino" }, "geometry": { "type": "Point", "coordinates": [ -98.590282709934669, 20.507886292106448 ] } },
{ "type": "Feature", "properties": { "CVEGEO_LOC": "130360008", "AÑO": 2016.0, "NOM_MUN": "San Agustín Metzquititlán", "NOM_LOC": "Cieneguillas", "Fuente de abastecimiento": "Manantial Único", "Coliformes Totales (Ausencia o Presencia/100mL)": "Presencia", "E. Coli (Ausencia o Presencia/100mL)": "Ausencia", "Arsenico (mg/L)": "0", "Bario (mg/L)": "0", "Cadmio (mg/L)": "ND", "Cobre (mg/L)": "0.01", "Hierro (mg/L)": "0", "Manganeso (mg/L)": "0", "Plomo (mg/L)": "0", "Zinc (mg/L)": "0.01", "Cianuros (mg/L)": "1", "Cloro Residual (mg/L)": "0", "Cloruros (mg/L)": "45875", "Dureza Total (mg/L)": "112.21", "Fluoruros (mg/L)": "0", "Nitratos (mg/L)": "0.1", "Nitritos (mg/L)": "0", "Ph": "6.55", "SDT (mg/L)": "236", "Sulfatos (mg/L)": "8", "Cloro Total (mg/L)": "0", "Conductividad (muS/cm)": "278", "Temperatura (°C)": "45832", "ID": "San Agustín Metzquititlán_Cieneguillas_Manantial Único" }, "geometry": { "type": "Point", "coordinates": [ -98.574882374265002, 20.555949667763684 ] } },
{ "type": "Feature", "properties": { "CVEGEO_LOC": "130360020", "AÑO": 2012.0, "NOM_MUN": "San Agustín Metzquititlán", "NOM_LOC": "Zahuastipán", "Fuente de abastecimiento": "Los Manantiales", "Coliformes Totales (Ausencia o Presencia/100mL)": "Presencia", "E. Coli (Ausencia o Presencia/100mL)": "Presencia", "Arsenico (mg/L)": "0", "Bario (mg/L)": null, "Cadmio (mg/L)": null, "Cobre (mg/L)": "0.47", "Hierro (mg/L)": "0.098", "Manganeso (mg/L)": null, "Plomo (mg/L)": "0", "Zinc (mg/L)": "0.037", "Cianuros (mg/L)": "0.003", "Cloro Residual (mg/L)": "0.06", "Cloruros (mg/L)": "56.25", "Dureza Total (mg/L)": "33.333", "Fluoruros (mg/L)": "0.7", "Nitratos (mg/L)": "2.7", "Nitritos (mg/L)": "0.004", "Ph": "7.49", "SDT (mg/L)": "20.9", "Sulfatos (mg/L)": "2.5", "Cloro Total (mg/L)": "0.04", "Conductividad (muS/cm)": "43.8", "Temperatura (°C)": "21.4", "ID": "San Agustín Metzquititlán_Zahuastipán_Los Manantiales" }, "geometry": { "type": "Point", "coordinates": [ -98.562536975340919, 20.608323821813421 ] } },
{ "type": "Feature", "properties": { "CVEGEO_LOC": "130360020", "AÑO": 2015.0, "NOM_MUN": "San Agustín Metzquititlán", "NOM_LOC": "Zahuastipán", "Fuente de abastecimiento": "Manantial Zahuastipan", "Coliformes Totales (Ausencia o Presencia/100mL)": "Presencia", "E. Coli (Ausencia o Presencia/100mL)": "Presencia", "Arsenico (mg/L)": "0", "Bario (mg/L)": "0.04", "Cadmio (mg/L)": null, "Cobre (mg/L)": "0", "Hierro (mg/L)": "0", "Manganeso (mg/L)": "0", "Plomo (mg/L)": "0", "Zinc (mg/L)": "0.04", "Cianuros (mg/L)": "0.005", "Cloro Residual (mg/L)": "0.05", "Cloruros (mg/L)": "2.1", "Dureza Total (mg/L)": "62.22", "Fluoruros (mg/L)": "0", "Nitratos (mg/L)": "4.2", "Nitritos (mg/L)": "0.008", "Ph": "7.69", "SDT (mg/L)": "19", "Sulfatos (mg/L)": "3.9", "Cloro Total (mg/L)": "0.09", "Conductividad (muS/cm)": "18.8", "Temperatura (°C)": "16.1", "ID": "San Agustín Metzquititlán_Zahuastipán_Manantial Zahuastipan" }, "geometry": { "type": "Point", "coordinates": [ -98.564452731024716, 20.608882870904985 ] } },
{ "type": "Feature", "properties": { "CVEGEO_LOC": "130360020", "AÑO": 2013.0, "NOM_MUN": "San Agustín Metzquititlán", "NOM_LOC": "Zahuastipán", "Fuente de abastecimiento": "Manantial Zahuastipan", "Coliformes Totales (Ausencia o Presencia/100mL)": "Presencia", "E. Coli (Ausencia o Presencia/100mL)": "Presencia", "Arsenico (mg/L)": "0", "Bario (mg/L)": "0.04", "Cadmio (mg/L)": null, "Cobre (mg/L)": "0", "Hierro (mg/L)": "0", "Manganeso (mg/L)": "0", "Plomo (mg/L)": "0", "Zinc (mg/L)": "0.04", "Cianuros (mg/L)": "0.005", "Cloro Residual (mg/L)": "0.05", "Cloruros (mg/L)": "2.1", "Dureza Total (mg/L)": "62.22", "Fluoruros (mg/L)": "0", "Nitratos (mg/L)": "4.2", "Nitritos (mg/L)": "0.008", "Ph": "7.69", "SDT (mg/L)": "19", "Sulfatos (mg/L)": "3.9", "Cloro Total (mg/L)": "0.09", "Conductividad (muS/cm)": "18.8", "Temperatura (°C)": "16.1", "ID": "San Agustín Metzquititlán_Zahuastipán_Manantial Zahuastipan" }, "geometry": { "type": "Point", "coordinates": [ -98.564452731024716, 20.608882870904985 ] } },
{ "type": "Feature", "properties": { "CVEGEO_LOC": "130370001", "AÑO": 2013.0, "NOM_MUN": "Metztitlán", "NOM_LOC": "Metztitlán", "Fuente de abastecimiento": "Manantial", "Coliformes Totales (Ausencia o Presencia/100mL)": "Presencia", "E. Coli (Ausencia o Presencia/100mL)": "Ausencia", "Arsenico (mg/L)": "0", "Bario (mg/L)": "0", "Cadmio (mg/L)": null, "Cobre (mg/L)": "0.1", "Hierro (mg/L)": "0.01", "Manganeso (mg/L)": "0", "Plomo (mg/L)": "0", "Zinc (mg/L)": "0", "Cianuros (mg/L)": "0.002", "Cloro Residual (mg/L)": "0", "Cloruros (mg/L)": "54.8", "Dureza Total (mg/L)": "411.11", "Fluoruros (mg/L)": "0.5", "Nitratos (mg/L)": "0.3", "Nitritos (mg/L)": "0.001", "Ph": "7.68", "SDT (mg/L)": "345.61", "Sulfatos (mg/L)": "48.79", "Cloro Total (mg/L)": "0", "Conductividad (muS/cm)": "588", "Temperatura (°C)": "20.9", "ID": "Metztitlán_Metztitlán_Manantial" }, "geometry": { "type": "Point", "coordinates": [ -98.765253716428134, 20.591311099587422 ] } },
{ "type": "Feature", "properties": { "CVEGEO_LOC": "130370001", "AÑO": 2015.0, "NOM_MUN": "Metztitlán", "NOM_LOC": "Metztitlán", "Fuente de abastecimiento": "Manantial", "Coliformes Totales (Ausencia o Presencia/100mL)": "Presencia", "E. Coli (Ausencia o Presencia/100mL)": "Ausencia", "Arsenico (mg/L)": "0", "Bario (mg/L)": "0", "Cadmio (mg/L)": null, "Cobre (mg/L)": "0.1", "Hierro (mg/L)": "0.01", "Manganeso (mg/L)": "0", "Plomo (mg/L)": "0", "Zinc (mg/L)": "0", "Cianuros (mg/L)": "0.002", "Cloro Residual (mg/L)": "0", "Cloruros (mg/L)": "54.8", "Dureza Total (mg/L)": "411.11", "Fluoruros (mg/L)": "0.5", "Nitratos (mg/L)": "0.3", "Nitritos (mg/L)": "0.001", "Ph": "7.68", "SDT (mg/L)": "345.61", "Sulfatos (mg/L)": "48.79", "Cloro Total (mg/L)": "0", "Conductividad (muS/cm)": "588", "Temperatura (°C)": "20.9", "ID": "Metztitlán_Metztitlán_Manantial" }, "geometry": { "type": "Point", "coordinates": [ -98.765253716428134, 20.591311099587422 ] } },
{ "type": "Feature", "properties": { "CVEGEO_LOC": "130370004", "AÑO": 2018.0, "NOM_MUN": "Metztitlán", "NOM_LOC": "La Paila de Anáhuac", "Fuente de abastecimiento": "Pozo La Paila", "Coliformes Totales (Ausencia o Presencia/100mL)": "Presencia", "E. Coli (Ausencia o Presencia/100mL)": "Ausencia", "Arsenico (mg/L)": "0", "Bario (mg/L)": "0", "Cadmio (mg/L)": "0", "Cobre (mg/L)": "0", "Hierro (mg/L)": "0", "Manganeso (mg/L)": "0", "Plomo (mg/L)": "0", "Zinc (mg/L)": "0.03", "Cianuros (mg/L)": "0.004", "Cloro Residual (mg/L)": "0.01", "Cloruros (mg/L)": "32", "Dureza Total (mg/L)": "11.11", "Fluoruros (mg/L)": "0.5", "Nitratos (mg/L)": "0", "Nitritos (mg/L)": "0", "Ph": "7.12", "SDT (mg/L)": "532", "Sulfatos (mg/L)": "21", "Cloro Total (mg/L)": "0.08", "Conductividad (muS/cm)": "718", "Temperatura (°C)": "24.9", "ID": "Metztitlán_La Paila de Anáhuac_Pozo La Paila" }, "geometry": { "type": "Point", "coordinates": [ -98.719882284981324, 20.529490956552547 ] } },
{ "type": "Feature", "properties": { "CVEGEO_LOC": "130370008", "AÑO": 2014.0, "NOM_MUN": "Metztitlán", "NOM_LOC": "Buena Vista", "Fuente de abastecimiento": "Pozo Buena Vista", "Coliformes Totales (Ausencia o Presencia/100mL)": "Presencia", "E. Coli (Ausencia o Presencia/100mL)": "Ausencia", "Arsenico (mg/L)": "0", "Bario (mg/L)": "0", "Cadmio (mg/L)": null, "Cobre (mg/L)": "0.66", "Hierro (mg/L)": "0.07", "Manganeso (mg/L)": "0.07", "Plomo (mg/L)": "0", "Zinc (mg/L)": "2.44", "Cianuros (mg/L)": "0.009", "Cloro Residual (mg/L)": "0.3", "Cloruros (mg/L)": "8.7", "Dureza Total (mg/L)": "166.66", "Fluoruros (mg/L)": "0.31", "Nitratos (mg/L)": "2.4", "Nitritos (mg/L)": "0.582", "Ph": "7.4", "SDT (mg/L)": "804", "Sulfatos (mg/L)": "71", "Cloro Total (mg/L)": "0", "Conductividad (muS/cm)": "803", "Temperatura (°C)": "20.5", "ID": "Metztitlán_Buena Vista_Pozo Buena Vista" }, "geometry": { "type": "Point", "coordinates": [ -98.686250891058677, 20.482793815556214 ] } },
{ "type": "Feature", "properties": { "CVEGEO_LOC": "130370020", "AÑO": 2016.0, "NOM_MUN": "Metztitlán", "NOM_LOC": "Itztazacuala", "Fuente de abastecimiento": "Manantial", "Coliformes Totales (Ausencia o Presencia/100mL)": "Presencia", "E. Coli (Ausencia o Presencia/100mL)": "Presencia", "Arsenico (mg/L)": "0.01", "Bario (mg/L)": "0", "Cadmio (mg/L)": "ND", "Cobre (mg/L)": "0.28", "Hierro (mg/L)": "0.13", "Manganeso (mg/L)": "0.11", "Plomo (mg/L)": "5", "Zinc (mg/L)": "0.51", "Cianuros (mg/L)": "0.05", "Cloro Residual (mg/L)": "0.01", "Cloruros (mg/L)": "45844", "Dureza Total (mg/L)": "445.55", "Fluoruros (mg/L)": "0.45", "Nitratos (mg/L)": "45748", "Nitritos (mg/L)": "0.7", "Ph": "45754", "SDT (mg/L)": "857", "Sulfatos (mg/L)": "82", "Cloro Total (mg/L)": "0.02", "Conductividad (muS/cm)": "278", "Temperatura (°C)": "45713", "ID": "Metztitlán_Itztazacuala_Manantial" }, "geometry": { "type": "Point", "coordinates": [ -98.837333553843095, 20.584204052750788 ] } },
{ "type": "Feature", "properties": { "CVEGEO_LOC": "130370057", "AÑO": 2014.0, "NOM_MUN": "Metztitlán", "NOM_LOC": "Tres Cruces", "Fuente de abastecimiento": "Pozo Tres Cruces", "Coliformes Totales (Ausencia o Presencia/100mL)": "Presencia", "E. Coli (Ausencia o Presencia/100mL)": "Ausencia", "Arsenico (mg/L)": "0", "Bario (mg/L)": "0", "Cadmio (mg/L)": null, "Cobre (mg/L)": "0", "Hierro (mg/L)": "0", "Manganeso (mg/L)": "0.15", "Plomo (mg/L)": "0", "Zinc (mg/L)": "0", "Cianuros (mg/L)": "0.007", "Cloro Residual (mg/L)": "0.1", "Cloruros (mg/L)": "6.1", "Dureza Total (mg/L)": "0", "Fluoruros (mg/L)": "0.16", "Nitratos (mg/L)": "0.7", "Nitritos (mg/L)": "0.33", "Ph": "7.28", "SDT (mg/L)": "968", "Sulfatos (mg/L)": "73", "Cloro Total (mg/L)": "0", "Conductividad (muS/cm)": "992", "Temperatura (°C)": "23", "ID": "Metztitlán_Tres Cruces_Pozo Tres Cruces" }, "geometry": { "type": "Point", "coordinates": [ -98.711666148952361, 20.514779228397618 ] } },
{ "type": "Feature", "properties": { "CVEGEO_LOC": "1303700710012800", "AÑO": 2021.0, "NOM_MUN": "Metztitlán", "NOM_LOC": "Pie de la Cuesta", "Fuente de abastecimiento": "Pozo Pie de La Cuesta", "Coliformes Totales (Ausencia o Presencia/100mL)": "Presencia", "E. Coli (Ausencia o Presencia/100mL)": "Presencia", "Arsenico (mg/L)": "0", "Bario (mg/L)": "0", "Cadmio (mg/L)": "0", "Cobre (mg/L)": "1.27", "Hierro (mg/L)": "4.02", "Manganeso (mg/L)": "0.3", "Plomo (mg/L)": "0", "Zinc (mg/L)": "0", "Cianuros (mg/L)": "0.015", "Cloro Residual (mg/L)": "0.61", "Cloruros (mg/L)": "37", "Dureza Total (mg/L)": "391.1", "Fluoruros (mg/L)": "0", "Nitratos (mg/L)": "0.9", "Nitritos (mg/L)": "1.1", "Ph": "6.48", "SDT (mg/L)": "265", "Sulfatos (mg/L)": "111", "Cloro Total (mg/L)": "0.61", "Conductividad (muS/cm)": "1275", "Temperatura (°C)": "23.8", "ID": "Metztitlán_Pie de la Cuesta_Pozo Pie de La Cuesta" }, "geometry": { "type": "Point", "coordinates": [ -98.844283288715602, 20.62579327299175 ] } },
{ "type": "Feature", "properties": { "CVEGEO_LOC": "130370075", "AÑO": 2012.0, "NOM_MUN": "Metztitlán", "NOM_LOC": "Tecruz Cozapa", "Fuente de abastecimiento": "Manantial Agua Fría", "Coliformes Totales (Ausencia o Presencia/100mL)": "Presencia", "E. Coli (Ausencia o Presencia/100mL)": "Presencia", "Arsenico (mg/L)": "0", "Bario (mg/L)": "0", "Cadmio (mg/L)": null, "Cobre (mg/L)": "1.817", "Hierro (mg/L)": "0.1", "Manganeso (mg/L)": "0.5", "Plomo (mg/L)": "0", "Zinc (mg/L)": "0.035", "Cianuros (mg/L)": "0.005", "Cloro Residual (mg/L)": "0.14", "Cloruros (mg/L)": "75.75", "Dureza Total (mg/L)": "333.33", "Fluoruros (mg/L)": "0.36", "Nitratos (mg/L)": "1.9", "Nitritos (mg/L)": "0.0064", "Ph": "7.52", "SDT (mg/L)": "53", "Sulfatos (mg/L)": "0", "Cloro Total (mg/L)": "0.16", "Conductividad (muS/cm)": "796", "Temperatura (°C)": "22.7", "ID": "Metztitlán_Tecruz Cozapa_Manantial Agua Fría" }, "geometry": { "type": "Point", "coordinates": [ -98.78898816860152, 20.591130597316511 ] } },
{ "type": "Feature", "properties": { "CVEGEO_LOC": "130370075", "AÑO": 2012.0, "NOM_MUN": "Metztitlán", "NOM_LOC": "Tecruz Cozapa", "Fuente de abastecimiento": "Manantial El Paraíso", "Coliformes Totales (Ausencia o Presencia/100mL)": "Presencia", "E. Coli (Ausencia o Presencia/100mL)": "Presencia", "Arsenico (mg/L)": "0.002", "Bario (mg/L)": "0.02", "Cadmio (mg/L)": null, "Cobre (mg/L)": "0.888", "Hierro (mg/L)": "0.11", "Manganeso (mg/L)": "0.8", "Plomo (mg/L)": "0", "Zinc (mg/L)": "0", "Cianuros (mg/L)": "0.003", "Cloro Residual (mg/L)": "0.03", "Cloruros (mg/L)": "68.5", "Dureza Total (mg/L)": "335.5522", "Fluoruros (mg/L)": "0.34", "Nitratos (mg/L)": "0.7", "Nitritos (mg/L)": "0.0197", "Ph": "7.87", "SDT (mg/L)": "111.5", "Sulfatos (mg/L)": "5", "Cloro Total (mg/L)": "0.02", "Conductividad (muS/cm)": "601", "Temperatura (°C)": "24.1", "ID": "Metztitlán_Tecruz Cozapa_Manantial El Paraíso" }, "geometry": { "type": "Point", "coordinates": [ -98.78927833968703, 20.590250704776825 ] } },
{ "type": "Feature", "properties": { "CVEGEO_LOC": "130370075", "AÑO": 2016.0, "NOM_MUN": "Metztitlán", "NOM_LOC": "Tecruz Cozapa", "Fuente de abastecimiento": "Pozo Tecruz Copaza", "Coliformes Totales (Ausencia o Presencia/100mL)": "Presencia", "E. Coli (Ausencia o Presencia/100mL)": "Presencia", "Arsenico (mg/L)": "0", "Bario (mg/L)": "0", "Cadmio (mg/L)": "ND", "Cobre (mg/L)": "0.13", "Hierro (mg/L)": "0", "Manganeso (mg/L)": "0.12", "Plomo (mg/L)": "0", "Zinc (mg/L)": "45658", "Cianuros (mg/L)": "0.03", "Cloro Residual (mg/L)": "0", "Cloruros (mg/L)": "45685", "Dureza Total (mg/L)": "436.99", "Fluoruros (mg/L)": "45717", "Nitratos (mg/L)": "45816", "Nitritos (mg/L)": "216", "Ph": "7.49", "SDT (mg/L)": "993", "Sulfatos (mg/L)": "78", "Cloro Total (mg/L)": "0.01", "Conductividad (muS/cm)": "276", "Temperatura (°C)": "45711", "ID": "Metztitlán_Tecruz Cozapa_Pozo Tecruz Copaza" }, "geometry": { "type": "Point", "coordinates": [ -98.79028124424066, 20.590753537505982 ] } },
{ "type": "Feature", "properties": { "CVEGEO_LOC": "130370093", "AÑO": 2013.0, "NOM_MUN": "Metztitlán", "NOM_LOC": "Macuila", "Fuente de abastecimiento": "Pozo \"Macuila\"", "Coliformes Totales (Ausencia o Presencia/100mL)": "Presencia", "E. Coli (Ausencia o Presencia/100mL)": "Ausencia", "Arsenico (mg/L)": "0", "Bario (mg/L)": "0", "Cadmio (mg/L)": null, "Cobre (mg/L)": "0.1", "Hierro (mg/L)": "0.01", "Manganeso (mg/L)": "0", "Plomo (mg/L)": "0", "Zinc (mg/L)": "0", "Cianuros (mg/L)": "0.003", "Cloro Residual (mg/L)": "0.01", "Cloruros (mg/L)": "76", "Dureza Total (mg/L)": "365.55", "Fluoruros (mg/L)": "0.4", "Nitratos (mg/L)": "0.5", "Nitritos (mg/L)": "0.001", "Ph": "7.4", "SDT (mg/L)": "94.5", "Sulfatos (mg/L)": "40", "Cloro Total (mg/L)": "0", "Conductividad (muS/cm)": "148", "Temperatura (°C)": "21", "ID": "Metztitlán_Macuila_Pozo \"Macuila\"" }, "geometry": { "type": "Point", "coordinates": [ -98.807043043028187, 20.647246262086732 ] } },
{ "type": "Feature", "properties": { "CVEGEO_LOC": "130370093", "AÑO": 2015.0, "NOM_MUN": "Metztitlán", "NOM_LOC": "Macuila", "Fuente de abastecimiento": "Pozo Macuila", "Coliformes Totales (Ausencia o Presencia/100mL)": "Presencia", "E. Coli (Ausencia o Presencia/100mL)": "Ausencia", "Arsenico (mg/L)": "0", "Bario (mg/L)": "0", "Cadmio (mg/L)": null, "Cobre (mg/L)": "0.1", "Hierro (mg/L)": "0.01", "Manganeso (mg/L)": "0", "Plomo (mg/L)": "0", "Zinc (mg/L)": "0", "Cianuros (mg/L)": "0.003", "Cloro Residual (mg/L)": "0.01", "Cloruros (mg/L)": "76", "Dureza Total (mg/L)": "365.55", "Fluoruros (mg/L)": "0.4", "Nitratos (mg/L)": "0.5", "Nitritos (mg/L)": "0.001", "Ph": "7.4", "SDT (mg/L)": "94.5", "Sulfatos (mg/L)": "40", "Cloro Total (mg/L)": "0", "Conductividad (muS/cm)": "148", "Temperatura (°C)": "21", "ID": "Metztitlán_Macuila_Pozo Macuila" }, "geometry": { "type": "Point", "coordinates": [ -98.805895678406387, 20.647334964089929 ] } },
{ "type": "Feature", "properties": { "CVEGEO_LOC": "130380001", "AÑO": 2012.0, "NOM_MUN": "Mineral del Chico", "NOM_LOC": "Mineral del Chico", "Fuente de abastecimiento": "Manantial Titimilco", "Coliformes Totales (Ausencia o Presencia/100mL)": "Presencia", "E. Coli (Ausencia o Presencia/100mL)": "Ausencia", "Arsenico (mg/L)": "0", "Bario (mg/L)": null, "Cadmio (mg/L)": null, "Cobre (mg/L)": "0.521", "Hierro (mg/L)": "0.06", "Manganeso (mg/L)": "0.5", "Plomo (mg/L)": "0", "Zinc (mg/L)": "0.025", "Cianuros (mg/L)": "0.004", "Cloro Residual (mg/L)": "0", "Cloruros (mg/L)": "48.5", "Dureza Total (mg/L)": "84.4436", "Fluoruros (mg/L)": "0", "Nitratos (mg/L)": "0.5", "Nitritos (mg/L)": "5e-04", "Ph": "7.53", "SDT (mg/L)": "52.3", "Sulfatos (mg/L)": "5", "Cloro Total (mg/L)": "0", "Conductividad (muS/cm)": "105.7", "Temperatura (°C)": "20.3", "ID": "Mineral del Chico_Mineral del Chico_Manantial Titimilco" }, "geometry": { "type": "Point", "coordinates": [ -98.729212092589677, 20.215573680769957 ] } },
{ "type": "Feature", "properties": { "CVEGEO_LOC": "130380001", "AÑO": 2012.0, "NOM_MUN": "Mineral del Chico", "NOM_LOC": "Mineral del Chico", "Fuente de abastecimiento": "Tanque", "Coliformes Totales (Ausencia o Presencia/100mL)": "Presencia", "E. Coli (Ausencia o Presencia/100mL)": "Presencia", "Arsenico (mg/L)": "0", "Bario (mg/L)": "ND", "Cadmio (mg/L)": "ND", "Cobre (mg/L)": "465", "Hierro (mg/L)": "62", "Manganeso (mg/L)": "0.2", "Plomo (mg/L)": "0", "Zinc (mg/L)": "45", "Cianuros (mg/L)": "8", "Cloro Residual (mg/L)": "0.08", "Cloruros (mg/L)": "50.75", "Dureza Total (mg/L)": "1088878", "Fluoruros (mg/L)": "0", "Nitratos (mg/L)": "0.9", "Nitritos (mg/L)": "73", "Ph": "7.86", "SDT (mg/L)": "54", "Sulfatos (mg/L)": "0", "Cloro Total (mg/L)": "0.08", "Conductividad (muS/cm)": "106.1", "Temperatura (°C)": "45731", "ID": "Mineral del Chico_Mineral del Chico_Tanque" }, "geometry": { "type": "Point", "coordinates": [ -98.728919694084539, 20.212308203207872 ] } },
{ "type": "Feature", "properties": { "CVEGEO_LOC": "130380001", "AÑO": 2016.0, "NOM_MUN": "Mineral del Chico", "NOM_LOC": "Mineral del Chico", "Fuente de abastecimiento": "Tanque Los Laureles", "Coliformes Totales (Ausencia o Presencia/100mL)": "Presencia", "E. Coli (Ausencia o Presencia/100mL)": "Ausencia", "Arsenico (mg/L)": "0", "Bario (mg/L)": "0", "Cadmio (mg/L)": "ND", "Cobre (mg/L)": "0", "Hierro (mg/L)": "0.02", "Manganeso (mg/L)": "0", "Plomo (mg/L)": "0", "Zinc (mg/L)": "0.06", "Cianuros (mg/L)": "1", "Cloro Residual (mg/L)": "0.1", "Cloruros (mg/L)": "42.2", "Dureza Total (mg/L)": "111.11", "Fluoruros (mg/L)": "0", "Nitratos (mg/L)": "0.8", "Nitritos (mg/L)": "5", "Ph": "45695", "SDT (mg/L)": "66.4", "Sulfatos (mg/L)": "0", "Cloro Total (mg/L)": "0.1", "Conductividad (muS/cm)": "37", "Temperatura (°C)": "45914", "ID": "Mineral del Chico_Mineral del Chico_Tanque Los Laureles" }, "geometry": { "type": "Point", "coordinates": [ -98.732541237874685, 20.211392454159672 ] } },
{ "type": "Feature", "properties": { "CVEGEO_LOC": "130380001", "AÑO": 2013.0, "NOM_MUN": "Mineral del Chico", "NOM_LOC": "Mineral del Chico", "Fuente de abastecimiento": "Tanque Paraíso", "Coliformes Totales (Ausencia o Presencia/100mL)": "Presencia", "E. Coli (Ausencia o Presencia/100mL)": "Presencia", "Arsenico (mg/L)": "0", "Bario (mg/L)": "0", "Cadmio (mg/L)": null, "Cobre (mg/L)": "0.2", "Hierro (mg/L)": "0.04", "Manganeso (mg/L)": "0", "Plomo (mg/L)": "0", "Zinc (mg/L)": "0.05", "Cianuros (mg/L)": "0.003", "Cloro Residual (mg/L)": "0", "Cloruros (mg/L)": "55.5", "Dureza Total (mg/L)": "110.11", "Fluoruros (mg/L)": "0", "Nitratos (mg/L)": "0.7", "Nitritos (mg/L)": "0.006", "Ph": "7.02", "SDT (mg/L)": "57.6", "Sulfatos (mg/L)": "0", "Cloro Total (mg/L)": "0", "Conductividad (muS/cm)": "101.9", "Temperatura (°C)": "12.3", "ID": "Mineral del Chico_Mineral del Chico_Tanque Paraíso" }, "geometry": { "type": "Point", "coordinates": [ -98.73340705496247, 20.214786005929774 ] } },
{ "type": "Feature", "properties": { "CVEGEO_LOC": "130380001", "AÑO": 2015.0, "NOM_MUN": "Mineral del Chico", "NOM_LOC": "Mineral del Chico", "Fuente de abastecimiento": "Tanque Paraíso", "Coliformes Totales (Ausencia o Presencia/100mL)": "Presencia", "E. Coli (Ausencia o Presencia/100mL)": "Presencia", "Arsenico (mg/L)": "0", "Bario (mg/L)": "0", "Cadmio (mg/L)": null, "Cobre (mg/L)": "0.2", "Hierro (mg/L)": "0.04", "Manganeso (mg/L)": "0", "Plomo (mg/L)": "0", "Zinc (mg/L)": "0.05", "Cianuros (mg/L)": "0.003", "Cloro Residual (mg/L)": "0", "Cloruros (mg/L)": "55.5", "Dureza Total (mg/L)": "110.11", "Fluoruros (mg/L)": "0", "Nitratos (mg/L)": "0.7", "Nitritos (mg/L)": "0.006", "Ph": "7.02", "SDT (mg/L)": "57.6", "Sulfatos (mg/L)": "0", "Cloro Total (mg/L)": "0", "Conductividad (muS/cm)": "101.9", "Temperatura (°C)": "12.3", "ID": "Mineral del Chico_Mineral del Chico_Tanque Paraíso" }, "geometry": { "type": "Point", "coordinates": [ -98.73340705496247, 20.214786005929774 ] } },
{ "type": "Feature", "properties": { "CVEGEO_LOC": "130380004", "AÑO": 2013.0, "NOM_MUN": "Mineral del Chico", "NOM_LOC": "Carboneras", "Fuente de abastecimiento": "Tanque Carboneras", "Coliformes Totales (Ausencia o Presencia/100mL)": "Presencia", "E. Coli (Ausencia o Presencia/100mL)": "Presencia", "Arsenico (mg/L)": "0", "Bario (mg/L)": "0", "Cadmio (mg/L)": null, "Cobre (mg/L)": "0.3", "Hierro (mg/L)": "0.011", "Manganeso (mg/L)": "0", "Plomo (mg/L)": "0", "Zinc (mg/L)": "0.08", "Cianuros (mg/L)": "0.004", "Cloro Residual (mg/L)": "0", "Cloruros (mg/L)": "60.4", "Dureza Total (mg/L)": "122.24", "Fluoruros (mg/L)": "0", "Nitratos (mg/L)": "0.8", "Nitritos (mg/L)": "0.009", "Ph": "7.02", "SDT (mg/L)": "77.11", "Sulfatos (mg/L)": "0", "Cloro Total (mg/L)": "0", "Conductividad (muS/cm)": "91.7", "Temperatura (°C)": "12.3", "ID": "Mineral del Chico_Carboneras_Tanque Carboneras" }, "geometry": { "type": "Point", "coordinates": [ -98.694315377018484, 20.214716700185207 ] } },
{ "type": "Feature", "properties": { "CVEGEO_LOC": "130380004", "AÑO": 2015.0, "NOM_MUN": "Mineral del Chico", "NOM_LOC": "Carboneras", "Fuente de abastecimiento": "Tanque de Carboneras", "Coliformes Totales (Ausencia o Presencia/100mL)": "Presencia", "E. Coli (Ausencia o Presencia/100mL)": "Presencia", "Arsenico (mg/L)": "0", "Bario (mg/L)": "0", "Cadmio (mg/L)": null, "Cobre (mg/L)": "0.3", "Hierro (mg/L)": "0.011", "Manganeso (mg/L)": "0", "Plomo (mg/L)": "0", "Zinc (mg/L)": "0.08", "Cianuros (mg/L)": "0.004", "Cloro Residual (mg/L)": "0", "Cloruros (mg/L)": "60.4", "Dureza Total (mg/L)": "122.24", "Fluoruros (mg/L)": "0", "Nitratos (mg/L)": "0.8", "Nitritos (mg/L)": "0.009", "Ph": "7.02", "SDT (mg/L)": "77.11", "Sulfatos (mg/L)": "0", "Cloro Total (mg/L)": "0", "Conductividad (muS/cm)": "91.7", "Temperatura (°C)": "12.3", "ID": "Mineral del Chico_Carboneras_Tanque de Carboneras" }, "geometry": { "type": "Point", "coordinates": [ -98.694742062521996, 20.212866237699728 ] } },
{ "type": "Feature", "properties": { "CVEGEO_LOC": "130380004", "AÑO": 2016.0, "NOM_MUN": "Mineral del Chico", "NOM_LOC": "Carboneras", "Fuente de abastecimiento": "Tanque de Distribución", "Coliformes Totales (Ausencia o Presencia/100mL)": "Presencia", "E. Coli (Ausencia o Presencia/100mL)": "Ausencia", "Arsenico (mg/L)": "0", "Bario (mg/L)": "0", "Cadmio (mg/L)": "ND", "Cobre (mg/L)": "0.4", "Hierro (mg/L)": "0.07", "Manganeso (mg/L)": "0", "Plomo (mg/L)": "0", "Zinc (mg/L)": "0.11", "Cianuros (mg/L)": "2", "Cloro Residual (mg/L)": "0.1", "Cloruros (mg/L)": "63.1", "Dureza Total (mg/L)": "133.33", "Fluoruros (mg/L)": "0", "Nitratos (mg/L)": "0.1", "Nitritos (mg/L)": "6", "Ph": "7.31", "SDT (mg/L)": "79.5", "Sulfatos (mg/L)": "0", "Cloro Total (mg/L)": "0.1", "Conductividad (muS/cm)": "71.3", "Temperatura (°C)": "14", "ID": "Mineral del Chico_Carboneras_Tanque de Distribución" }, "geometry": { "type": "Point", "coordinates": [ -98.696375806484184, 20.213954898405113 ] } },
{ "type": "Feature", "properties": { "CVEGEO_LOC": "130380007", "AÑO": 2017.0, "NOM_MUN": "Mineral del Chico", "NOM_LOC": "La Estanzuela", "Fuente de abastecimiento": "Manantial el Potrero", "Coliformes Totales (Ausencia o Presencia/100mL)": "Presencia", "E. Coli (Ausencia o Presencia/100mL)": "Ausencia", "Arsenico (mg/L)": "0", "Bario (mg/L)": "0", "Cadmio (mg/L)": null, "Cobre (mg/L)": "0", "Hierro (mg/L)": "0", "Manganeso (mg/L)": "0", "Plomo (mg/L)": "0", "Zinc (mg/L)": "0.01", "Cianuros (mg/L)": "0.002", "Cloro Residual (mg/L)": "0.14", "Cloruros (mg/L)": "124", "Dureza Total (mg/L)": "111.11", "Fluoruros (mg/L)": "1.21", "Nitratos (mg/L)": "0.2", "Nitritos (mg/L)": "0.001", "Ph": "7.15", "SDT (mg/L)": "0.07", "Sulfatos (mg/L)": "80", "Cloro Total (mg/L)": "0.07", "Conductividad (muS/cm)": "1099", "Temperatura (°C)": "27.5", "ID": "Mineral del Chico_La Estanzuela_Manantial el Potrero" }, "geometry": { "type": "Point", "coordinates": [ -98.756397595566341, 20.17284618722627 ] } },
{ "type": "Feature", "properties": { "CVEGEO_LOC": "130380007", "AÑO": 2018.0, "NOM_MUN": "Mineral del Chico", "NOM_LOC": "La Estanzuela", "Fuente de abastecimiento": "Presa De Lopez", "Coliformes Totales (Ausencia o Presencia/100mL)": "Presencia", "E. Coli (Ausencia o Presencia/100mL)": "Presencia", "Arsenico (mg/L)": "0", "Bario (mg/L)": "0", "Cadmio (mg/L)": "0", "Cobre (mg/L)": "0.43", "Hierro (mg/L)": "0.11", "Manganeso (mg/L)": "0.1", "Plomo (mg/L)": "0", "Zinc (mg/L)": "0.08", "Cianuros (mg/L)": "0.004", "Cloro Residual (mg/L)": "0.15", "Cloruros (mg/L)": "4.8", "Dureza Total (mg/L)": "104.44", "Fluoruros (mg/L)": "0", "Nitratos (mg/L)": "4.6", "Nitritos (mg/L)": "0.038", "Ph": "7.36", "SDT (mg/L)": "501", "Sulfatos (mg/L)": "7", "Cloro Total (mg/L)": "0.17", "Conductividad (muS/cm)": "1001", "Temperatura (°C)": "17.3", "ID": "Mineral del Chico_La Estanzuela_Presa De Lopez" }, "geometry": { "type": "Point", "coordinates": [ -98.762591080956753, 20.174442100709776 ] } },
{ "type": "Feature", "properties": { "CVEGEO_LOC": "130380012001A800", "AÑO": 2022.0, "NOM_MUN": "Mineral del Chico", "NOM_LOC": "Las Manzanas", "Fuente de abastecimiento": "Manantial Manzanas I", "Coliformes Totales (Ausencia o Presencia/100mL)": "Presencia", "E. Coli (Ausencia o Presencia/100mL)": "Presencia", "Arsenico (mg/L)": "0.01", "Bario (mg/L)": "0.1", "Cadmio (mg/L)": "0.089", "Cobre (mg/L)": "2.32", "Hierro (mg/L)": "4.14", "Manganeso (mg/L)": "0.9", "Plomo (mg/L)": "0.025", "Zinc (mg/L)": "0.18", "Cianuros (mg/L)": "0.014", "Cloro Residual (mg/L)": "0.09", "Cloruros (mg/L)": "8.1", "Dureza Total (mg/L)": "111.11", "Fluoruros (mg/L)": "0", "Nitratos (mg/L)": "1.9", "Nitritos (mg/L)": "0.053", "Ph": "6.48", "SDT (mg/L)": "137", "Sulfatos (mg/L)": "0", "Cloro Total (mg/L)": "0.1", "Conductividad (muS/cm)": "257", "Temperatura (°C)": "28", "ID": "Mineral del Chico_Las Manzanas_Manantial Manzanas I" }, "geometry": { "type": "Point", "coordinates": [ -98.805032505822254, 20.207064367202626 ] } },
{ "type": "Feature", "properties": { "CVEGEO_LOC": "130380012001A800", "AÑO": 2022.0, "NOM_MUN": "Mineral del Chico", "NOM_LOC": "Las Manzanas", "Fuente de abastecimiento": "Manantial Manzanas I", "Coliformes Totales (Ausencia o Presencia/100mL)": "Presencia", "E. Coli (Ausencia o Presencia/100mL)": "Presencia", "Arsenico (mg/L)": "0.01", "Bario (mg/L)": "0.1", "Cadmio (mg/L)": "0.089", "Cobre (mg/L)": "2.32", "Hierro (mg/L)": "4.14", "Manganeso (mg/L)": "0.9", "Plomo (mg/L)": "0.025", "Zinc (mg/L)": "0.18", "Cianuros (mg/L)": "0.014", "Cloro Residual (mg/L)": "0.09", "Cloruros (mg/L)": "8.1", "Dureza Total (mg/L)": "111.11", "Fluoruros (mg/L)": "0", "Nitratos (mg/L)": "1.9", "Nitritos (mg/L)": "0.053", "Ph": "6.48", "SDT (mg/L)": "137", "Sulfatos (mg/L)": "0", "Cloro Total (mg/L)": "0.1", "Conductividad (muS/cm)": "257", "Temperatura (°C)": "29", "ID": "Mineral del Chico_Las Manzanas_Manantial Manzanas I" }, "geometry": { "type": "Point", "coordinates": [ -98.805032505822254, 20.207064367202626 ] } },
{ "type": "Feature", "properties": { "CVEGEO_LOC": "130380012001A800", "AÑO": 2022.0, "NOM_MUN": "Mineral del Chico", "NOM_LOC": "Las Manzanas", "Fuente de abastecimiento": "Manantial Manzanas II", "Coliformes Totales (Ausencia o Presencia/100mL)": "Presencia", "E. Coli (Ausencia o Presencia/100mL)": "Presencia", "Arsenico (mg/L)": "0", "Bario (mg/L)": "0", "Cadmio (mg/L)": "0.034", "Cobre (mg/L)": "0.12", "Hierro (mg/L)": "0.04", "Manganeso (mg/L)": "0.01", "Plomo (mg/L)": "0.022", "Zinc (mg/L)": "0.04", "Cianuros (mg/L)": "0", "Cloro Residual (mg/L)": "0.06", "Cloruros (mg/L)": "7.6", "Dureza Total (mg/L)": "68.88", "Fluoruros (mg/L)": "0", "Nitratos (mg/L)": "0.8", "Nitritos (mg/L)": "0", "Ph": "6.6", "SDT (mg/L)": "98.5", "Sulfatos (mg/L)": "0", "Cloro Total (mg/L)": "0.09", "Conductividad (muS/cm)": "163.2", "Temperatura (°C)": "17.9", "ID": "Mineral del Chico_Las Manzanas_Manantial Manzanas II" }, "geometry": { "type": "Point", "coordinates": [ -98.805031938536331, 20.207516188267938 ] } },
{ "type": "Feature", "properties": { "CVEGEO_LOC": "130380012001A800", "AÑO": 2022.0, "NOM_MUN": "Mineral del Chico", "NOM_LOC": "Las Manzanas", "Fuente de abastecimiento": "Manantial Manzanas II", "Coliformes Totales (Ausencia o Presencia/100mL)": "Presencia", "E. Coli (Ausencia o Presencia/100mL)": "Presencia", "Arsenico (mg/L)": "0", "Bario (mg/L)": "0", "Cadmio (mg/L)": "0.034", "Cobre (mg/L)": "0.12", "Hierro (mg/L)": "0.04", "Manganeso (mg/L)": "0.01", "Plomo (mg/L)": "0.022", "Zinc (mg/L)": "0.04", "Cianuros (mg/L)": "0", "Cloro Residual (mg/L)": "0.06", "Cloruros (mg/L)": "7.6", "Dureza Total (mg/L)": "68.88", "Fluoruros (mg/L)": "0", "Nitratos (mg/L)": "0.8", "Nitritos (mg/L)": "0", "Ph": "6.6", "SDT (mg/L)": "98.5", "Sulfatos (mg/L)": "0", "Cloro Total (mg/L)": "0.09", "Conductividad (muS/cm)": "163.2", "Temperatura (°C)": "17.9", "ID": "Mineral del Chico_Las Manzanas_Manantial Manzanas II" }, "geometry": { "type": "Point", "coordinates": [ -98.805031938536331, 20.207516188267938 ] } },
{ "type": "Feature", "properties": { "CVEGEO_LOC": "130380031001A800", "AÑO": 2014.0, "NOM_MUN": "Mineral del Chico", "NOM_LOC": "Plan Grande (Ejido el Puente)", "Fuente de abastecimiento": "Túnel Neptón", "Coliformes Totales (Ausencia o Presencia/100mL)": "Presencia", "E. Coli (Ausencia o Presencia/100mL)": "Ausencia", "Arsenico (mg/L)": "0", "Bario (mg/L)": "0", "Cadmio (mg/L)": "ND", "Cobre (mg/L)": "0.02", "Hierro (mg/L)": "0.07", "Manganeso (mg/L)": "0.1", "Plomo (mg/L)": "0", "Zinc (mg/L)": "0.13", "Cianuros (mg/L)": "2", "Cloro Residual (mg/L)": "0.09", "Cloruros (mg/L)": "45779", "Dureza Total (mg/L)": "233.33", "Fluoruros (mg/L)": "0.88", "Nitratos (mg/L)": "0.7", "Nitritos (mg/L)": "1", "Ph": "7.66", "SDT (mg/L)": "580", "Sulfatos (mg/L)": "120", "Cloro Total (mg/L)": "0", "Conductividad (muS/cm)": "634", "Temperatura (°C)": "45831", "ID": "Mineral del Chico_Plan Grande (Ejido el Puente)_Túnel Neptón" }, "geometry": { "type": "Point", "coordinates": [ -98.743575457198716, 20.233320072806801 ] } },
{ "type": "Feature", "properties": { "CVEGEO_LOC": "130390001", "AÑO": 2014.0, "NOM_MUN": "Mineral del Monte", "NOM_LOC": "Mineral del Monte", "Fuente de abastecimiento": "Cárcamo Dificultad", "Coliformes Totales (Ausencia o Presencia/100mL)": "Presencia", "E. Coli (Ausencia o Presencia/100mL)": "Ausencia", "Arsenico (mg/L)": "0", "Bario (mg/L)": "0.01", "Cadmio (mg/L)": null, "Cobre (mg/L)": "0.55", "Hierro (mg/L)": "0.01", "Manganeso (mg/L)": "0.1", "Plomo (mg/L)": "0.001", "Zinc (mg/L)": "0.04", "Cianuros (mg/L)": "0.003", "Cloro Residual (mg/L)": "0.01", "Cloruros (mg/L)": "3.8", "Dureza Total (mg/L)": "166.66", "Fluoruros (mg/L)": "0.2", "Nitratos (mg/L)": "0.5", "Nitritos (mg/L)": "0.003", "Ph": "7.96", "SDT (mg/L)": "43.5", "Sulfatos (mg/L)": "8", "Cloro Total (mg/L)": "0.02", "Conductividad (muS/cm)": "91.8", "Temperatura (°C)": "20", "ID": "Mineral del Monte_Mineral del Monte_Cárcamo Dificultad" }, "geometry": { "type": "Point", "coordinates": [ -98.679539327583939, 20.138013977418481 ] } },
{ "type": "Feature", "properties": { "CVEGEO_LOC": "130390007", "AÑO": 2014.0, "NOM_MUN": "Mineral del Monte", "NOM_LOC": "San Pedro Huixotitla", "Fuente de abastecimiento": "Manantial El Tanque", "Coliformes Totales (Ausencia o Presencia/100mL)": "Presencia", "E. Coli (Ausencia o Presencia/100mL)": "Ausencia", "Arsenico (mg/L)": "0.01", "Bario (mg/L)": "0.03", "Cadmio (mg/L)": null, "Cobre (mg/L)": "0.83", "Hierro (mg/L)": "0.02", "Manganeso (mg/L)": "0", "Plomo (mg/L)": "0.005", "Zinc (mg/L)": "0.06", "Cianuros (mg/L)": "0.004", "Cloro Residual (mg/L)": "0.2", "Cloruros (mg/L)": "3.5", "Dureza Total (mg/L)": "71.11", "Fluoruros (mg/L)": "0", "Nitratos (mg/L)": "1.2", "Nitritos (mg/L)": "0.001", "Ph": "7.16", "SDT (mg/L)": "110.2", "Sulfatos (mg/L)": "2", "Cloro Total (mg/L)": "0.1", "Conductividad (muS/cm)": "131.6", "Temperatura (°C)": "15.3", "ID": "Mineral del Monte_San Pedro Huixotitla_Manantial El Tanque" }, "geometry": { "type": "Point", "coordinates": [ -98.656114720389866, 20.140515346295857 ] } },
{ "type": "Feature", "properties": { "CVEGEO_LOC": "130390007", "AÑO": 2014.0, "NOM_MUN": "Mineral del Monte", "NOM_LOC": "San Pedro Huixotitla", "Fuente de abastecimiento": "Manantial La Poza", "Coliformes Totales (Ausencia o Presencia/100mL)": "Presencia", "E. Coli (Ausencia o Presencia/100mL)": "Presencia", "Arsenico (mg/L)": "0.01", "Bario (mg/L)": "0.2", "Cadmio (mg/L)": null, "Cobre (mg/L)": "0.43", "Hierro (mg/L)": "0.09", "Manganeso (mg/L)": "0.2", "Plomo (mg/L)": "0.006", "Zinc (mg/L)": "0.03", "Cianuros (mg/L)": "0.007", "Cloro Residual (mg/L)": "0.1", "Cloruros (mg/L)": "4.1", "Dureza Total (mg/L)": "77.77", "Fluoruros (mg/L)": "0", "Nitratos (mg/L)": "1.6", "Nitritos (mg/L)": "0.001", "Ph": "7.12", "SDT (mg/L)": "132.5", "Sulfatos (mg/L)": "6", "Cloro Total (mg/L)": "0.1", "Conductividad (muS/cm)": "145", "Temperatura (°C)": "15.3", "ID": "Mineral del Monte_San Pedro Huixotitla_Manantial La Poza" }, "geometry": { "type": "Point", "coordinates": [ -98.657097686357389, 20.142427660588808 ] } },
{ "type": "Feature", "properties": { "CVEGEO_LOC": "130390007", "AÑO": 2014.0, "NOM_MUN": "Mineral del Monte", "NOM_LOC": "San Pedro Huixotitla", "Fuente de abastecimiento": "Presa", "Coliformes Totales (Ausencia o Presencia/100mL)": "Presencia", "E. Coli (Ausencia o Presencia/100mL)": "Presencia", "Arsenico (mg/L)": "0.019", "Bario (mg/L)": "0.5", "Cadmio (mg/L)": null, "Cobre (mg/L)": "1.2", "Hierro (mg/L)": "1.75", "Manganeso (mg/L)": "1.1", "Plomo (mg/L)": "0.021", "Zinc (mg/L)": "0", "Cianuros (mg/L)": "0.019", "Cloro Residual (mg/L)": "0.2", "Cloruros (mg/L)": "5.7", "Dureza Total (mg/L)": "133.33", "Fluoruros (mg/L)": "0", "Nitratos (mg/L)": "6.8", "Nitritos (mg/L)": "0.013", "Ph": "7.03", "SDT (mg/L)": "99.8", "Sulfatos (mg/L)": "8", "Cloro Total (mg/L)": "0", "Conductividad (muS/cm)": "113.4", "Temperatura (°C)": "17.1", "ID": "Mineral del Monte_San Pedro Huixotitla_Presa" }, "geometry": { "type": "Point", "coordinates": [ -98.65477514129546, 20.142378816602928 ] } },
{ "type": "Feature", "properties": { "CVEGEO_LOC": "1303900350017800", "AÑO": 2014.0, "NOM_MUN": "Mineral del Monte", "NOM_LOC": "Llano Grande", "Fuente de abastecimiento": "Manantial Llano Grande", "Coliformes Totales (Ausencia o Presencia/100mL)": "Presencia", "E. Coli (Ausencia o Presencia/100mL)": "Ausencia", "Arsenico (mg/L)": "0", "Bario (mg/L)": "0", "Cadmio (mg/L)": null, "Cobre (mg/L)": "0.62", "Hierro (mg/L)": "0.01", "Manganeso (mg/L)": "0.1", "Plomo (mg/L)": "0", "Zinc (mg/L)": "0.06", "Cianuros (mg/L)": "0.003", "Cloro Residual (mg/L)": "0", "Cloruros (mg/L)": "3", "Dureza Total (mg/L)": "144.44", "Fluoruros (mg/L)": "0.11", "Nitratos (mg/L)": "0.8", "Nitritos (mg/L)": "0.004", "Ph": "7.99", "SDT (mg/L)": "65.7", "Sulfatos (mg/L)": "8", "Cloro Total (mg/L)": "0", "Conductividad (muS/cm)": "137.9", "Temperatura (°C)": "21", "ID": "Mineral del Monte_Llano Grande_Manantial Llano Grande" }, "geometry": { "type": "Point", "coordinates": [ -98.642568917948367, 20.136214652890231 ] } },
{ "type": "Feature", "properties": { "CVEGEO_LOC": "130400001", "AÑO": 2015.0, "NOM_MUN": "La Misión", "NOM_LOC": "La Misión", "Fuente de abastecimiento": "Pozo 1", "Coliformes Totales (Ausencia o Presencia/100mL)": "Presencia", "E. Coli (Ausencia o Presencia/100mL)": "Presencia", "Arsenico (mg/L)": "0", "Bario (mg/L)": "0.1", "Cadmio (mg/L)": null, "Cobre (mg/L)": "0.3", "Hierro (mg/L)": "0.01", "Manganeso (mg/L)": "0", "Plomo (mg/L)": "0.001", "Zinc (mg/L)": "0.09", "Cianuros (mg/L)": "0.004", "Cloro Residual (mg/L)": "0.08", "Cloruros (mg/L)": "86.4", "Dureza Total (mg/L)": "156.66", "Fluoruros (mg/L)": "0.2", "Nitratos (mg/L)": "1.3", "Nitritos (mg/L)": "0.02", "Ph": "7.3", "SDT (mg/L)": "190.1", "Sulfatos (mg/L)": "40.1", "Cloro Total (mg/L)": "0.05", "Conductividad (muS/cm)": "437", "Temperatura (°C)": "21.3", "ID": "La Misión_La Misión_Pozo 1" }, "geometry": { "type": "Point", "coordinates": [ -99.123388443354401, 21.100099444485167 ] } },
{ "type": "Feature", "properties": { "CVEGEO_LOC": "130400001", "AÑO": 2013.0, "NOM_MUN": "La Misión", "NOM_LOC": "La Misión", "Fuente de abastecimiento": "Pozo 1", "Coliformes Totales (Ausencia o Presencia/100mL)": "Presencia", "E. Coli (Ausencia o Presencia/100mL)": "Presencia", "Arsenico (mg/L)": "0", "Bario (mg/L)": "0.1", "Cadmio (mg/L)": null, "Cobre (mg/L)": "0.3", "Hierro (mg/L)": "0.01", "Manganeso (mg/L)": "0", "Plomo (mg/L)": "0.001", "Zinc (mg/L)": "0.09", "Cianuros (mg/L)": "0.004", "Cloro Residual (mg/L)": "0.08", "Cloruros (mg/L)": "86.4", "Dureza Total (mg/L)": "156.66", "Fluoruros (mg/L)": "0.2", "Nitratos (mg/L)": "1.3", "Nitritos (mg/L)": "0.02", "Ph": "7.3", "SDT (mg/L)": "190.1", "Sulfatos (mg/L)": "40.1", "Cloro Total (mg/L)": "0.05", "Conductividad (muS/cm)": "437", "Temperatura (°C)": "21.3", "ID": "La Misión_La Misión_Pozo 1" }, "geometry": { "type": "Point", "coordinates": [ -99.123388443354401, 21.100099444485167 ] } },
{ "type": "Feature", "properties": { "CVEGEO_LOC": "130400001", "AÑO": 2015.0, "NOM_MUN": "La Misión", "NOM_LOC": "La Misión", "Fuente de abastecimiento": "Pozo 2", "Coliformes Totales (Ausencia o Presencia/100mL)": "Presencia", "E. Coli (Ausencia o Presencia/100mL)": "Presencia", "Arsenico (mg/L)": "0", "Bario (mg/L)": "0.1", "Cadmio (mg/L)": null, "Cobre (mg/L)": "0.2", "Hierro (mg/L)": "0", "Manganeso (mg/L)": "0", "Plomo (mg/L)": "0.001", "Zinc (mg/L)": "0.08", "Cianuros (mg/L)": "0.003", "Cloro Residual (mg/L)": "0.07", "Cloruros (mg/L)": "90.4", "Dureza Total (mg/L)": "166.66", "Fluoruros (mg/L)": "0.2", "Nitratos (mg/L)": "1.1", "Nitritos (mg/L)": "0.01", "Ph": "7.35", "SDT (mg/L)": "186", "Sulfatos (mg/L)": "38.8", "Cloro Total (mg/L)": "0", "Conductividad (muS/cm)": "387", "Temperatura (°C)": "22.7", "ID": "La Misión_La Misión_Pozo 2" }, "geometry": { "type": "Point", "coordinates": [ -99.121217879778044, 21.099336165013966 ] } },
{ "type": "Feature", "properties": { "CVEGEO_LOC": "130400001", "AÑO": 2013.0, "NOM_MUN": "La Misión", "NOM_LOC": "La Misión", "Fuente de abastecimiento": "Pozo 2", "Coliformes Totales (Ausencia o Presencia/100mL)": "Presencia", "E. Coli (Ausencia o Presencia/100mL)": "Presencia", "Arsenico (mg/L)": "0", "Bario (mg/L)": "0.1", "Cadmio (mg/L)": null, "Cobre (mg/L)": "0.2", "Hierro (mg/L)": "0", "Manganeso (mg/L)": "0", "Plomo (mg/L)": "0.001", "Zinc (mg/L)": "0.08", "Cianuros (mg/L)": "0.003", "Cloro Residual (mg/L)": "0.07", "Cloruros (mg/L)": "90.4", "Dureza Total (mg/L)": "166.66", "Fluoruros (mg/L)": "0.2", "Nitratos (mg/L)": "1.1", "Nitritos (mg/L)": "0.01", "Ph": "7.35", "SDT (mg/L)": "186", "Sulfatos (mg/L)": "38.8", "Cloro Total (mg/L)": "0", "Conductividad (muS/cm)": "387", "Temperatura (°C)": "22.7", "ID": "La Misión_La Misión_Pozo 2" }, "geometry": { "type": "Point", "coordinates": [ -99.121217879778044, 21.099336165013966 ] } },
{ "type": "Feature", "properties": { "CVEGEO_LOC": "130400001", "AÑO": 2012.0, "NOM_MUN": "La Misión", "NOM_LOC": "La Misión", "Fuente de abastecimiento": "Pozo El Tanque", "Coliformes Totales (Ausencia o Presencia/100mL)": "Presencia", "E. Coli (Ausencia o Presencia/100mL)": "Presencia", "Arsenico (mg/L)": "0", "Bario (mg/L)": null, "Cadmio (mg/L)": null, "Cobre (mg/L)": "0.485", "Hierro (mg/L)": "0", "Manganeso (mg/L)": "0", "Plomo (mg/L)": "0.001", "Zinc (mg/L)": "0.086", "Cianuros (mg/L)": "0.001", "Cloro Residual (mg/L)": "0.04", "Cloruros (mg/L)": "68.75", "Dureza Total (mg/L)": "182.2204", "Fluoruros (mg/L)": "0.18", "Nitratos (mg/L)": "2.4", "Nitritos (mg/L)": "0.006", "Ph": "8.14", "SDT (mg/L)": "165.4", "Sulfatos (mg/L)": "0", "Cloro Total (mg/L)": "0", "Conductividad (muS/cm)": "323", "Temperatura (°C)": "22.4", "ID": "La Misión_La Misión_Pozo El Tanque" }, "geometry": { "type": "Point", "coordinates": [ -99.12300476130963, 21.09728551607186 ] } },
{ "type": "Feature", "properties": { "CVEGEO_LOC": "130400001", "AÑO": 2016.0, "NOM_MUN": "La Misión", "NOM_LOC": "La Misión", "Fuente de abastecimiento": "Tanque de La Bomba", "Coliformes Totales (Ausencia o Presencia/100mL)": "Presencia", "E. Coli (Ausencia o Presencia/100mL)": "Ausencia", "Arsenico (mg/L)": "0", "Bario (mg/L)": "0", "Cadmio (mg/L)": "ND", "Cobre (mg/L)": "0.01", "Hierro (mg/L)": "0", "Manganeso (mg/L)": "0", "Plomo (mg/L)": "0", "Zinc (mg/L)": "0.79", "Cianuros (mg/L)": "1", "Cloro Residual (mg/L)": "0", "Cloruros (mg/L)": "45694", "Dureza Total (mg/L)": "186.66", "Fluoruros (mg/L)": "0", "Nitratos (mg/L)": "45778", "Nitritos (mg/L)": "6", "Ph": "7.63", "SDT (mg/L)": "153.6", "Sulfatos (mg/L)": "4", "Cloro Total (mg/L)": "0", "Conductividad (muS/cm)": "316", "Temperatura (°C)": "45923", "ID": "La Misión_La Misión_Tanque de La Bomba" }, "geometry": { "type": "Point", "coordinates": [ -99.125116791762821, 21.099922076798002 ] } },
{ "type": "Feature", "properties": { "CVEGEO_LOC": "130400001", "AÑO": 2014.0, "NOM_MUN": "La Misión", "NOM_LOC": "La Misión", "Fuente de abastecimiento": "Tanque El Sabino", "Coliformes Totales (Ausencia o Presencia/100mL)": "Presencia", "E. Coli (Ausencia o Presencia/100mL)": "Presencia", "Arsenico (mg/L)": "0", "Bario (mg/L)": "0", "Cadmio (mg/L)": null, "Cobre (mg/L)": "0", "Hierro (mg/L)": "0", "Manganeso (mg/L)": "0", "Plomo (mg/L)": "0.009", "Zinc (mg/L)": "0.68", "Cianuros (mg/L)": "0.004", "Cloro Residual (mg/L)": "0", "Cloruros (mg/L)": "2.4", "Dureza Total (mg/L)": "164.44", "Fluoruros (mg/L)": "0", "Nitratos (mg/L)": "1.4", "Nitritos (mg/L)": "0.008", "Ph": "7.33", "SDT (mg/L)": "194.1", "Sulfatos (mg/L)": "1", "Cloro Total (mg/L)": "0", "Conductividad (muS/cm)": "377", "Temperatura (°C)": "21.4", "ID": "La Misión_La Misión_Tanque El Sabino" }, "geometry": { "type": "Point", "coordinates": [ -99.124298318980024, 21.097239316378467 ] } },
{ "type": "Feature", "properties": { "CVEGEO_LOC": "130400006", "AÑO": 2012.0, "NOM_MUN": "La Misión", "NOM_LOC": "Álamo de la Misión", "Fuente de abastecimiento": "Manantial El Centro", "Coliformes Totales (Ausencia o Presencia/100mL)": "Presencia", "E. Coli (Ausencia o Presencia/100mL)": "Presencia", "Arsenico (mg/L)": "0", "Bario (mg/L)": "ND", "Cadmio (mg/L)": "ND", "Cobre (mg/L)": "469", "Hierro (mg/L)": "11", "Manganeso (mg/L)": "25", "Plomo (mg/L)": "1", "Zinc (mg/L)": "0.08", "Cianuros (mg/L)": "5", "Cloro Residual (mg/L)": "0", "Cloruros (mg/L)": "88.75", "Dureza Total (mg/L)": "166665", "Fluoruros (mg/L)": "0.2", "Nitratos (mg/L)": "45778", "Nitritos (mg/L)": "146", "Ph": "7.87", "SDT (mg/L)": "239", "Sulfatos (mg/L)": "37.5", "Cloro Total (mg/L)": "0", "Conductividad (muS/cm)": "465", "Temperatura (°C)": "23", "ID": "La Misión_Álamo de la Misión_Manantial El Centro" }, "geometry": { "type": "Point", "coordinates": [ -99.112468461537077, 21.091389226036384 ] } },
{ "type": "Feature", "properties": { "CVEGEO_LOC": "130400011", "AÑO": 2023.0, "NOM_MUN": "La Misión", "NOM_LOC": "Cerro Prieto", "Fuente de abastecimiento": "Cerro Prieto Sistema de Agua Potable", "Coliformes Totales (Ausencia o Presencia/100mL)": "Presencia", "E. Coli (Ausencia o Presencia/100mL)": "Presencia", "Arsenico (mg/L)": "0", "Bario (mg/L)": "3.2", "Cadmio (mg/L)": "0.007", "Cobre (mg/L)": "0.965", "Hierro (mg/L)": "3.1", "Manganeso (mg/L)": "0", "Plomo (mg/L)": "0", "Zinc (mg/L)": "0.421", "Cianuros (mg/L)": "0.003", "Cloro Residual (mg/L)": "0", "Cloruros (mg/L)": "1.59", "Dureza Total (mg/L)": "134.5", "Fluoruros (mg/L)": "1.48", "Nitratos (mg/L)": "1.5", "Nitritos (mg/L)": "0.0424", "Ph": "7.71", "SDT (mg/L)": "133.3", "Sulfatos (mg/L)": "9.6", "Cloro Total (mg/L)": "0", "Conductividad (muS/cm)": null, "Temperatura (°C)": "26.5", "ID": "La Misión_Cerro Prieto_Cerro Prieto Sistema de Agua Potable" }, "geometry": { "type": "Point", "coordinates": [ -99.07495286748005, 21.090583392244913 ] } },
{ "type": "Feature", "properties": { "CVEGEO_LOC": "130400048", "AÑO": 2023.0, "NOM_MUN": "La Misión", "NOM_LOC": "Las Pilas", "Fuente de abastecimiento": "Manantial Agua Zarca", "Coliformes Totales (Ausencia o Presencia/100mL)": "Presencia", "E. Coli (Ausencia o Presencia/100mL)": "Presencia", "Arsenico (mg/L)": "0", "Bario (mg/L)": "2.7", "Cadmio (mg/L)": "0.005", "Cobre (mg/L)": "0.25", "Hierro (mg/L)": "2.3", "Manganeso (mg/L)": "0", "Plomo (mg/L)": "0", "Zinc (mg/L)": "0.184", "Cianuros (mg/L)": "0.002", "Cloro Residual (mg/L)": "0.01", "Cloruros (mg/L)": "1.66", "Dureza Total (mg/L)": "100.1", "Fluoruros (mg/L)": "0.86", "Nitratos (mg/L)": "0.4", "Nitritos (mg/L)": "0.0355", "Ph": "7.77", "SDT (mg/L)": "123.3", "Sulfatos (mg/L)": "4.4", "Cloro Total (mg/L)": "0", "Conductividad (muS/cm)": null, "Temperatura (°C)": "22", "ID": "La Misión_Las Pilas_Manantial Agua Zarca" }, "geometry": { "type": "Point", "coordinates": [ -99.123877054290944, 21.109790469127795 ] } },
{ "type": "Feature", "properties": { "CVEGEO_LOC": "1304000810022800", "AÑO": 2016.0, "NOM_MUN": "La Misión", "NOM_LOC": "Puerto de Piedra", "Fuente de abastecimiento": "Manantial Río Amajac", "Coliformes Totales (Ausencia o Presencia/100mL)": "Presencia", "E. Coli (Ausencia o Presencia/100mL)": "Presencia", "Arsenico (mg/L)": "0", "Bario (mg/L)": "0", "Cadmio (mg/L)": "ND", "Cobre (mg/L)": "0", "Hierro (mg/L)": "0", "Manganeso (mg/L)": "0", "Plomo (mg/L)": "0", "Zinc (mg/L)": "45717", "Cianuros (mg/L)": "1", "Cloro Residual (mg/L)": "0", "Cloruros (mg/L)": "45764", "Dureza Total (mg/L)": "162.22", "Fluoruros (mg/L)": "0.4", "Nitratos (mg/L)": "1", "Nitritos (mg/L)": "4", "Ph": "45755", "SDT (mg/L)": "125.5", "Sulfatos (mg/L)": "82", "Cloro Total (mg/L)": "0", "Conductividad (muS/cm)": "553", "Temperatura (°C)": "45795", "ID": "La Misión_Puerto de Piedra_Manantial Río Amajac" }, "geometry": { "type": "Point", "coordinates": [ -99.115736735655958, 21.047249004121156 ] } },
{ "type": "Feature", "properties": { "CVEGEO_LOC": "1304000870022800", "AÑO": 2014.0, "NOM_MUN": "La Misión", "NOM_LOC": "Los Castros", "Fuente de abastecimiento": "Manantial Los Castros", "Coliformes Totales (Ausencia o Presencia/100mL)": "Presencia", "E. Coli (Ausencia o Presencia/100mL)": "Presencia", "Arsenico (mg/L)": "0", "Bario (mg/L)": "0", "Cadmio (mg/L)": null, "Cobre (mg/L)": "0.02", "Hierro (mg/L)": "0.02", "Manganeso (mg/L)": "0.1", "Plomo (mg/L)": "0.004", "Zinc (mg/L)": "0.02", "Cianuros (mg/L)": "0.003", "Cloro Residual (mg/L)": "0.4", "Cloruros (mg/L)": "3.6", "Dureza Total (mg/L)": "151.1", "Fluoruros (mg/L)": "0", "Nitratos (mg/L)": "0.7", "Nitritos (mg/L)": "0.004", "Ph": "6.94", "SDT (mg/L)": "299", "Sulfatos (mg/L)": "8", "Cloro Total (mg/L)": "0", "Conductividad (muS/cm)": "584", "Temperatura (°C)": "21.5", "ID": "La Misión_Los Castros_Manantial Los Castros" }, "geometry": { "type": "Point", "coordinates": [ -99.123411545457344, 21.10164093749129 ] } },
{ "type": "Feature", "properties": { "CVEGEO_LOC": "130410001", "AÑO": 2019.0, "NOM_MUN": "Mixquiahuala de Juárez", "NOM_LOC": "Mixquiahuala de Juárez", "Fuente de abastecimiento": "Manantial Elevant", "Coliformes Totales (Ausencia o Presencia/100mL)": "Presencia", "E. Coli (Ausencia o Presencia/100mL)": "Presencia", "Arsenico (mg/L)": "0", "Bario (mg/L)": "0", "Cadmio (mg/L)": "0", "Cobre (mg/L)": "0", "Hierro (mg/L)": "0", "Manganeso (mg/L)": "0", "Plomo (mg/L)": "0", "Zinc (mg/L)": "0", "Cianuros (mg/L)": "2", "Cloro Residual (mg/L)": "0.08", "Cloruros (mg/L)": "45858", "Dureza Total (mg/L)": "68.88", "Fluoruros (mg/L)": "0.1", "Nitratos (mg/L)": "45717", "Nitritos (mg/L)": "0.1", "Ph": "45784", "SDT (mg/L)": "57.9", "Sulfatos (mg/L)": "18", "Cloro Total (mg/L)": "0.03", "Conductividad (muS/cm)": "136.1", "Temperatura (°C)": "45675", "ID": "Mixquiahuala de Juárez_Mixquiahuala de Juárez_Manantial Elevant" }, "geometry": { "type": "Point", "coordinates": [ -99.209478171995272, 20.227773552418423 ] } },
{ "type": "Feature", "properties": { "CVEGEO_LOC": "130410001", "AÑO": 2019.0, "NOM_MUN": "Mixquiahuala de Juárez", "NOM_LOC": "Mixquiahuala de Juárez", "Fuente de abastecimiento": "Pozo No 5 Pemex", "Coliformes Totales (Ausencia o Presencia/100mL)": "Presencia", "E. Coli (Ausencia o Presencia/100mL)": "Ausencia", "Arsenico (mg/L)": "0", "Bario (mg/L)": "0", "Cadmio (mg/L)": "0", "Cobre (mg/L)": "0", "Hierro (mg/L)": "0", "Manganeso (mg/L)": "0", "Plomo (mg/L)": "0", "Zinc (mg/L)": "0.06", "Cianuros (mg/L)": "0.002", "Cloro Residual (mg/L)": "0.01", "Cloruros (mg/L)": "78", "Dureza Total (mg/L)": "157.77", "Fluoruros (mg/L)": "1.2", "Nitratos (mg/L)": "1.6", "Nitritos (mg/L)": "0", "Ph": "7.04", "SDT (mg/L)": "654", "Sulfatos (mg/L)": "100", "Cloro Total (mg/L)": "0.05", "Conductividad (muS/cm)": "994", "Temperatura (°C)": "21", "ID": "Mixquiahuala de Juárez_Mixquiahuala de Juárez_Pozo No 5 Pemex" }, "geometry": { "type": "Point", "coordinates": [ -99.221521487265946, 20.219029017950902 ] } },
{ "type": "Feature", "properties": { "CVEGEO_LOC": "130410001", "AÑO": 2014.0, "NOM_MUN": "Mixquiahuala de Juárez", "NOM_LOC": "Mixquiahuala de Juárez", "Fuente de abastecimiento": "Pozo Pemex 5", "Coliformes Totales (Ausencia o Presencia/100mL)": "Presencia", "E. Coli (Ausencia o Presencia/100mL)": "Ausencia", "Arsenico (mg/L)": "0", "Bario (mg/L)": "0", "Cadmio (mg/L)": null, "Cobre (mg/L)": "0.5", "Hierro (mg/L)": "0.01", "Manganeso (mg/L)": "0", "Plomo (mg/L)": "0.001", "Zinc (mg/L)": "0.04", "Cianuros (mg/L)": "0.003", "Cloro Residual (mg/L)": "0.2", "Cloruros (mg/L)": "74.5", "Dureza Total (mg/L)": "206.66", "Fluoruros (mg/L)": "1.2", "Nitratos (mg/L)": "1", "Nitritos (mg/L)": "0.004", "Ph": "7.25", "SDT (mg/L)": "745", "Sulfatos (mg/L)": "111", "Cloro Total (mg/L)": "0.1", "Conductividad (muS/cm)": "997", "Temperatura (°C)": "21", "ID": "Mixquiahuala de Juárez_Mixquiahuala de Juárez_Pozo Pemex 5" }, "geometry": { "type": "Point", "coordinates": [ -99.230471924370377, 20.230194478151496 ] } },
{ "type": "Feature", "properties": { "CVEGEO_LOC": "130410001", "AÑO": 2014.0, "NOM_MUN": "Mixquiahuala de Juárez", "NOM_LOC": "Mixquiahuala de Juárez", "Fuente de abastecimiento": "Pozo Teñhe", "Coliformes Totales (Ausencia o Presencia/100mL)": "Presencia", "E. Coli (Ausencia o Presencia/100mL)": "Ausencia", "Arsenico (mg/L)": "0.01", "Bario (mg/L)": "0", "Cadmio (mg/L)": null, "Cobre (mg/L)": "0.02", "Hierro (mg/L)": "0.03", "Manganeso (mg/L)": "0", "Plomo (mg/L)": "0.001", "Zinc (mg/L)": "0.03", "Cianuros (mg/L)": "0.002", "Cloro Residual (mg/L)": "0.1", "Cloruros (mg/L)": "45.9", "Dureza Total (mg/L)": "202.22", "Fluoruros (mg/L)": "0.15", "Nitratos (mg/L)": "0.8", "Nitritos (mg/L)": "0.005", "Ph": "7.2", "SDT (mg/L)": "251", "Sulfatos (mg/L)": "100", "Cloro Total (mg/L)": "0.1", "Conductividad (muS/cm)": "592", "Temperatura (°C)": "29.4", "ID": "Mixquiahuala de Juárez_Mixquiahuala de Juárez_Pozo Teñhe" }, "geometry": { "type": "Point", "coordinates": [ -99.212316770889515, 20.237261626778391 ] } },
{ "type": "Feature", "properties": { "CVEGEO_LOC": "130410010", "AÑO": 2016.0, "NOM_MUN": "Mixquiahuala de Juárez", "NOM_LOC": "Colonia Teñhe", "Fuente de abastecimiento": "Acueducto de Caasvam", "Coliformes Totales (Ausencia o Presencia/100mL)": "Presencia", "E. Coli (Ausencia o Presencia/100mL)": "Ausencia", "Arsenico (mg/L)": "0.01", "Bario (mg/L)": "0", "Cadmio (mg/L)": "ND", "Cobre (mg/L)": "0", "Hierro (mg/L)": "0", "Manganeso (mg/L)": "0", "Plomo (mg/L)": "0", "Zinc (mg/L)": "0.06", "Cianuros (mg/L)": "1", "Cloro Residual (mg/L)": "0", "Cloruros (mg/L)": "56.6", "Dureza Total (mg/L)": "225.25", "Fluoruros (mg/L)": "0.2", "Nitratos (mg/L)": "0.15", "Nitritos (mg/L)": "0", "Ph": "6.76", "SDT (mg/L)": "895", "Sulfatos (mg/L)": "125", "Cloro Total (mg/L)": "0", "Conductividad (muS/cm)": "1790", "Temperatura (°C)": "45677", "ID": "Mixquiahuala de Juárez_Colonia Teñhe_Acueducto de Caasvam" }, "geometry": { "type": "Point", "coordinates": [ -99.177559845230462, 20.19554635981055 ] } },
{ "type": "Feature", "properties": { "CVEGEO_LOC": "130410010", "AÑO": 2014.0, "NOM_MUN": "Mixquiahuala de Juárez", "NOM_LOC": "Colonia Teñhe", "Fuente de abastecimiento": "Cárcamo Teñhe", "Coliformes Totales (Ausencia o Presencia/100mL)": "Ausencia", "E. Coli (Ausencia o Presencia/100mL)": "Presencia", "Arsenico (mg/L)": "0.01", "Bario (mg/L)": "0", "Cadmio (mg/L)": "ND", "Cobre (mg/L)": "0.01", "Hierro (mg/L)": "0", "Manganeso (mg/L)": "0.1", "Plomo (mg/L)": "1", "Zinc (mg/L)": "0.08", "Cianuros (mg/L)": "7", "Cloro Residual (mg/L)": "45690", "Cloruros (mg/L)": "129.1", "Dureza Total (mg/L)": "135.55", "Fluoruros (mg/L)": "0.59", "Nitratos (mg/L)": "45749", "Nitritos (mg/L)": "2", "Ph": "6.98", "SDT (mg/L)": "123.5", "Sulfatos (mg/L)": "120", "Cloro Total (mg/L)": "45871", "Conductividad (muS/cm)": "887", "Temperatura (°C)": "45737", "ID": "Mixquiahuala de Juárez_Colonia Teñhe_Cárcamo Teñhe" }, "geometry": { "type": "Point", "coordinates": [ -99.175642481359262, 20.191757488417593 ] } },
{ "type": "Feature", "properties": { "CVEGEO_LOC": "130410010", "AÑO": 2019.0, "NOM_MUN": "Mixquiahuala de Juárez", "NOM_LOC": "Colonia Teñhe", "Fuente de abastecimiento": "Pozo Tenhe", "Coliformes Totales (Ausencia o Presencia/100mL)": "Presencia", "E. Coli (Ausencia o Presencia/100mL)": "Presencia", "Arsenico (mg/L)": "0", "Bario (mg/L)": "0", "Cadmio (mg/L)": "0", "Cobre (mg/L)": "0.02", "Hierro (mg/L)": "0.05", "Manganeso (mg/L)": "0", "Plomo (mg/L)": "0", "Zinc (mg/L)": "0.03", "Cianuros (mg/L)": "0.003", "Cloro Residual (mg/L)": "0.19", "Cloruros (mg/L)": "50.1", "Dureza Total (mg/L)": "142.22", "Fluoruros (mg/L)": "0.2", "Nitratos (mg/L)": "0.11", "Nitritos (mg/L)": "0.002", "Ph": "7.3", "SDT (mg/L)": "436", "Sulfatos (mg/L)": "113", "Cloro Total (mg/L)": "0.03", "Conductividad (muS/cm)": "1201", "Temperatura (°C)": "28.1", "ID": "Mixquiahuala de Juárez_Colonia Teñhe_Pozo Tenhe" }, "geometry": { "type": "Point", "coordinates": [ -99.179472037848257, 20.190529020504954 ] } },
{ "type": "Feature", "properties": { "CVEGEO_LOC": "130410010", "AÑO": 2014.0, "NOM_MUN": "Mixquiahuala de Juárez", "NOM_LOC": "Colonia Teñhe", "Fuente de abastecimiento": "Pozo Teñhe", "Coliformes Totales (Ausencia o Presencia/100mL)": "Presencia", "E. Coli (Ausencia o Presencia/100mL)": "Presencia", "Arsenico (mg/L)": "0.01", "Bario (mg/L)": "0", "Cadmio (mg/L)": null, "Cobre (mg/L)": "0", "Hierro (mg/L)": "0", "Manganeso (mg/L)": "0", "Plomo (mg/L)": "0.001", "Zinc (mg/L)": "0.02", "Cianuros (mg/L)": "0.002", "Cloro Residual (mg/L)": "0.1", "Cloruros (mg/L)": "51.7", "Dureza Total (mg/L)": "202.22", "Fluoruros (mg/L)": "0.72", "Nitratos (mg/L)": "2.2", "Nitritos (mg/L)": "0.003", "Ph": "7.2", "SDT (mg/L)": "251", "Sulfatos (mg/L)": "98", "Cloro Total (mg/L)": "0.1", "Conductividad (muS/cm)": "592", "Temperatura (°C)": "29.4", "ID": "Mixquiahuala de Juárez_Colonia Teñhe_Pozo Teñhe" }, "geometry": { "type": "Point", "coordinates": [ -99.181427260925005, 20.195053318278219 ] } },
{ "type": "Feature", "properties": { "CVEGEO_LOC": "130410010", "AÑO": 2016.0, "NOM_MUN": "Mixquiahuala de Juárez", "NOM_LOC": "Colonia Teñhe", "Fuente de abastecimiento": "Pozo Teñhe", "Coliformes Totales (Ausencia o Presencia/100mL)": "Presencia", "E. Coli (Ausencia o Presencia/100mL)": "Ausencia", "Arsenico (mg/L)": "0.01", "Bario (mg/L)": "0", "Cadmio (mg/L)": "ND", "Cobre (mg/L)": "0.04", "Hierro (mg/L)": "0.05", "Manganeso (mg/L)": "0", "Plomo (mg/L)": "1", "Zinc (mg/L)": "0.05", "Cianuros (mg/L)": "4", "Cloro Residual (mg/L)": "0", "Cloruros (mg/L)": "46.7", "Dureza Total (mg/L)": "212.12", "Fluoruros (mg/L)": "0.17", "Nitratos (mg/L)": "0.11", "Nitritos (mg/L)": "7", "Ph": "45968", "SDT (mg/L)": "593", "Sulfatos (mg/L)": "112", "Cloro Total (mg/L)": "0.01", "Conductividad (muS/cm)": "1202", "Temperatura (°C)": "45744", "ID": "Mixquiahuala de Juárez_Colonia Teñhe_Pozo Teñhe" }, "geometry": { "type": "Point", "coordinates": [ -99.181427260925005, 20.195053318278219 ] } },
{ "type": "Feature", "properties": { "CVEGEO_LOC": "130410034002A800", "AÑO": 2014.0, "NOM_MUN": "Mixquiahuala de Juárez", "NOM_LOC": "Cinta Larga Sección 22", "Fuente de abastecimiento": "Pozo Pemex 5", "Coliformes Totales (Ausencia o Presencia/100mL)": "Presencia", "E. Coli (Ausencia o Presencia/100mL)": "Ausencia", "Arsenico (mg/L)": "0", "Bario (mg/L)": "0", "Cadmio (mg/L)": null, "Cobre (mg/L)": "0", "Hierro (mg/L)": "0", "Manganeso (mg/L)": "0", "Plomo (mg/L)": "0.001", "Zinc (mg/L)": "0.07", "Cianuros (mg/L)": "0.002", "Cloro Residual (mg/L)": "0.2", "Cloruros (mg/L)": "78.3", "Dureza Total (mg/L)": "206.66", "Fluoruros (mg/L)": "1.29", "Nitratos (mg/L)": "1.8", "Nitritos (mg/L)": "0.001", "Ph": "7.25", "SDT (mg/L)": "745", "Sulfatos (mg/L)": "109", "Cloro Total (mg/L)": "0.1", "Conductividad (muS/cm)": "994", "Temperatura (°C)": "21", "ID": "Mixquiahuala de Juárez_Cinta Larga Sección 22_Pozo Pemex 5" }, "geometry": { "type": "Point", "coordinates": [ -99.228577082343961, 20.206164967763875 ] } },
{ "type": "Feature", "properties": { "CVEGEO_LOC": "130410038002A800", "AÑO": 2019.0, "NOM_MUN": "Mixquiahuala de Juárez", "NOM_LOC": "Los Higos", "Fuente de abastecimiento": "Pozo Taxhuada", "Coliformes Totales (Ausencia o Presencia/100mL)": "Presencia", "E. Coli (Ausencia o Presencia/100mL)": "Ausencia", "Arsenico (mg/L)": "0", "Bario (mg/L)": "0", "Cadmio (mg/L)": "0", "Cobre (mg/L)": "0", "Hierro (mg/L)": "0", "Manganeso (mg/L)": "0.01", "Plomo (mg/L)": "0", "Zinc (mg/L)": "0.01", "Cianuros (mg/L)": "1", "Cloro Residual (mg/L)": "0.04", "Cloruros (mg/L)": "45803", "Dureza Total (mg/L)": "135.55", "Fluoruros (mg/L)": "0.35", "Nitratos (mg/L)": "0.1", "Nitritos (mg/L)": "1", "Ph": "45695", "SDT (mg/L)": "311", "Sulfatos (mg/L)": "80", "Cloro Total (mg/L)": "0.04", "Conductividad (muS/cm)": "687.1", "Temperatura (°C)": "45888", "ID": "Mixquiahuala de Juárez_Los Higos_Pozo Taxhuada" }, "geometry": { "type": "Point", "coordinates": [ -99.232491256054232, 20.210632740061396 ] } },
{ "type": "Feature", "properties": { "CVEGEO_LOC": "130410043", "AÑO": 2019.0, "NOM_MUN": "Mixquiahuala de Juárez", "NOM_LOC": "El Durazno", "Fuente de abastecimiento": "Pozo el Durazno", "Coliformes Totales (Ausencia o Presencia/100mL)": "Presencia", "E. Coli (Ausencia o Presencia/100mL)": "Ausencia", "Arsenico (mg/L)": "0", "Bario (mg/L)": "0", "Cadmio (mg/L)": "0", "Cobre (mg/L)": "0.3", "Hierro (mg/L)": "0.01", "Manganeso (mg/L)": "0", "Plomo (mg/L)": "0", "Zinc (mg/L)": "0.05", "Cianuros (mg/L)": "0.001", "Cloro Residual (mg/L)": "0.07", "Cloruros (mg/L)": "70.8", "Dureza Total (mg/L)": "164.44", "Fluoruros (mg/L)": "0.6", "Nitratos (mg/L)": "1.1", "Nitritos (mg/L)": "0.003", "Ph": "7.4", "SDT (mg/L)": "739", "Sulfatos (mg/L)": "90.8", "Cloro Total (mg/L)": "0.03", "Conductividad (muS/cm)": "1027", "Temperatura (°C)": "26", "ID": "Mixquiahuala de Juárez_El Durazno_Pozo el Durazno" }, "geometry": { "type": "Point", "coordinates": [ -99.158718639807972, 20.282867793669084 ] } },
{ "type": "Feature", "properties": { "CVEGEO_LOC": "130410043", "AÑO": 2016.0, "NOM_MUN": "Mixquiahuala de Juárez", "NOM_LOC": "El Durazno", "Fuente de abastecimiento": "Pozo El Durazno", "Coliformes Totales (Ausencia o Presencia/100mL)": "Presencia", "E. Coli (Ausencia o Presencia/100mL)": "Ausencia", "Arsenico (mg/L)": "0", "Bario (mg/L)": "0", "Cadmio (mg/L)": "ND", "Cobre (mg/L)": "0.35", "Hierro (mg/L)": "0.01", "Manganeso (mg/L)": "0", "Plomo (mg/L)": "0", "Zinc (mg/L)": "0.06", "Cianuros (mg/L)": "1", "Cloro Residual (mg/L)": "0", "Cloruros (mg/L)": "72.4", "Dureza Total (mg/L)": "236.36", "Fluoruros (mg/L)": "0.6", "Nitratos (mg/L)": "1", "Nitritos (mg/L)": "2", "Ph": "45998", "SDT (mg/L)": "859", "Sulfatos (mg/L)": "101", "Cloro Total (mg/L)": "0", "Conductividad (muS/cm)": "1721", "Temperatura (°C)": "45741", "ID": "Mixquiahuala de Juárez_El Durazno_Pozo El Durazno" }, "geometry": { "type": "Point", "coordinates": [ -99.161156957091649, 20.281698623507488 ] } },
{ "type": "Feature", "properties": { "CVEGEO_LOC": "130420001", "AÑO": 2013.0, "NOM_MUN": "Molango de Escamilla", "NOM_LOC": "Molango de Escamilla", "Fuente de abastecimiento": "Manantial \"Agua Fría\"", "Coliformes Totales (Ausencia o Presencia/100mL)": "Presencia", "E. Coli (Ausencia o Presencia/100mL)": "Ausencia", "Arsenico (mg/L)": "0", "Bario (mg/L)": "0", "Cadmio (mg/L)": null, "Cobre (mg/L)": "0", "Hierro (mg/L)": "0", "Manganeso (mg/L)": "0", "Plomo (mg/L)": "0", "Zinc (mg/L)": "0.1", "Cianuros (mg/L)": "0.001", "Cloro Residual (mg/L)": "0", "Cloruros (mg/L)": "25.5", "Dureza Total (mg/L)": "227.77", "Fluoruros (mg/L)": "0.2", "Nitratos (mg/L)": "0.1", "Nitritos (mg/L)": "0", "Ph": "7.4", "SDT (mg/L)": "109.1", "Sulfatos (mg/L)": "44", "Cloro Total (mg/L)": "0.1", "Conductividad (muS/cm)": "204.9", "Temperatura (°C)": "18.4", "ID": "Molango de Escamilla_Molango de Escamilla_Manantial \"Agua Fría\"" }, "geometry": { "type": "Point", "coordinates": [ -98.727855709921499, 20.79097667853042 ] } },
{ "type": "Feature", "properties": { "CVEGEO_LOC": "130420001", "AÑO": 2013.0, "NOM_MUN": "Molango de Escamilla", "NOM_LOC": "Molango de Escamilla", "Fuente de abastecimiento": "Manantial \"Lavaderos\"", "Coliformes Totales (Ausencia o Presencia/100mL)": "Presencia", "E. Coli (Ausencia o Presencia/100mL)": "Ausencia", "Arsenico (mg/L)": "0", "Bario (mg/L)": "0", "Cadmio (mg/L)": null, "Cobre (mg/L)": "0", "Hierro (mg/L)": "0", "Manganeso (mg/L)": "0", "Plomo (mg/L)": "0", "Zinc (mg/L)": "0.1", "Cianuros (mg/L)": "0.001", "Cloro Residual (mg/L)": "0", "Cloruros (mg/L)": "25.5", "Dureza Total (mg/L)": "233.33", "Fluoruros (mg/L)": "0.3", "Nitratos (mg/L)": "0.1", "Nitritos (mg/L)": "0", "Ph": "7.5", "SDT (mg/L)": "100.1", "Sulfatos (mg/L)": "48", "Cloro Total (mg/L)": "0.1", "Conductividad (muS/cm)": "199.1", "Temperatura (°C)": "20", "ID": "Molango de Escamilla_Molango de Escamilla_Manantial \"Lavaderos\"" }, "geometry": { "type": "Point", "coordinates": [ -98.723996498231969, 20.787355258439725 ] } },
{ "type": "Feature", "properties": { "CVEGEO_LOC": "130420001", "AÑO": 2015.0, "NOM_MUN": "Molango de Escamilla", "NOM_LOC": "Molango de Escamilla", "Fuente de abastecimiento": "Manantial Agua Fría", "Coliformes Totales (Ausencia o Presencia/100mL)": "Presencia", "E. Coli (Ausencia o Presencia/100mL)": "Ausencia", "Arsenico (mg/L)": "0", "Bario (mg/L)": "0", "Cadmio (mg/L)": null, "Cobre (mg/L)": "0", "Hierro (mg/L)": "0", "Manganeso (mg/L)": "0", "Plomo (mg/L)": "0", "Zinc (mg/L)": "0.1", "Cianuros (mg/L)": "0.001", "Cloro Residual (mg/L)": "0", "Cloruros (mg/L)": "25.5", "Dureza Total (mg/L)": "227.77", "Fluoruros (mg/L)": "0.2", "Nitratos (mg/L)": "0.1", "Nitritos (mg/L)": "0", "Ph": "7.4", "SDT (mg/L)": "109.1", "Sulfatos (mg/L)": "44", "Cloro Total (mg/L)": "0.1", "Conductividad (muS/cm)": "204.9", "Temperatura (°C)": "18.4", "ID": "Molango de Escamilla_Molango de Escamilla_Manantial Agua Fría" }, "geometry": { "type": "Point", "coordinates": [ -98.725402796322953, 20.783084844586092 ] } },
{ "type": "Feature", "properties": { "CVEGEO_LOC": "130420001", "AÑO": 2014.0, "NOM_MUN": "Molango de Escamilla", "NOM_LOC": "Molango de Escamilla", "Fuente de abastecimiento": "Manantial Agua Fría", "Coliformes Totales (Ausencia o Presencia/100mL)": "Presencia", "E. Coli (Ausencia o Presencia/100mL)": "Ausencia", "Arsenico (mg/L)": "0", "Bario (mg/L)": "0", "Cadmio (mg/L)": null, "Cobre (mg/L)": "0.26", "Hierro (mg/L)": "0", "Manganeso (mg/L)": "0", "Plomo (mg/L)": "0", "Zinc (mg/L)": "0.04", "Cianuros (mg/L)": "0", "Cloro Residual (mg/L)": "0", "Cloruros (mg/L)": "4.5", "Dureza Total (mg/L)": "188.88", "Fluoruros (mg/L)": "0", "Nitratos (mg/L)": "0.3", "Nitritos (mg/L)": "0.002", "Ph": "7.5", "SDT (mg/L)": "272", "Sulfatos (mg/L)": "12", "Cloro Total (mg/L)": "0", "Conductividad (muS/cm)": "235", "Temperatura (°C)": "19", "ID": "Molango de Escamilla_Molango de Escamilla_Manantial Agua Fría" }, "geometry": { "type": "Point", "coordinates": [ -98.725402796322953, 20.783084844586092 ] } },
{ "type": "Feature", "properties": { "CVEGEO_LOC": "130420001", "AÑO": 2016.0, "NOM_MUN": "Molango de Escamilla", "NOM_LOC": "Molango de Escamilla", "Fuente de abastecimiento": "Manantial Agua Fría", "Coliformes Totales (Ausencia o Presencia/100mL)": "Presencia", "E. Coli (Ausencia o Presencia/100mL)": "Presencia", "Arsenico (mg/L)": "0", "Bario (mg/L)": "0", "Cadmio (mg/L)": "ND", "Cobre (mg/L)": "0.6", "Hierro (mg/L)": "0", "Manganeso (mg/L)": "0", "Plomo (mg/L)": "0", "Zinc (mg/L)": "0.04", "Cianuros (mg/L)": "2", "Cloro Residual (mg/L)": "0", "Cloruros (mg/L)": "45689", "Dureza Total (mg/L)": "153.32", "Fluoruros (mg/L)": "0.2", "Nitratos (mg/L)": "0.3", "Nitritos (mg/L)": "1", "Ph": "45723", "SDT (mg/L)": "175.5", "Sulfatos (mg/L)": "45664", "Cloro Total (mg/L)": "0", "Conductividad (muS/cm)": "278", "Temperatura (°C)": "45769", "ID": "Molango de Escamilla_Molango de Escamilla_Manantial Agua Fría" }, "geometry": { "type": "Point", "coordinates": [ -98.725402796322953, 20.783084844586092 ] } },
{ "type": "Feature", "properties": { "CVEGEO_LOC": "130420001", "AÑO": 2015.0, "NOM_MUN": "Molango de Escamilla", "NOM_LOC": "Molango de Escamilla", "Fuente de abastecimiento": "Manantial Lavaderos", "Coliformes Totales (Ausencia o Presencia/100mL)": "Presencia", "E. Coli (Ausencia o Presencia/100mL)": "Ausencia", "Arsenico (mg/L)": "0", "Bario (mg/L)": "0", "Cadmio (mg/L)": null, "Cobre (mg/L)": "0", "Hierro (mg/L)": "0", "Manganeso (mg/L)": "0", "Plomo (mg/L)": "0", "Zinc (mg/L)": "0.1", "Cianuros (mg/L)": "0.001", "Cloro Residual (mg/L)": "0", "Cloruros (mg/L)": "25.5", "Dureza Total (mg/L)": "233.33", "Fluoruros (mg/L)": "0.3", "Nitratos (mg/L)": "0.1", "Nitritos (mg/L)": "0", "Ph": "7.5", "SDT (mg/L)": "100.1", "Sulfatos (mg/L)": "48", "Cloro Total (mg/L)": "0.1", "Conductividad (muS/cm)": "199.1", "Temperatura (°C)": "20", "ID": "Molango de Escamilla_Molango de Escamilla_Manantial Lavaderos" }, "geometry": { "type": "Point", "coordinates": [ -98.728890867174869, 20.784156162271625 ] } },
{ "type": "Feature", "properties": { "CVEGEO_LOC": "130420001", "AÑO": 2016.0, "NOM_MUN": "Molango de Escamilla", "NOM_LOC": "Molango de Escamilla", "Fuente de abastecimiento": "Piletas", "Coliformes Totales (Ausencia o Presencia/100mL)": "Presencia", "E. Coli (Ausencia o Presencia/100mL)": "Presencia", "Arsenico (mg/L)": "0", "Bario (mg/L)": "0", "Cadmio (mg/L)": "ND", "Cobre (mg/L)": "0.02", "Hierro (mg/L)": "0.02", "Manganeso (mg/L)": "0", "Plomo (mg/L)": "0", "Zinc (mg/L)": "0.11", "Cianuros (mg/L)": "0", "Cloro Residual (mg/L)": "0.04", "Cloruros (mg/L)": "45840", "Dureza Total (mg/L)": "213.33", "Fluoruros (mg/L)": "0", "Nitratos (mg/L)": "1", "Nitritos (mg/L)": "4", "Ph": "45665", "SDT (mg/L)": "82.3", "Sulfatos (mg/L)": "24", "Cloro Total (mg/L)": "0", "Conductividad (muS/cm)": "225", "Temperatura (°C)": "45679", "ID": "Molango de Escamilla_Molango de Escamilla_Piletas" }, "geometry": { "type": "Point", "coordinates": [ -98.732700699552723, 20.784499507373184 ] } },
{ "type": "Feature", "properties": { "CVEGEO_LOC": "130420001", "AÑO": 2016.0, "NOM_MUN": "Molango de Escamilla", "NOM_LOC": "Molango de Escamilla", "Fuente de abastecimiento": "Piletas", "Coliformes Totales (Ausencia o Presencia/100mL)": "Presencia", "E. Coli (Ausencia o Presencia/100mL)": "Presencia", "Arsenico (mg/L)": "0", "Bario (mg/L)": "0", "Cadmio (mg/L)": null, "Cobre (mg/L)": "0.02", "Hierro (mg/L)": "0.02", "Manganeso (mg/L)": "0", "Plomo (mg/L)": "0", "Zinc (mg/L)": "0.11", "Cianuros (mg/L)": "0", "Cloro Residual (mg/L)": "0.04", "Cloruros (mg/L)": "2.7", "Dureza Total (mg/L)": "213.33", "Fluoruros (mg/L)": "0", "Nitratos (mg/L)": "1", "Nitritos (mg/L)": "0.004", "Ph": "8.01", "SDT (mg/L)": "82.3", "Sulfatos (mg/L)": "24", "Cloro Total (mg/L)": "0", "Conductividad (muS/cm)": "225", "Temperatura (°C)": "22.1", "ID": "Molango de Escamilla_Molango de Escamilla_Piletas" }, "geometry": { "type": "Point", "coordinates": [ -98.732700699552723, 20.784499507373184 ] } },
{ "type": "Feature", "properties": { "CVEGEO_LOC": "130420001", "AÑO": 2012.0, "NOM_MUN": "Molango de Escamilla", "NOM_LOC": "Molango de Escamilla", "Fuente de abastecimiento": "Pozo La Cantina", "Coliformes Totales (Ausencia o Presencia/100mL)": "Presencia", "E. Coli (Ausencia o Presencia/100mL)": "Presencia", "Arsenico (mg/L)": "0.001", "Bario (mg/L)": null, "Cadmio (mg/L)": null, "Cobre (mg/L)": "0.589", "Hierro (mg/L)": "0.093", "Manganeso (mg/L)": null, "Plomo (mg/L)": "0.3", "Zinc (mg/L)": "0.067", "Cianuros (mg/L)": "0.004", "Cloro Residual (mg/L)": "0.04", "Cloruros (mg/L)": "46.5", "Dureza Total (mg/L)": "151.109", "Fluoruros (mg/L)": "0.2", "Nitratos (mg/L)": "0.5", "Nitritos (mg/L)": "0.0084", "Ph": "7.03", "SDT (mg/L)": "244", "Sulfatos (mg/L)": "27.5", "Cloro Total (mg/L)": "0.2", "Conductividad (muS/cm)": "308", "Temperatura (°C)": "18.8", "ID": "Molango de Escamilla_Molango de Escamilla_Pozo La Cantina" }, "geometry": { "type": "Point", "coordinates": [ -98.735614973643749, 20.789248887799925 ] } },
{ "type": "Feature", "properties": { "CVEGEO_LOC": "130420001", "AÑO": 2014.0, "NOM_MUN": "Molango de Escamilla", "NOM_LOC": "Molango de Escamilla", "Fuente de abastecimiento": "Tanque", "Coliformes Totales (Ausencia o Presencia/100mL)": "Presencia", "E. Coli (Ausencia o Presencia/100mL)": "Presencia", "Arsenico (mg/L)": "0", "Bario (mg/L)": "0", "Cadmio (mg/L)": null, "Cobre (mg/L)": "0.34", "Hierro (mg/L)": "0", "Manganeso (mg/L)": "0", "Plomo (mg/L)": "0", "Zinc (mg/L)": "0.04", "Cianuros (mg/L)": "0.001", "Cloro Residual (mg/L)": "0", "Cloruros (mg/L)": "3.1", "Dureza Total (mg/L)": "217.77", "Fluoruros (mg/L)": "0", "Nitratos (mg/L)": "0.2", "Nitritos (mg/L)": "0.005", "Ph": "7.4", "SDT (mg/L)": "443", "Sulfatos (mg/L)": "35", "Cloro Total (mg/L)": "0", "Conductividad (muS/cm)": "230", "Temperatura (°C)": "20.3", "ID": "Molango de Escamilla_Molango de Escamilla_Tanque" }, "geometry": { "type": "Point", "coordinates": [ -98.734712226843783, 20.79136721651232 ] } },
{ "type": "Feature", "properties": { "CVEGEO_LOC": "130420001", "AÑO": 2012.0, "NOM_MUN": "Molango de Escamilla", "NOM_LOC": "Molango de Escamilla", "Fuente de abastecimiento": "Tanque Barrio Alto", "Coliformes Totales (Ausencia o Presencia/100mL)": "Presencia", "E. Coli (Ausencia o Presencia/100mL)": "Ausencia", "Arsenico (mg/L)": "0.001", "Bario (mg/L)": null, "Cadmio (mg/L)": null, "Cobre (mg/L)": "0.65", "Hierro (mg/L)": "0.022", "Manganeso (mg/L)": null, "Plomo (mg/L)": "0.31", "Zinc (mg/L)": "0.04", "Cianuros (mg/L)": "0.005", "Cloro Residual (mg/L)": "0.02", "Cloruros (mg/L)": "47.25", "Dureza Total (mg/L)": "166.665", "Fluoruros (mg/L)": "0.19", "Nitratos (mg/L)": "2.3", "Nitritos (mg/L)": "0.0035", "Ph": "8.06", "SDT (mg/L)": "199", "Sulfatos (mg/L)": "10", "Cloro Total (mg/L)": "0", "Conductividad (muS/cm)": "271", "Temperatura (°C)": "18.8", "ID": "Molango de Escamilla_Molango de Escamilla_Tanque Barrio Alto" }, "geometry": { "type": "Point", "coordinates": [ -98.732182855732901, 20.793978001633228 ] } },
{ "type": "Feature", "properties": { "CVEGEO_LOC": "130420018", "AÑO": 2021.0, "NOM_MUN": "Molango de Escamilla", "NOM_LOC": "San Bernardo", "Fuente de abastecimiento": "Manantial San Bernardo", "Coliformes Totales (Ausencia o Presencia/100mL)": "Presencia", "E. Coli (Ausencia o Presencia/100mL)": "Presencia", "Arsenico (mg/L)": "0", "Bario (mg/L)": "0", "Cadmio (mg/L)": "0", "Cobre (mg/L)": "0.32", "Hierro (mg/L)": "0.03", "Manganeso (mg/L)": "0", "Plomo (mg/L)": "0", "Zinc (mg/L)": "0.02", "Cianuros (mg/L)": "0", "Cloro Residual (mg/L)": "0", "Cloruros (mg/L)": "45672", "Dureza Total (mg/L)": "222.22", "Fluoruros (mg/L)": "0.61", "Nitratos (mg/L)": "0.9", "Nitritos (mg/L)": "7", "Ph": "7.31", "SDT (mg/L)": "271.3", "Sulfatos (mg/L)": "72", "Cloro Total (mg/L)": "0", "Conductividad (muS/cm)": "614", "Temperatura (°C)": "45703", "ID": "Molango de Escamilla_San Bernardo_Manantial San Bernardo" }, "geometry": { "type": "Point", "coordinates": [ -98.725372136668184, 20.82251240523869 ] } },
{ "type": "Feature", "properties": { "CVEGEO_LOC": "130430001", "AÑO": 2012.0, "NOM_MUN": "Nicolás Flores", "NOM_LOC": "Nicolás Flores", "Fuente de abastecimiento": "Pozo El Tecojote", "Coliformes Totales (Ausencia o Presencia/100mL)": "Presencia", "E. Coli (Ausencia o Presencia/100mL)": "Ausencia", "Arsenico (mg/L)": "0", "Bario (mg/L)": null, "Cadmio (mg/L)": null, "Cobre (mg/L)": "0.47", "Hierro (mg/L)": "0.045", "Manganeso (mg/L)": "0.025", "Plomo (mg/L)": "0.001", "Zinc (mg/L)": "0.05", "Cianuros (mg/L)": "0.003", "Cloro Residual (mg/L)": "0.02", "Cloruros (mg/L)": "67.75", "Dureza Total (mg/L)": "111.11", "Fluoruros (mg/L)": "0.1", "Nitratos (mg/L)": "0.7", "Nitritos (mg/L)": "0.0053", "Ph": "6.76", "SDT (mg/L)": "87.1", "Sulfatos (mg/L)": "17.5", "Cloro Total (mg/L)": "0", "Conductividad (muS/cm)": "174.6", "Temperatura (°C)": "19", "ID": "Nicolás Flores_Nicolás Flores_Pozo El Tecojote" }, "geometry": { "type": "Point", "coordinates": [ -99.149125851278441, 20.768484088841259 ] } },
{ "type": "Feature", "properties": { "CVEGEO_LOC": "130430001", "AÑO": 2012.0, "NOM_MUN": "Nicolás Flores", "NOM_LOC": "Nicolás Flores", "Fuente de abastecimiento": "Pozo Zaus", "Coliformes Totales (Ausencia o Presencia/100mL)": "Presencia", "E. Coli (Ausencia o Presencia/100mL)": "Presencia", "Arsenico (mg/L)": "0", "Bario (mg/L)": null, "Cadmio (mg/L)": null, "Cobre (mg/L)": "0.347", "Hierro (mg/L)": "0", "Manganeso (mg/L)": "0.05", "Plomo (mg/L)": "0.001", "Zinc (mg/L)": "0.13", "Cianuros (mg/L)": "0", "Cloro Residual (mg/L)": "0.07", "Cloruros (mg/L)": "76.5", "Dureza Total (mg/L)": "315.5524", "Fluoruros (mg/L)": "0.11", "Nitratos (mg/L)": "1.2", "Nitritos (mg/L)": "0", "Ph": "7.18", "SDT (mg/L)": "285", "Sulfatos (mg/L)": "5", "Cloro Total (mg/L)": "0", "Conductividad (muS/cm)": "562", "Temperatura (°C)": "17.24", "ID": "Nicolás Flores_Nicolás Flores_Pozo Zaus" }, "geometry": { "type": "Point", "coordinates": [ -99.149760895037659, 20.76760233014657 ] } },
{ "type": "Feature", "properties": { "CVEGEO_LOC": "130430001", "AÑO": 2013.0, "NOM_MUN": "Nicolás Flores", "NOM_LOC": "Nicolás Flores", "Fuente de abastecimiento": "Tanque \"La Cascada\"", "Coliformes Totales (Ausencia o Presencia/100mL)": "Presencia", "E. Coli (Ausencia o Presencia/100mL)": "Ausencia", "Arsenico (mg/L)": "0", "Bario (mg/L)": "0", "Cadmio (mg/L)": null, "Cobre (mg/L)": "0.3", "Hierro (mg/L)": "0.01", "Manganeso (mg/L)": "0", "Plomo (mg/L)": "0", "Zinc (mg/L)": "0.3", "Cianuros (mg/L)": "0.003", "Cloro Residual (mg/L)": "0", "Cloruros (mg/L)": "65.4", "Dureza Total (mg/L)": "37.77", "Fluoruros (mg/L)": "0.9", "Nitratos (mg/L)": "0.9", "Nitritos (mg/L)": "0.001", "Ph": "7.2", "SDT (mg/L)": "109", "Sulfatos (mg/L)": "80", "Cloro Total (mg/L)": "0.1", "Conductividad (muS/cm)": "149.2", "Temperatura (°C)": "20.1", "ID": "Nicolás Flores_Nicolás Flores_Tanque \"La Cascada\"" }, "geometry": { "type": "Point", "coordinates": [ -99.150233268349552, 20.766923091783283 ] } },
{ "type": "Feature", "properties": { "CVEGEO_LOC": "130430001", "AÑO": 2014.0, "NOM_MUN": "Nicolás Flores", "NOM_LOC": "Nicolás Flores", "Fuente de abastecimiento": "Tanque Cabecera Municipal", "Coliformes Totales (Ausencia o Presencia/100mL)": "Presencia", "E. Coli (Ausencia o Presencia/100mL)": "Ausencia", "Arsenico (mg/L)": "0", "Bario (mg/L)": "0", "Cadmio (mg/L)": null, "Cobre (mg/L)": "0.38", "Hierro (mg/L)": "0.05", "Manganeso (mg/L)": "0", "Plomo (mg/L)": "0", "Zinc (mg/L)": "0.03", "Cianuros (mg/L)": "0.001", "Cloro Residual (mg/L)": "0.2", "Cloruros (mg/L)": "2.7", "Dureza Total (mg/L)": "128.88", "Fluoruros (mg/L)": "0", "Nitratos (mg/L)": "0.5", "Nitritos (mg/L)": "0.003", "Ph": "7.61", "SDT (mg/L)": "91.6", "Sulfatos (mg/L)": "9", "Cloro Total (mg/L)": "0", "Conductividad (muS/cm)": "164.3", "Temperatura (°C)": "20.2", "ID": "Nicolás Flores_Nicolás Flores_Tanque Cabecera Municipal" }, "geometry": { "type": "Point", "coordinates": [ -99.151121411088837, 20.767643624223236 ] } },
{ "type": "Feature", "properties": { "CVEGEO_LOC": "130430001", "AÑO": 2015.0, "NOM_MUN": "Nicolás Flores", "NOM_LOC": "Nicolás Flores", "Fuente de abastecimiento": "Tanque de Almacenamiento", "Coliformes Totales (Ausencia o Presencia/100mL)": "Presencia", "E. Coli (Ausencia o Presencia/100mL)": "Ausencia", "Arsenico (mg/L)": "0.057", "Bario (mg/L)": "0.2", "Cadmio (mg/L)": null, "Cobre (mg/L)": "0", "Hierro (mg/L)": "0.79", "Manganeso (mg/L)": "0.004", "Plomo (mg/L)": "0.2", "Zinc (mg/L)": "1.41", "Cianuros (mg/L)": "0", "Cloro Residual (mg/L)": null, "Cloruros (mg/L)": "0.7", "Dureza Total (mg/L)": "20", "Fluoruros (mg/L)": "0", "Nitratos (mg/L)": "0.01", "Nitritos (mg/L)": "0.7", "Ph": "110.9", "SDT (mg/L)": "0.1", "Sulfatos (mg/L)": "0", "Cloro Total (mg/L)": "0", "Conductividad (muS/cm)": "40.11", "Temperatura (°C)": "20.1", "ID": "Nicolás Flores_Nicolás Flores_Tanque de Almacenamiento" }, "geometry": { "type": "Point", "coordinates": [ -99.150257889599729, 20.768728117393159 ] } },
{ "type": "Feature", "properties": { "CVEGEO_LOC": "130430001", "AÑO": 2013.0, "NOM_MUN": "Nicolás Flores", "NOM_LOC": "Nicolás Flores", "Fuente de abastecimiento": "Tanque de Almacenamiento", "Coliformes Totales (Ausencia o Presencia/100mL)": "Presencia", "E. Coli (Ausencia o Presencia/100mL)": "Ausencia", "Arsenico (mg/L)": "0", "Bario (mg/L)": "0", "Cadmio (mg/L)": null, "Cobre (mg/L)": "0.2", "Hierro (mg/L)": "0.01", "Manganeso (mg/L)": "0", "Plomo (mg/L)": "0", "Zinc (mg/L)": "0.2", "Cianuros (mg/L)": "0.004", "Cloro Residual (mg/L)": "0", "Cloruros (mg/L)": "57.6", "Dureza Total (mg/L)": "40.11", "Fluoruros (mg/L)": "0.7", "Nitratos (mg/L)": "0.7", "Nitritos (mg/L)": "0.002", "Ph": "7.9", "SDT (mg/L)": "110.9", "Sulfatos (mg/L)": "75.1", "Cloro Total (mg/L)": "0.1", "Conductividad (muS/cm)": "141.3", "Temperatura (°C)": "20.1", "ID": "Nicolás Flores_Nicolás Flores_Tanque de Almacenamiento" }, "geometry": { "type": "Point", "coordinates": [ -99.150257889599729, 20.768728117393159 ] } },
{ "type": "Feature", "properties": { "CVEGEO_LOC": "130430001", "AÑO": 2015.0, "NOM_MUN": "Nicolás Flores", "NOM_LOC": "Nicolás Flores", "Fuente de abastecimiento": "Tanque La Cascada", "Coliformes Totales (Ausencia o Presencia/100mL)": "Presencia", "E. Coli (Ausencia o Presencia/100mL)": "Ausencia", "Arsenico (mg/L)": "0", "Bario (mg/L)": "0", "Cadmio (mg/L)": null, "Cobre (mg/L)": "0.3", "Hierro (mg/L)": "0.01", "Manganeso (mg/L)": "0", "Plomo (mg/L)": "0", "Zinc (mg/L)": "0.3", "Cianuros (mg/L)": "0.003", "Cloro Residual (mg/L)": "0", "Cloruros (mg/L)": "65.4", "Dureza Total (mg/L)": "37.77", "Fluoruros (mg/L)": "0.9", "Nitratos (mg/L)": "0.9", "Nitritos (mg/L)": "0.001", "Ph": "7.2", "SDT (mg/L)": "109", "Sulfatos (mg/L)": "80", "Cloro Total (mg/L)": "0.1", "Conductividad (muS/cm)": "149.2", "Temperatura (°C)": "20.1", "ID": "Nicolás Flores_Nicolás Flores_Tanque La Cascada" }, "geometry": { "type": "Point", "coordinates": [ -99.151508650858489, 20.768566219704311 ] } },
{ "type": "Feature", "properties": { "CVEGEO_LOC": "1304300090043800", "AÑO": 2014.0, "NOM_MUN": "Nicolás Flores", "NOM_LOC": "El Dothu", "Fuente de abastecimiento": "Manantial La Barranca del Pájaro", "Coliformes Totales (Ausencia o Presencia/100mL)": "Presencia", "E. Coli (Ausencia o Presencia/100mL)": "Ausencia", "Arsenico (mg/L)": "0", "Bario (mg/L)": "0.1", "Cadmio (mg/L)": null, "Cobre (mg/L)": "0.21", "Hierro (mg/L)": "0.01", "Manganeso (mg/L)": "0.1", "Plomo (mg/L)": "0", "Zinc (mg/L)": "0.25", "Cianuros (mg/L)": "0.005", "Cloro Residual (mg/L)": "0.1", "Cloruros (mg/L)": "3.8", "Dureza Total (mg/L)": "235.55", "Fluoruros (mg/L)": "0", "Nitratos (mg/L)": "0.5", "Nitritos (mg/L)": "0.006", "Ph": "7.94", "SDT (mg/L)": "200", "Sulfatos (mg/L)": "7", "Cloro Total (mg/L)": "0", "Conductividad (muS/cm)": "193.33", "Temperatura (°C)": "16.7", "ID": "Nicolás Flores_El Dothu_Manantial La Barranca del Pájaro" }, "geometry": { "type": "Point", "coordinates": [ -99.152888383340496, 20.736087991726521 ] } },
{ "type": "Feature", "properties": { "CVEGEO_LOC": "1304300090043800", "AÑO": 2016.0, "NOM_MUN": "Nicolás Flores", "NOM_LOC": "El Dothu", "Fuente de abastecimiento": "Tanque El Dothu", "Coliformes Totales (Ausencia o Presencia/100mL)": "Presencia", "E. Coli (Ausencia o Presencia/100mL)": "Ausencia", "Arsenico (mg/L)": "0", "Bario (mg/L)": "0", "Cadmio (mg/L)": "ND", "Cobre (mg/L)": "0.4", "Hierro (mg/L)": "0.04", "Manganeso (mg/L)": "0", "Plomo (mg/L)": "0", "Zinc (mg/L)": "0.05", "Cianuros (mg/L)": "3", "Cloro Residual (mg/L)": "0", "Cloruros (mg/L)": "45904", "Dureza Total (mg/L)": "130.02", "Fluoruros (mg/L)": "0.2", "Nitratos (mg/L)": "0.6", "Nitritos (mg/L)": "4", "Ph": "45696", "SDT (mg/L)": "111.6", "Sulfatos (mg/L)": "45726", "Cloro Total (mg/L)": "0", "Conductividad (muS/cm)": "276", "Temperatura (°C)": "45797", "ID": "Nicolás Flores_El Dothu_Tanque El Dothu" }, "geometry": { "type": "Point", "coordinates": [ -99.152888838336082, 20.736539786421467 ] } },
{ "type": "Feature", "properties": { "CVEGEO_LOC": "130430019", "AÑO": 2016.0, "NOM_MUN": "Nicolás Flores", "NOM_LOC": "Santa Cruz", "Fuente de abastecimiento": "Manantial Santa Cruz (El Zarco)", "Coliformes Totales (Ausencia o Presencia/100mL)": "Presencia", "E. Coli (Ausencia o Presencia/100mL)": "Ausencia", "Arsenico (mg/L)": "0", "Bario (mg/L)": "0.2", "Cadmio (mg/L)": "ND", "Cobre (mg/L)": "0.3", "Hierro (mg/L)": "0.02", "Manganeso (mg/L)": "0", "Plomo (mg/L)": "0", "Zinc (mg/L)": "0.3", "Cianuros (mg/L)": "6", "Cloro Residual (mg/L)": "0.1", "Cloruros (mg/L)": "45906", "Dureza Total (mg/L)": "136.61", "Fluoruros (mg/L)": "0.3", "Nitratos (mg/L)": "0.3", "Nitritos (mg/L)": "2", "Ph": "45969", "SDT (mg/L)": "236.7", "Sulfatos (mg/L)": "45665", "Cloro Total (mg/L)": "0.2", "Conductividad (muS/cm)": "259", "Temperatura (°C)": "45893", "ID": "Nicolás Flores_Santa Cruz_Manantial Santa Cruz (El Zarco)" }, "geometry": { "type": "Point", "coordinates": [ -99.147794981694446, 20.754190541249024 ] } },
{ "type": "Feature", "properties": { "CVEGEO_LOC": "130440004", "AÑO": 2018.0, "NOM_MUN": "Nopala de Villagrán", "NOM_LOC": "El Capulín de Aragón", "Fuente de abastecimiento": "Tanque Aragon", "Coliformes Totales (Ausencia o Presencia/100mL)": "Ausencia", "E. Coli (Ausencia o Presencia/100mL)": "Ausencia", "Arsenico (mg/L)": "0", "Bario (mg/L)": "0", "Cadmio (mg/L)": "0", "Cobre (mg/L)": "0.54", "Hierro (mg/L)": "0.2", "Manganeso (mg/L)": "0", "Plomo (mg/L)": "0", "Zinc (mg/L)": "0.02", "Cianuros (mg/L)": "0", "Cloro Residual (mg/L)": "0.02", "Cloruros (mg/L)": "3.4", "Dureza Total (mg/L)": "112.22", "Fluoruros (mg/L)": "0.34", "Nitratos (mg/L)": "0", "Nitritos (mg/L)": "0.001", "Ph": "7.76", "SDT (mg/L)": "354", "Sulfatos (mg/L)": "0", "Cloro Total (mg/L)": "0.01", "Conductividad (muS/cm)": "124", "Temperatura (°C)": "27", "ID": "Nopala de Villagrán_El Capulín de Aragón_Tanque Aragon" }, "geometry": { "type": "Point", "coordinates": [ -99.615693734013973, 20.202423238037248 ] } },
{ "type": "Feature", "properties": { "CVEGEO_LOC": "130440004", "AÑO": 2017.0, "NOM_MUN": "Nopala de Villagrán", "NOM_LOC": "El Capulín de Aragón", "Fuente de abastecimiento": "Tanque Aragon", "Coliformes Totales (Ausencia o Presencia/100mL)": "Presencia", "E. Coli (Ausencia o Presencia/100mL)": "Ausencia", "Arsenico (mg/L)": "0", "Bario (mg/L)": "0", "Cadmio (mg/L)": null, "Cobre (mg/L)": "0", "Hierro (mg/L)": "0.7", "Manganeso (mg/L)": "0", "Plomo (mg/L)": "0.2", "Zinc (mg/L)": "0", "Cianuros (mg/L)": "0", "Cloro Residual (mg/L)": "0.22", "Cloruros (mg/L)": "0", "Dureza Total (mg/L)": "135.4", "Fluoruros (mg/L)": "1.2", "Nitratos (mg/L)": "0.1", "Nitritos (mg/L)": "0", "Ph": "6.52", "SDT (mg/L)": "67.7", "Sulfatos (mg/L)": "0", "Cloro Total (mg/L)": "0.98", "Conductividad (muS/cm)": "0.02", "Temperatura (°C)": null, "ID": "Nopala de Villagrán_El Capulín de Aragón_Tanque Aragon" }, "geometry": { "type": "Point", "coordinates": [ -99.615693734013973, 20.202423238037248 ] } },
{ "type": "Feature", "properties": { "CVEGEO_LOC": "130440010", "AÑO": 2014.0, "NOM_MUN": "Nopala de Villagrán", "NOM_LOC": "Dañu", "Fuente de abastecimiento": "Manantial Dañú", "Coliformes Totales (Ausencia o Presencia/100mL)": "Presencia", "E. Coli (Ausencia o Presencia/100mL)": "Ausencia", "Arsenico (mg/L)": "0", "Bario (mg/L)": "0", "Cadmio (mg/L)": null, "Cobre (mg/L)": "0.3", "Hierro (mg/L)": "0.02", "Manganeso (mg/L)": "0", "Plomo (mg/L)": "0.01", "Zinc (mg/L)": "0.04", "Cianuros (mg/L)": "0.002", "Cloro Residual (mg/L)": "0.02", "Cloruros (mg/L)": "60", "Dureza Total (mg/L)": "103.33", "Fluoruros (mg/L)": "0.4", "Nitratos (mg/L)": "2", "Nitritos (mg/L)": "0.005", "Ph": "7.62", "SDT (mg/L)": "126", "Sulfatos (mg/L)": "14", "Cloro Total (mg/L)": "0.02", "Conductividad (muS/cm)": "504", "Temperatura (°C)": "24.4", "ID": "Nopala de Villagrán_Dañu_Manantial Dañú" }, "geometry": { "type": "Point", "coordinates": [ -99.7062601934594, 20.206515558291791 ] } },
{ "type": "Feature", "properties": { "CVEGEO_LOC": "130440011", "AÑO": 2018.0, "NOM_MUN": "Nopala de Villagrán", "NOM_LOC": "Denthó", "Fuente de abastecimiento": "Tanque Denthó", "Coliformes Totales (Ausencia o Presencia/100mL)": "Ausencia", "E. Coli (Ausencia o Presencia/100mL)": "Ausencia", "Arsenico (mg/L)": "0", "Bario (mg/L)": "0", "Cadmio (mg/L)": "0", "Cobre (mg/L)": "0.54", "Hierro (mg/L)": "0.1", "Manganeso (mg/L)": "0", "Plomo (mg/L)": "0", "Zinc (mg/L)": "0.2", "Cianuros (mg/L)": "0", "Cloro Residual (mg/L)": "0.13", "Cloruros (mg/L)": "2", "Dureza Total (mg/L)": "255.55", "Fluoruros (mg/L)": "0.32", "Nitratos (mg/L)": "0", "Nitritos (mg/L)": "0.001", "Ph": "8.3", "SDT (mg/L)": "59.25", "Sulfatos (mg/L)": "1", "Cloro Total (mg/L)": "0.65", "Conductividad (muS/cm)": "227", "Temperatura (°C)": "23.1", "ID": "Nopala de Villagrán_Denthó_Tanque Denthó" }, "geometry": { "type": "Point", "coordinates": [ -99.64175955693463, 20.240791789678386 ] } },
{ "type": "Feature", "properties": { "CVEGEO_LOC": "130440016", "AÑO": 2016.0, "NOM_MUN": "Nopala de Villagrán", "NOM_LOC": "Loma del Progreso", "Fuente de abastecimiento": "Pozo El Zauz", "Coliformes Totales (Ausencia o Presencia/100mL)": "Presencia", "E. Coli (Ausencia o Presencia/100mL)": "Ausencia", "Arsenico (mg/L)": "0", "Bario (mg/L)": "0", "Cadmio (mg/L)": "ND", "Cobre (mg/L)": "0", "Hierro (mg/L)": "0", "Manganeso (mg/L)": "0", "Plomo (mg/L)": "0", "Zinc (mg/L)": "0.06", "Cianuros (mg/L)": "0", "Cloro Residual (mg/L)": "0.06", "Cloruros (mg/L)": "45779", "Dureza Total (mg/L)": "113.33", "Fluoruros (mg/L)": "0.33", "Nitratos (mg/L)": "0", "Nitritos (mg/L)": "0", "Ph": "45696", "SDT (mg/L)": "112.3", "Sulfatos (mg/L)": "0", "Cloro Total (mg/L)": "0.01", "Conductividad (muS/cm)": "445", "Temperatura (°C)": "45921", "ID": "Nopala de Villagrán_Loma del Progreso_Pozo El Zauz" }, "geometry": { "type": "Point", "coordinates": [ -99.574934170062249, 20.220334422809707 ] } },
{ "type": "Feature", "properties": { "CVEGEO_LOC": "130440018", "AÑO": 2017.0, "NOM_MUN": "Nopala de Villagrán", "NOM_LOC": "El Mangui", "Fuente de abastecimiento": "Tanque el Mangui", "Coliformes Totales (Ausencia o Presencia/100mL)": "Presencia", "E. Coli (Ausencia o Presencia/100mL)": "Presencia", "Arsenico (mg/L)": "0", "Bario (mg/L)": "0.1", "Cadmio (mg/L)": null, "Cobre (mg/L)": "0.35", "Hierro (mg/L)": "0", "Manganeso (mg/L)": "0", "Plomo (mg/L)": "0", "Zinc (mg/L)": "0", "Cianuros (mg/L)": "0.007", "Cloro Residual (mg/L)": "0.07", "Cloruros (mg/L)": "2.5", "Dureza Total (mg/L)": "16.888", "Fluoruros (mg/L)": "2.05", "Nitratos (mg/L)": "2.07", "Nitritos (mg/L)": "0.001", "Ph": "6.65", "SDT (mg/L)": "224", "Sulfatos (mg/L)": "88", "Cloro Total (mg/L)": "0.09", "Conductividad (muS/cm)": "375", "Temperatura (°C)": null, "ID": "Nopala de Villagrán_El Mangui_Tanque el Mangui" }, "geometry": { "type": "Point", "coordinates": [ -99.609286236532768, 20.224589363087627 ] } },
{ "type": "Feature", "properties": { "CVEGEO_LOC": "130440018", "AÑO": 2018.0, "NOM_MUN": "Nopala de Villagrán", "NOM_LOC": "El Mangui", "Fuente de abastecimiento": "Tanque El Mangui", "Coliformes Totales (Ausencia o Presencia/100mL)": "Ausencia", "E. Coli (Ausencia o Presencia/100mL)": "Ausencia", "Arsenico (mg/L)": "0", "Bario (mg/L)": "0", "Cadmio (mg/L)": "0", "Cobre (mg/L)": "0.5", "Hierro (mg/L)": "0.12", "Manganeso (mg/L)": "0", "Plomo (mg/L)": "0", "Zinc (mg/L)": "0", "Cianuros (mg/L)": "0.001", "Cloro Residual (mg/L)": "0.02", "Cloruros (mg/L)": "2.5", "Dureza Total (mg/L)": "222.22", "Fluoruros (mg/L)": "0.3", "Nitratos (mg/L)": "0", "Nitritos (mg/L)": "0.001", "Ph": "8.11", "SDT (mg/L)": "432", "Sulfatos (mg/L)": "0", "Cloro Total (mg/L)": "0.6", "Conductividad (muS/cm)": "212.3", "Temperatura (°C)": "23.2", "ID": "Nopala de Villagrán_El Mangui_Tanque El Mangui" }, "geometry": { "type": "Point", "coordinates": [ -99.607044631976464, 20.227910568449353 ] } },
{ "type": "Feature", "properties": { "CVEGEO_LOC": "130440018", "AÑO": 2017.0, "NOM_MUN": "Nopala de Villagrán", "NOM_LOC": "El Mangui", "Fuente de abastecimiento": "Toma Domiciliaria", "Coliformes Totales (Ausencia o Presencia/100mL)": "Ausencia", "E. Coli (Ausencia o Presencia/100mL)": "Ausencia", "Arsenico (mg/L)": "0", "Bario (mg/L)": "0", "Cadmio (mg/L)": null, "Cobre (mg/L)": "0.69", "Hierro (mg/L)": "0.5", "Manganeso (mg/L)": "0", "Plomo (mg/L)": "0", "Zinc (mg/L)": "0.07", "Cianuros (mg/L)": "0", "Cloro Residual (mg/L)": "0.05", "Cloruros (mg/L)": "3.8", "Dureza Total (mg/L)": "79.9", "Fluoruros (mg/L)": "0.58", "Nitratos (mg/L)": "0", "Nitritos (mg/L)": "0.001", "Ph": "7.98", "SDT (mg/L)": "448", "Sulfatos (mg/L)": "0", "Cloro Total (mg/L)": "0.02", "Conductividad (muS/cm)": "221", "Temperatura (°C)": null, "ID": "Nopala de Villagrán_El Mangui_Toma Domiciliaria" }, "geometry": { "type": "Point", "coordinates": [ -99.610725704870674, 20.229450028324848 ] } },
{ "type": "Feature", "properties": { "CVEGEO_LOC": "130440019", "AÑO": 2013.0, "NOM_MUN": "Nopala de Villagrán", "NOM_LOC": "Maravillas", "Fuente de abastecimiento": "Cárcamo Maravillas", "Coliformes Totales (Ausencia o Presencia/100mL)": "Presencia", "E. Coli (Ausencia o Presencia/100mL)": "Ausencia", "Arsenico (mg/L)": "0", "Bario (mg/L)": "0", "Cadmio (mg/L)": null, "Cobre (mg/L)": "0.2", "Hierro (mg/L)": "0.02", "Manganeso (mg/L)": "0", "Plomo (mg/L)": "0.01", "Zinc (mg/L)": "0.02", "Cianuros (mg/L)": "0.001", "Cloro Residual (mg/L)": "0", "Cloruros (mg/L)": "60.2", "Dureza Total (mg/L)": "136.66", "Fluoruros (mg/L)": "0.3", "Nitratos (mg/L)": "0.8", "Nitritos (mg/L)": "0.003", "Ph": "7.98", "SDT (mg/L)": "201", "Sulfatos (mg/L)": "8.1", "Cloro Total (mg/L)": "0", "Conductividad (muS/cm)": "235", "Temperatura (°C)": "21.6", "ID": "Nopala de Villagrán_Maravillas_Cárcamo Maravillas" }, "geometry": { "type": "Point", "coordinates": [ -99.583182507302908, 20.205737359954899 ] } },
{ "type": "Feature", "properties": { "CVEGEO_LOC": "130440019", "AÑO": 2015.0, "NOM_MUN": "Nopala de Villagrán", "NOM_LOC": "Maravillas", "Fuente de abastecimiento": "Cárcamo Maravillas", "Coliformes Totales (Ausencia o Presencia/100mL)": "Presencia", "E. Coli (Ausencia o Presencia/100mL)": "Ausencia", "Arsenico (mg/L)": "0", "Bario (mg/L)": "0", "Cadmio (mg/L)": null, "Cobre (mg/L)": "0.2", "Hierro (mg/L)": "0.02", "Manganeso (mg/L)": "0", "Plomo (mg/L)": "0.01", "Zinc (mg/L)": "0.02", "Cianuros (mg/L)": "0.001", "Cloro Residual (mg/L)": "0", "Cloruros (mg/L)": "60.2", "Dureza Total (mg/L)": "136.66", "Fluoruros (mg/L)": "0.3", "Nitratos (mg/L)": "0.8", "Nitritos (mg/L)": "0.003", "Ph": "7.98", "SDT (mg/L)": "201", "Sulfatos (mg/L)": "8.1", "Cloro Total (mg/L)": "0", "Conductividad (muS/cm)": "235", "Temperatura (°C)": "21.6", "ID": "Nopala de Villagrán_Maravillas_Cárcamo Maravillas" }, "geometry": { "type": "Point", "coordinates": [ -99.583182507302908, 20.205737359954899 ] } },
{ "type": "Feature", "properties": { "CVEGEO_LOC": "130440019", "AÑO": 2016.0, "NOM_MUN": "Nopala de Villagrán", "NOM_LOC": "Maravillas", "Fuente de abastecimiento": "Pozo 125", "Coliformes Totales (Ausencia o Presencia/100mL)": "Presencia", "E. Coli (Ausencia o Presencia/100mL)": "Ausencia", "Arsenico (mg/L)": "0", "Bario (mg/L)": "0", "Cadmio (mg/L)": "ND", "Cobre (mg/L)": "0.31", "Hierro (mg/L)": "0", "Manganeso (mg/L)": "0", "Plomo (mg/L)": "0", "Zinc (mg/L)": "0.06", "Cianuros (mg/L)": "0", "Cloro Residual (mg/L)": "0", "Cloruros (mg/L)": "45660", "Dureza Total (mg/L)": "95.55", "Fluoruros (mg/L)": "0.67", "Nitratos (mg/L)": "0", "Nitritos (mg/L)": "0", "Ph": "45785", "SDT (mg/L)": "106.6", "Sulfatos (mg/L)": "0", "Cloro Total (mg/L)": "0", "Conductividad (muS/cm)": "424", "Temperatura (°C)": "45746", "ID": "Nopala de Villagrán_Maravillas_Pozo 125" }, "geometry": { "type": "Point", "coordinates": [ -99.579076447733456, 20.200952682847678 ] } },
{ "type": "Feature", "properties": { "CVEGEO_LOC": "130440019", "AÑO": 2018.0, "NOM_MUN": "Nopala de Villagrán", "NOM_LOC": "Maravillas", "Fuente de abastecimiento": "Pozo 125", "Coliformes Totales (Ausencia o Presencia/100mL)": "Presencia", "E. Coli (Ausencia o Presencia/100mL)": "Ausencia", "Arsenico (mg/L)": "0", "Bario (mg/L)": "0", "Cadmio (mg/L)": "0", "Cobre (mg/L)": "0.73", "Hierro (mg/L)": "0", "Manganeso (mg/L)": "0", "Plomo (mg/L)": "0", "Zinc (mg/L)": "0.21", "Cianuros (mg/L)": "0", "Cloro Residual (mg/L)": "0.34", "Cloruros (mg/L)": "4.4", "Dureza Total (mg/L)": "133.33", "Fluoruros (mg/L)": "0.4", "Nitratos (mg/L)": "0", "Nitritos (mg/L)": "0", "Ph": "7.89", "SDT (mg/L)": "421", "Sulfatos (mg/L)": "0", "Cloro Total (mg/L)": "0.5", "Conductividad (muS/cm)": "212.4", "Temperatura (°C)": "28.5", "ID": "Nopala de Villagrán_Maravillas_Pozo 125" }, "geometry": { "type": "Point", "coordinates": [ -99.579076447733456, 20.200952682847678 ] } },
{ "type": "Feature", "properties": { "CVEGEO_LOC": "130440019", "AÑO": 2018.0, "NOM_MUN": "Nopala de Villagrán", "NOM_LOC": "Maravillas", "Fuente de abastecimiento": "Pozo El Zauz", "Coliformes Totales (Ausencia o Presencia/100mL)": "Presencia", "E. Coli (Ausencia o Presencia/100mL)": "Ausencia", "Arsenico (mg/L)": "0", "Bario (mg/L)": "0", "Cadmio (mg/L)": "0", "Cobre (mg/L)": "0.9", "Hierro (mg/L)": "0", "Manganeso (mg/L)": "0", "Plomo (mg/L)": "0", "Zinc (mg/L)": "0", "Cianuros (mg/L)": "0", "Cloro Residual (mg/L)": "0.01", "Cloruros (mg/L)": "2.8", "Dureza Total (mg/L)": "122.22", "Fluoruros (mg/L)": "0.4", "Nitratos (mg/L)": "0", "Nitritos (mg/L)": "0", "Ph": "7.85", "SDT (mg/L)": "420", "Sulfatos (mg/L)": "1", "Cloro Total (mg/L)": "0.4", "Conductividad (muS/cm)": "224", "Temperatura (°C)": "30.2", "ID": "Nopala de Villagrán_Maravillas_Pozo El Zauz" }, "geometry": { "type": "Point", "coordinates": [ -99.582196058579797, 20.197876249003116 ] } },
{ "type": "Feature", "properties": { "CVEGEO_LOC": "130440019", "AÑO": 2019.0, "NOM_MUN": "Nopala de Villagrán", "NOM_LOC": "Maravillas", "Fuente de abastecimiento": "Pozo No 125", "Coliformes Totales (Ausencia o Presencia/100mL)": "Presencia", "E. Coli (Ausencia o Presencia/100mL)": "Ausencia", "Arsenico (mg/L)": "0", "Bario (mg/L)": "0", "Cadmio (mg/L)": "0", "Cobre (mg/L)": "0.6", "Hierro (mg/L)": "0", "Manganeso (mg/L)": "0", "Plomo (mg/L)": "0", "Zinc (mg/L)": "0.2", "Cianuros (mg/L)": "0", "Cloro Residual (mg/L)": "0.11", "Cloruros (mg/L)": "6.1", "Dureza Total (mg/L)": "82.22", "Fluoruros (mg/L)": "0.5", "Nitratos (mg/L)": "0", "Nitritos (mg/L)": "0.001", "Ph": "6.98", "SDT (mg/L)": "430", "Sulfatos (mg/L)": "0", "Cloro Total (mg/L)": "0", "Conductividad (muS/cm)": "0.58", "Temperatura (°C)": "31.7", "ID": "Nopala de Villagrán_Maravillas_Pozo No 125" }, "geometry": { "type": "Point", "coordinates": [ -99.586215180426422, 20.204646080928654 ] } },
{ "type": "Feature", "properties": { "CVEGEO_LOC": "1304400240021800", "AÑO": 2017.0, "NOM_MUN": "Nopala de Villagrán", "NOM_LOC": "El Pedregoso", "Fuente de abastecimiento": "Tanque el pedregoso", "Coliformes Totales (Ausencia o Presencia/100mL)": "Presencia", "E. Coli (Ausencia o Presencia/100mL)": "Ausencia", "Arsenico (mg/L)": "0.001", "Bario (mg/L)": "0", "Cadmio (mg/L)": null, "Cobre (mg/L)": "0.31", "Hierro (mg/L)": "0", "Manganeso (mg/L)": "0.3", "Plomo (mg/L)": "0", "Zinc (mg/L)": "0", "Cianuros (mg/L)": "0.002", "Cloro Residual (mg/L)": "0.03", "Cloruros (mg/L)": "3.6", "Dureza Total (mg/L)": "44.4", "Fluoruros (mg/L)": "0.2", "Nitratos (mg/L)": "1.5", "Nitritos (mg/L)": "0.006", "Ph": "7.37", "SDT (mg/L)": "57.1", "Sulfatos (mg/L)": "5", "Cloro Total (mg/L)": "0", "Conductividad (muS/cm)": "36.3", "Temperatura (°C)": null, "ID": "Nopala de Villagrán_El Pedregoso_Tanque el pedregoso" }, "geometry": { "type": "Point", "coordinates": [ -99.647555664756752, 20.272028395340151 ] } },
{ "type": "Feature", "properties": { "CVEGEO_LOC": "1304400240021800", "AÑO": 2018.0, "NOM_MUN": "Nopala de Villagrán", "NOM_LOC": "El Pedregoso", "Fuente de abastecimiento": "Tanque El Pedregoso", "Coliformes Totales (Ausencia o Presencia/100mL)": "Ausencia", "E. Coli (Ausencia o Presencia/100mL)": "Ausencia", "Arsenico (mg/L)": "0", "Bario (mg/L)": "0", "Cadmio (mg/L)": "0", "Cobre (mg/L)": "0.43", "Hierro (mg/L)": "0.1", "Manganeso (mg/L)": "0", "Plomo (mg/L)": "0", "Zinc (mg/L)": "0.2", "Cianuros (mg/L)": "0", "Cloro Residual (mg/L)": "0.2", "Cloruros (mg/L)": "6", "Dureza Total (mg/L)": "111.11", "Fluoruros (mg/L)": "0.1", "Nitratos (mg/L)": "0", "Nitritos (mg/L)": "0.001", "Ph": "8.1", "SDT (mg/L)": "143", "Sulfatos (mg/L)": "1", "Cloro Total (mg/L)": "0.59", "Conductividad (muS/cm)": "231", "Temperatura (°C)": "23.4", "ID": "Nopala de Villagrán_El Pedregoso_Tanque El Pedregoso" }, "geometry": { "type": "Point", "coordinates": [ -99.647553780105682, 20.271576604125428 ] } },
{ "type": "Feature", "properties": { "CVEGEO_LOC": "130440044", "AÑO": 2013.0, "NOM_MUN": "Nopala de Villagrán", "NOM_LOC": "La Cañada", "Fuente de abastecimiento": "Pozo La Cantina", "Coliformes Totales (Ausencia o Presencia/100mL)": "Presencia", "E. Coli (Ausencia o Presencia/100mL)": "Ausencia", "Arsenico (mg/L)": "0", "Bario (mg/L)": "0", "Cadmio (mg/L)": null, "Cobre (mg/L)": "0.3", "Hierro (mg/L)": "0.03", "Manganeso (mg/L)": "0", "Plomo (mg/L)": "0.01", "Zinc (mg/L)": "0.03", "Cianuros (mg/L)": "0.002", "Cloro Residual (mg/L)": "0", "Cloruros (mg/L)": "59.1", "Dureza Total (mg/L)": "145.55", "Fluoruros (mg/L)": "0.2", "Nitratos (mg/L)": "1.2", "Nitritos (mg/L)": "0.006", "Ph": "7.78", "SDT (mg/L)": "170", "Sulfatos (mg/L)": "7.1", "Cloro Total (mg/L)": "0", "Conductividad (muS/cm)": "320", "Temperatura (°C)": "31.8", "ID": "Nopala de Villagrán_La Cañada_Pozo La Cantina" }, "geometry": { "type": "Point", "coordinates": [ -99.643983200188046, 20.216581386049477 ] } },
{ "type": "Feature", "properties": { "CVEGEO_LOC": "130440044", "AÑO": 2015.0, "NOM_MUN": "Nopala de Villagrán", "NOM_LOC": "La Cañada", "Fuente de abastecimiento": "Pozo La Cantina", "Coliformes Totales (Ausencia o Presencia/100mL)": "Presencia", "E. Coli (Ausencia o Presencia/100mL)": "Ausencia", "Arsenico (mg/L)": "0", "Bario (mg/L)": "0", "Cadmio (mg/L)": null, "Cobre (mg/L)": "0.3", "Hierro (mg/L)": "0.03", "Manganeso (mg/L)": "0", "Plomo (mg/L)": "0.01", "Zinc (mg/L)": "0.03", "Cianuros (mg/L)": "0.002", "Cloro Residual (mg/L)": "0", "Cloruros (mg/L)": "59.1", "Dureza Total (mg/L)": "145.55", "Fluoruros (mg/L)": "0.2", "Nitratos (mg/L)": "1.2", "Nitritos (mg/L)": "0.006", "Ph": "7.78", "SDT (mg/L)": "170", "Sulfatos (mg/L)": "7.1", "Cloro Total (mg/L)": "0", "Conductividad (muS/cm)": "320", "Temperatura (°C)": "31.8", "ID": "Nopala de Villagrán_La Cañada_Pozo La Cantina" }, "geometry": { "type": "Point", "coordinates": [ -99.643983200188046, 20.216581386049477 ] } },
{ "type": "Feature", "properties": { "CVEGEO_LOC": "130440044", "AÑO": 2012.0, "NOM_MUN": "Nopala de Villagrán", "NOM_LOC": "La Cañada", "Fuente de abastecimiento": "Sistema Bandola", "Coliformes Totales (Ausencia o Presencia/100mL)": "Presencia", "E. Coli (Ausencia o Presencia/100mL)": "Ausencia", "Arsenico (mg/L)": "0.004", "Bario (mg/L)": null, "Cadmio (mg/L)": null, "Cobre (mg/L)": "0.612", "Hierro (mg/L)": "0.046", "Manganeso (mg/L)": null, "Plomo (mg/L)": "0.01", "Zinc (mg/L)": "0.038", "Cianuros (mg/L)": "0.003", "Cloro Residual (mg/L)": "0.07", "Cloruros (mg/L)": "61.5", "Dureza Total (mg/L)": "144.443", "Fluoruros (mg/L)": "0.15", "Nitratos (mg/L)": "1.4", "Nitritos (mg/L)": "0.0063", "Ph": "7.76", "SDT (mg/L)": "166", "Sulfatos (mg/L)": "5", "Cloro Total (mg/L)": "0.08", "Conductividad (muS/cm)": "337", "Temperatura (°C)": "31", "ID": "Nopala de Villagrán_La Cañada_Sistema Bandola" }, "geometry": { "type": "Point", "coordinates": [ -99.645635994116532, 20.218483002417408 ] } },
{ "type": "Feature", "properties": { "CVEGEO_LOC": "1304400730017800", "AÑO": 2019.0, "NOM_MUN": "Nopala de Villagrán", "NOM_LOC": "Ojo de Agua", "Fuente de abastecimiento": "Pozo Profundo San Sebastian", "Coliformes Totales (Ausencia o Presencia/100mL)": "Presencia", "E. Coli (Ausencia o Presencia/100mL)": "Ausencia", "Arsenico (mg/L)": "0", "Bario (mg/L)": "0", "Cadmio (mg/L)": "0", "Cobre (mg/L)": "0.5", "Hierro (mg/L)": "0.05", "Manganeso (mg/L)": "0", "Plomo (mg/L)": "0", "Zinc (mg/L)": "0.04", "Cianuros (mg/L)": "0.002", "Cloro Residual (mg/L)": "0.02", "Cloruros (mg/L)": "60.1", "Dureza Total (mg/L)": "104.44", "Fluoruros (mg/L)": "0.4", "Nitratos (mg/L)": "1.8", "Nitritos (mg/L)": "0.005", "Ph": "7.34", "SDT (mg/L)": "136.1", "Sulfatos (mg/L)": "13", "Cloro Total (mg/L)": "0", "Conductividad (muS/cm)": "0.63", "Temperatura (°C)": "27.4", "ID": "Nopala de Villagrán_Ojo de Agua_Pozo Profundo San Sebastian" }, "geometry": { "type": "Point", "coordinates": [ -99.757353781283058, 20.2398475791991 ] } },
{ "type": "Feature", "properties": { "CVEGEO_LOC": "1304400870036800", "AÑO": 2019.0, "NOM_MUN": "Nopala de Villagrán", "NOM_LOC": "El Sauz", "Fuente de abastecimiento": "Pozo el Sauz", "Coliformes Totales (Ausencia o Presencia/100mL)": "Presencia", "E. Coli (Ausencia o Presencia/100mL)": "Ausencia", "Arsenico (mg/L)": "0", "Bario (mg/L)": "0", "Cadmio (mg/L)": "0", "Cobre (mg/L)": "0.7", "Hierro (mg/L)": "0", "Manganeso (mg/L)": "0", "Plomo (mg/L)": "0", "Zinc (mg/L)": "0", "Cianuros (mg/L)": "0", "Cloro Residual (mg/L)": "0.02", "Cloruros (mg/L)": "1.9", "Dureza Total (mg/L)": "75.55", "Fluoruros (mg/L)": "0.3", "Nitratos (mg/L)": "0", "Nitritos (mg/L)": "0.001", "Ph": "6.98", "SDT (mg/L)": "133", "Sulfatos (mg/L)": "1", "Cloro Total (mg/L)": "0", "Conductividad (muS/cm)": "0.61", "Temperatura (°C)": "31.7", "ID": "Nopala de Villagrán_El Sauz_Pozo el Sauz" }, "geometry": { "type": "Point", "coordinates": [ -99.630447029014789, 20.273865340926854 ] } },
{ "type": "Feature", "properties": { "CVEGEO_LOC": "1304400870036800", "AÑO": 2016.0, "NOM_MUN": "Nopala de Villagrán", "NOM_LOC": "El Sauz", "Fuente de abastecimiento": "Pozo El Sauz", "Coliformes Totales (Ausencia o Presencia/100mL)": "Presencia", "E. Coli (Ausencia o Presencia/100mL)": "Ausencia", "Arsenico (mg/L)": "0", "Bario (mg/L)": "0", "Cadmio (mg/L)": "ND", "Cobre (mg/L)": "0", "Hierro (mg/L)": "0", "Manganeso (mg/L)": "0", "Plomo (mg/L)": "0", "Zinc (mg/L)": "0.05", "Cianuros (mg/L)": "0", "Cloro Residual (mg/L)": "0.05", "Cloruros (mg/L)": "45826", "Dureza Total (mg/L)": "226.66", "Fluoruros (mg/L)": "0.62", "Nitratos (mg/L)": "1", "Nitritos (mg/L)": "0", "Ph": "45665", "SDT (mg/L)": "246", "Sulfatos (mg/L)": "81", "Cloro Total (mg/L)": "0.04", "Conductividad (muS/cm)": "888", "Temperatura (°C)": "45764", "ID": "Nopala de Villagrán_El Sauz_Pozo El Sauz" }, "geometry": { "type": "Point", "coordinates": [ -99.630445194010846, 20.273413548285021 ] } },
{ "type": "Feature", "properties": { "CVEGEO_LOC": "1304400890021800", "AÑO": 2012.0, "NOM_MUN": "Nopala de Villagrán", "NOM_LOC": "El Tejocote", "Fuente de abastecimiento": "Manantial La Pila", "Coliformes Totales (Ausencia o Presencia/100mL)": "Presencia", "E. Coli (Ausencia o Presencia/100mL)": "Ausencia", "Arsenico (mg/L)": "0.003", "Bario (mg/L)": null, "Cadmio (mg/L)": null, "Cobre (mg/L)": "0.402", "Hierro (mg/L)": "0.062", "Manganeso (mg/L)": null, "Plomo (mg/L)": "0.01", "Zinc (mg/L)": "0.04", "Cianuros (mg/L)": "0.002", "Cloro Residual (mg/L)": "0.02", "Cloruros (mg/L)": "58.25", "Dureza Total (mg/L)": "102.2212", "Fluoruros (mg/L)": "0.39", "Nitratos (mg/L)": "2.2", "Nitritos (mg/L)": "0.0056", "Ph": "7.93", "SDT (mg/L)": "124.8", "Sulfatos (mg/L)": "12.5", "Cloro Total (mg/L)": "0.02", "Conductividad (muS/cm)": "259", "Temperatura (°C)": "35", "ID": "Nopala de Villagrán_El Tejocote_Manantial La Pila" }, "geometry": { "type": "Point", "coordinates": [ -99.673533467587774, 20.201142714515562 ] } },
{ "type": "Feature", "properties": { "CVEGEO_LOC": "1304400890021800", "AÑO": 2014.0, "NOM_MUN": "Nopala de Villagrán", "NOM_LOC": "El Tejocote", "Fuente de abastecimiento": "Pozo de Tejocote", "Coliformes Totales (Ausencia o Presencia/100mL)": "Presencia", "E. Coli (Ausencia o Presencia/100mL)": "Ausencia", "Arsenico (mg/L)": "0", "Bario (mg/L)": "0", "Cadmio (mg/L)": null, "Cobre (mg/L)": "0.3", "Hierro (mg/L)": "0.03", "Manganeso (mg/L)": "0", "Plomo (mg/L)": "0", "Zinc (mg/L)": "0.04", "Cianuros (mg/L)": "0.002", "Cloro Residual (mg/L)": "0.02", "Cloruros (mg/L)": "60", "Dureza Total (mg/L)": "103.33", "Fluoruros (mg/L)": "0.5", "Nitratos (mg/L)": "1.9", "Nitritos (mg/L)": "0.005", "Ph": "7.99", "SDT (mg/L)": "126", "Sulfatos (mg/L)": "13", "Cloro Total (mg/L)": "0.06", "Conductividad (muS/cm)": "254", "Temperatura (°C)": "24.7", "ID": "Nopala de Villagrán_El Tejocote_Pozo de Tejocote" }, "geometry": { "type": "Point", "coordinates": [ -99.673535420507932, 20.2015945069653 ] } },
{ "type": "Feature", "properties": { "CVEGEO_LOC": "130450001", "AÑO": 2013.0, "NOM_MUN": "Omitlán de Juárez", "NOM_LOC": "Omitlán de Juárez", "Fuente de abastecimiento": "Manantial \"Peña Larga\"", "Coliformes Totales (Ausencia o Presencia/100mL)": "Presencia", "E. Coli (Ausencia o Presencia/100mL)": "Ausencia", "Arsenico (mg/L)": "0", "Bario (mg/L)": "0", "Cadmio (mg/L)": null, "Cobre (mg/L)": "0.231", "Hierro (mg/L)": "0", "Manganeso (mg/L)": "0", "Plomo (mg/L)": "0", "Zinc (mg/L)": "0.04", "Cianuros (mg/L)": "0.001", "Cloro Residual (mg/L)": "0.2", "Cloruros (mg/L)": "3.7", "Dureza Total (mg/L)": "62.1", "Fluoruros (mg/L)": "0.12", "Nitratos (mg/L)": "0.9", "Nitritos (mg/L)": "0.03", "Ph": "7.71", "SDT (mg/L)": "58.9", "Sulfatos (mg/L)": "0", "Cloro Total (mg/L)": "0", "Conductividad (muS/cm)": "53.2", "Temperatura (°C)": "18.2", "ID": "Omitlán de Juárez_Omitlán de Juárez_Manantial \"Peña Larga\"" }, "geometry": { "type": "Point", "coordinates": [ -98.644838466387796, 20.170563727923565 ] } },
{ "type": "Feature", "properties": { "CVEGEO_LOC": "130450001", "AÑO": 2013.0, "NOM_MUN": "Omitlán de Juárez", "NOM_LOC": "Omitlán de Juárez", "Fuente de abastecimiento": "Manantial \"Súmate\"", "Coliformes Totales (Ausencia o Presencia/100mL)": "Presencia", "E. Coli (Ausencia o Presencia/100mL)": "Ausencia", "Arsenico (mg/L)": "0", "Bario (mg/L)": "0", "Cadmio (mg/L)": null, "Cobre (mg/L)": "0.17", "Hierro (mg/L)": "0", "Manganeso (mg/L)": "0", "Plomo (mg/L)": "0", "Zinc (mg/L)": "0.03", "Cianuros (mg/L)": "0", "Cloro Residual (mg/L)": "0", "Cloruros (mg/L)": "3.48", "Dureza Total (mg/L)": "73.25", "Fluoruros (mg/L)": "0.2", "Nitratos (mg/L)": "0.4", "Nitritos (mg/L)": "0", "Ph": "7.21", "SDT (mg/L)": "41.3", "Sulfatos (mg/L)": "0", "Cloro Total (mg/L)": "0", "Conductividad (muS/cm)": "83.9", "Temperatura (°C)": "22", "ID": "Omitlán de Juárez_Omitlán de Juárez_Manantial \"Súmate\"" }, "geometry": { "type": "Point", "coordinates": [ -98.645795469324952, 20.168172174499166 ] } },
{ "type": "Feature", "properties": { "CVEGEO_LOC": "130450001", "AÑO": 2021.0, "NOM_MUN": "Omitlán de Juárez", "NOM_LOC": "Omitlán de Juárez", "Fuente de abastecimiento": "Manantial Atarjea", "Coliformes Totales (Ausencia o Presencia/100mL)": "Presencia", "E. Coli (Ausencia o Presencia/100mL)": "Presencia", "Arsenico (mg/L)": "0", "Bario (mg/L)": "0.01", "Cadmio (mg/L)": "0", "Cobre (mg/L)": "0.05", "Hierro (mg/L)": "0.03", "Manganeso (mg/L)": "0", "Plomo (mg/L)": "0", "Zinc (mg/L)": "0.06", "Cianuros (mg/L)": "0", "Cloro Residual (mg/L)": "0.07", "Cloruros (mg/L)": "53.4", "Dureza Total (mg/L)": "199.99", "Fluoruros (mg/L)": "0", "Nitratos (mg/L)": "1.1", "Nitritos (mg/L)": "0.002", "Ph": "7.26", "SDT (mg/L)": "136.21", "Sulfatos (mg/L)": "102", "Cloro Total (mg/L)": "0", "Conductividad (muS/cm)": "689", "Temperatura (°C)": "17.1", "ID": "Omitlán de Juárez_Omitlán de Juárez_Manantial Atarjea" }, "geometry": { "type": "Point", "coordinates": [ -98.648869815761827, 20.16713698971131 ] } },
{ "type": "Feature", "properties": { "CVEGEO_LOC": "130450001", "AÑO": 2012.0, "NOM_MUN": "Omitlán de Juárez", "NOM_LOC": "Omitlán de Juárez", "Fuente de abastecimiento": "Manantial El Limonsito", "Coliformes Totales (Ausencia o Presencia/100mL)": "Presencia", "E. Coli (Ausencia o Presencia/100mL)": "Presencia", "Arsenico (mg/L)": "0", "Bario (mg/L)": null, "Cadmio (mg/L)": null, "Cobre (mg/L)": "0.676", "Hierro (mg/L)": "0.07", "Manganeso (mg/L)": "0.6", "Plomo (mg/L)": "0", "Zinc (mg/L)": "0.029", "Cianuros (mg/L)": "0.004", "Cloro Residual (mg/L)": "0", "Cloruros (mg/L)": "65.25", "Dureza Total (mg/L)": "193.3314", "Fluoruros (mg/L)": "0.9", "Nitratos (mg/L)": "0.9", "Nitritos (mg/L)": "0.0043", "Ph": "7.86", "SDT (mg/L)": "216", "Sulfatos (mg/L)": "35", "Cloro Total (mg/L)": "0.01", "Conductividad (muS/cm)": "112.2", "Temperatura (°C)": "16.8", "ID": "Omitlán de Juárez_Omitlán de Juárez_Manantial El Limonsito" }, "geometry": { "type": "Point", "coordinates": [ -98.652343337800659, 20.166714516033245 ] } },
{ "type": "Feature", "properties": { "CVEGEO_LOC": "130450001", "AÑO": 2015.0, "NOM_MUN": "Omitlán de Juárez", "NOM_LOC": "Omitlán de Juárez", "Fuente de abastecimiento": "Manantial Peña Larga", "Coliformes Totales (Ausencia o Presencia/100mL)": "Presencia", "E. Coli (Ausencia o Presencia/100mL)": "Ausencia", "Arsenico (mg/L)": "0", "Bario (mg/L)": "0", "Cadmio (mg/L)": null, "Cobre (mg/L)": "0.231", "Hierro (mg/L)": "0", "Manganeso (mg/L)": "0", "Plomo (mg/L)": "0", "Zinc (mg/L)": "0.04", "Cianuros (mg/L)": "0.001", "Cloro Residual (mg/L)": "0.2", "Cloruros (mg/L)": "3.7", "Dureza Total (mg/L)": "62.1", "Fluoruros (mg/L)": "0.12", "Nitratos (mg/L)": "0.9", "Nitritos (mg/L)": "0.03", "Ph": "7.71", "SDT (mg/L)": "58.9", "Sulfatos (mg/L)": "0", "Cloro Total (mg/L)": "0", "Conductividad (muS/cm)": "53.2", "Temperatura (°C)": "18.2", "ID": "Omitlán de Juárez_Omitlán de Juárez_Manantial Peña Larga" }, "geometry": { "type": "Point", "coordinates": [ -98.649740624684981, 20.169720764091331 ] } },
{ "type": "Feature", "properties": { "CVEGEO_LOC": "130450001", "AÑO": 2015.0, "NOM_MUN": "Omitlán de Juárez", "NOM_LOC": "Omitlán de Juárez", "Fuente de abastecimiento": "Manantial SumaTe", "Coliformes Totales (Ausencia o Presencia/100mL)": "Presencia", "E. Coli (Ausencia o Presencia/100mL)": "Ausencia", "Arsenico (mg/L)": "0", "Bario (mg/L)": "0", "Cadmio (mg/L)": null, "Cobre (mg/L)": "0.17", "Hierro (mg/L)": "0", "Manganeso (mg/L)": "0", "Plomo (mg/L)": "0", "Zinc (mg/L)": "0.03", "Cianuros (mg/L)": "0", "Cloro Residual (mg/L)": "0", "Cloruros (mg/L)": "3.48", "Dureza Total (mg/L)": "73.25", "Fluoruros (mg/L)": "0.2", "Nitratos (mg/L)": "0.4", "Nitritos (mg/L)": "0", "Ph": "7.21", "SDT (mg/L)": "41.3", "Sulfatos (mg/L)": "0", "Cloro Total (mg/L)": "0", "Conductividad (muS/cm)": "83.9", "Temperatura (°C)": "22", "ID": "Omitlán de Juárez_Omitlán de Juárez_Manantial SumaTe" }, "geometry": { "type": "Point", "coordinates": [ -98.646936817801247, 20.17297864997186 ] } },
{ "type": "Feature", "properties": { "CVEGEO_LOC": "130450016", "AÑO": 2014.0, "NOM_MUN": "Omitlán de Juárez", "NOM_LOC": "Morelos", "Fuente de abastecimiento": "Cárcamo Morelos", "Coliformes Totales (Ausencia o Presencia/100mL)": "Presencia", "E. Coli (Ausencia o Presencia/100mL)": "Ausencia", "Arsenico (mg/L)": "0", "Bario (mg/L)": "0", "Cadmio (mg/L)": null, "Cobre (mg/L)": "0.03", "Hierro (mg/L)": "0.01", "Manganeso (mg/L)": "0", "Plomo (mg/L)": "0", "Zinc (mg/L)": "0.02", "Cianuros (mg/L)": "0.004", "Cloro Residual (mg/L)": "0", "Cloruros (mg/L)": "2", "Dureza Total (mg/L)": "55.55", "Fluoruros (mg/L)": "0.29", "Nitratos (mg/L)": "0.6", "Nitritos (mg/L)": "0.004", "Ph": "7.34", "SDT (mg/L)": "70.5", "Sulfatos (mg/L)": "4", "Cloro Total (mg/L)": "0", "Conductividad (muS/cm)": "66.6", "Temperatura (°C)": "19.9", "ID": "Omitlán de Juárez_Morelos_Cárcamo Morelos" }, "geometry": { "type": "Point", "coordinates": [ -98.647972114746864, 20.207308911428623 ] } },
{ "type": "Feature", "properties": { "CVEGEO_LOC": "130450016", "AÑO": 2023.0, "NOM_MUN": "Omitlán de Juárez", "NOM_LOC": "Morelos", "Fuente de abastecimiento": "Manantial Laurel 1", "Coliformes Totales (Ausencia o Presencia/100mL)": "Presencia", "E. Coli (Ausencia o Presencia/100mL)": "Presencia", "Arsenico (mg/L)": "0", "Bario (mg/L)": "0", "Cadmio (mg/L)": "0", "Cobre (mg/L)": "0.68", "Hierro (mg/L)": "0.51", "Manganeso (mg/L)": "0", "Plomo (mg/L)": "0", "Zinc (mg/L)": "0.04", "Cianuros (mg/L)": "0.003", "Cloro Residual (mg/L)": "0", "Cloruros (mg/L)": "3.7", "Dureza Total (mg/L)": "73.33", "Fluoruros (mg/L)": "0", "Nitratos (mg/L)": "1.3", "Nitritos (mg/L)": "0.004", "Ph": "6.74", "SDT (mg/L)": "74.3", "Sulfatos (mg/L)": "3", "Cloro Total (mg/L)": "0", "Conductividad (muS/cm)": "155.8", "Temperatura (°C)": "14.8", "ID": "Omitlán de Juárez_Morelos_Manantial Laurel 1" }, "geometry": { "type": "Point", "coordinates": [ -98.64989266190733, 20.207460663331368 ] } },
{ "type": "Feature", "properties": { "CVEGEO_LOC": "130450016", "AÑO": 2023.0, "NOM_MUN": "Omitlán de Juárez", "NOM_LOC": "Morelos", "Fuente de abastecimiento": "Manantial Laurel 2", "Coliformes Totales (Ausencia o Presencia/100mL)": "Presencia", "E. Coli (Ausencia o Presencia/100mL)": "Presencia", "Arsenico (mg/L)": "0", "Bario (mg/L)": "0", "Cadmio (mg/L)": "0", "Cobre (mg/L)": "0.766", "Hierro (mg/L)": "0.07", "Manganeso (mg/L)": "0", "Plomo (mg/L)": "0", "Zinc (mg/L)": "0.02", "Cianuros (mg/L)": "0.001", "Cloro Residual (mg/L)": "0.05", "Cloruros (mg/L)": "8.6", "Dureza Total (mg/L)": "99.99", "Fluoruros (mg/L)": "0.3", "Nitratos (mg/L)": "0.8", "Nitritos (mg/L)": "0.011", "Ph": "6.7", "SDT (mg/L)": "92.8", "Sulfatos (mg/L)": "0", "Cloro Total (mg/L)": "0.01", "Conductividad (muS/cm)": "194.1", "Temperatura (°C)": "13.6", "ID": "Omitlán de Juárez_Morelos_Manantial Laurel 2" }, "geometry": { "type": "Point", "coordinates": [ -98.650081249439197, 20.208763855189474 ] } },
{ "type": "Feature", "properties": { "CVEGEO_LOC": "130450022", "AÑO": 2023.0, "NOM_MUN": "Omitlán de Juárez", "NOM_LOC": "San Antonio el Paso", "Fuente de abastecimiento": "Manantial Jacales 1", "Coliformes Totales (Ausencia o Presencia/100mL)": "Presencia", "E. Coli (Ausencia o Presencia/100mL)": "Presencia", "Arsenico (mg/L)": "0", "Bario (mg/L)": "0", "Cadmio (mg/L)": "0", "Cobre (mg/L)": "0.688", "Hierro (mg/L)": "0", "Manganeso (mg/L)": "0", "Plomo (mg/L)": "0", "Zinc (mg/L)": "0.03", "Cianuros (mg/L)": "0", "Cloro Residual (mg/L)": "0", "Cloruros (mg/L)": "2.9", "Dureza Total (mg/L)": "79.99", "Fluoruros (mg/L)": "0.27", "Nitratos (mg/L)": "0.2", "Nitritos (mg/L)": "0.009", "Ph": "6.95", "SDT (mg/L)": "18.8", "Sulfatos (mg/L)": "1", "Cloro Total (mg/L)": "0", "Conductividad (muS/cm)": "40.5", "Temperatura (°C)": "15.8", "ID": "Omitlán de Juárez_San Antonio el Paso_Manantial Jacales 1" }, "geometry": { "type": "Point", "coordinates": [ -98.620085300515996, 20.142227536284125 ] } },
{ "type": "Feature", "properties": { "CVEGEO_LOC": "130450022", "AÑO": 2023.0, "NOM_MUN": "Omitlán de Juárez", "NOM_LOC": "San Antonio el Paso", "Fuente de abastecimiento": "Manantial Jacales 2", "Coliformes Totales (Ausencia o Presencia/100mL)": "Presencia", "E. Coli (Ausencia o Presencia/100mL)": "Presencia", "Arsenico (mg/L)": "0", "Bario (mg/L)": "0", "Cadmio (mg/L)": "0", "Cobre (mg/L)": "0.69", "Hierro (mg/L)": "0.01", "Manganeso (mg/L)": "0.1", "Plomo (mg/L)": "0", "Zinc (mg/L)": "0.03", "Cianuros (mg/L)": "0", "Cloro Residual (mg/L)": "0", "Cloruros (mg/L)": "2.4", "Dureza Total (mg/L)": "68.88", "Fluoruros (mg/L)": "0", "Nitratos (mg/L)": "0.3", "Nitritos (mg/L)": "0.006", "Ph": "7.03", "SDT (mg/L)": "18.8", "Sulfatos (mg/L)": "0", "Cloro Total (mg/L)": "0", "Conductividad (muS/cm)": "40.3", "Temperatura (°C)": "15.7", "ID": "Omitlán de Juárez_San Antonio el Paso_Manantial Jacales 2" }, "geometry": { "type": "Point", "coordinates": [ -98.615601203836306, 20.146987262970178 ] } },
{ "type": "Feature", "properties": { "CVEGEO_LOC": "130450028", "AÑO": 2012.0, "NOM_MUN": "Omitlán de Juárez", "NOM_LOC": "Velasco", "Fuente de abastecimiento": "Manantial Vicente Guerrero", "Coliformes Totales (Ausencia o Presencia/100mL)": "Presencia", "E. Coli (Ausencia o Presencia/100mL)": "Ausencia", "Arsenico (mg/L)": "0", "Bario (mg/L)": null, "Cadmio (mg/L)": null, "Cobre (mg/L)": "0.381", "Hierro (mg/L)": "0.005", "Manganeso (mg/L)": "0.7", "Plomo (mg/L)": "0", "Zinc (mg/L)": "0.055", "Cianuros (mg/L)": "0.0047", "Cloro Residual (mg/L)": "0", "Cloruros (mg/L)": "53.75", "Dureza Total (mg/L)": "117.7766", "Fluoruros (mg/L)": "0", "Nitratos (mg/L)": "0.6", "Nitritos (mg/L)": "0.0012", "Ph": "7.87", "SDT (mg/L)": "57.3", "Sulfatos (mg/L)": "0", "Cloro Total (mg/L)": "0", "Conductividad (muS/cm)": "431", "Temperatura (°C)": "19.1", "ID": "Omitlán de Juárez_Velasco_Manantial Vicente Guerrero" }, "geometry": { "type": "Point", "coordinates": [ -98.64096300948259, 20.183632630499179 ] } },
{ "type": "Feature", "properties": { "CVEGEO_LOC": "130450029", "AÑO": 2014.0, "NOM_MUN": "Omitlán de Juárez", "NOM_LOC": "Venta de Guadalupe", "Fuente de abastecimiento": "Cárcamo El Baño", "Coliformes Totales (Ausencia o Presencia/100mL)": "Presencia", "E. Coli (Ausencia o Presencia/100mL)": "Presencia", "Arsenico (mg/L)": "0", "Bario (mg/L)": "0", "Cadmio (mg/L)": null, "Cobre (mg/L)": "0", "Hierro (mg/L)": "0.02", "Manganeso (mg/L)": "0", "Plomo (mg/L)": "0", "Zinc (mg/L)": "0.11", "Cianuros (mg/L)": "0.005", "Cloro Residual (mg/L)": "0", "Cloruros (mg/L)": "4", "Dureza Total (mg/L)": "104.44", "Fluoruros (mg/L)": "0.11", "Nitratos (mg/L)": "1", "Nitritos (mg/L)": "0.004", "Ph": "6.7", "SDT (mg/L)": "83.2", "Sulfatos (mg/L)": "24", "Cloro Total (mg/L)": "0", "Conductividad (muS/cm)": "81.1", "Temperatura (°C)": "17.7", "ID": "Omitlán de Juárez_Venta de Guadalupe_Cárcamo El Baño" }, "geometry": { "type": "Point", "coordinates": [ -98.635872645936615, 20.22072871239558 ] } },
{ "type": "Feature", "properties": { "CVEGEO_LOC": "130450043", "AÑO": 2012.0, "NOM_MUN": "Omitlán de Juárez", "NOM_LOC": "Los Tapancos", "Fuente de abastecimiento": "Manantial", "Coliformes Totales (Ausencia o Presencia/100mL)": "Presencia", "E. Coli (Ausencia o Presencia/100mL)": "Presencia", "Arsenico (mg/L)": "0", "Bario (mg/L)": "0", "Cadmio (mg/L)": "ND", "Cobre (mg/L)": "0", "Hierro (mg/L)": "0", "Manganeso (mg/L)": "0", "Plomo (mg/L)": "0", "Zinc (mg/L)": "18", "Cianuros (mg/L)": "0", "Cloro Residual (mg/L)": "0", "Cloruros (mg/L)": "55.25", "Dureza Total (mg/L)": "1044434", "Fluoruros (mg/L)": "0.1", "Nitratos (mg/L)": "0", "Nitritos (mg/L)": "0", "Ph": "45783", "SDT (mg/L)": "95.1", "Sulfatos (mg/L)": "30", "Cloro Total (mg/L)": "0", "Conductividad (muS/cm)": "198.7", "Temperatura (°C)": "45918", "ID": "Omitlán de Juárez_Los Tapancos_Manantial" }, "geometry": { "type": "Point", "coordinates": [ -98.642664552866137, 20.239396433024027 ] } },
{ "type": "Feature", "properties": { "CVEGEO_LOC": "130460001", "AÑO": 2012.0, "NOM_MUN": "San Felipe Orizatlán", "NOM_LOC": "San Felipe Orizatlán", "Fuente de abastecimiento": "Noria González", "Coliformes Totales (Ausencia o Presencia/100mL)": "Presencia", "E. Coli (Ausencia o Presencia/100mL)": "Presencia", "Arsenico (mg/L)": "0", "Bario (mg/L)": null, "Cadmio (mg/L)": null, "Cobre (mg/L)": "0.425", "Hierro (mg/L)": "0.021", "Manganeso (mg/L)": null, "Plomo (mg/L)": "0", "Zinc (mg/L)": "0.055", "Cianuros (mg/L)": "0.005", "Cloro Residual (mg/L)": "0.07", "Cloruros (mg/L)": "45.5", "Dureza Total (mg/L)": "162.2206", "Fluoruros (mg/L)": "0.12", "Nitratos (mg/L)": "2.4", "Nitritos (mg/L)": "0.0074", "Ph": "8.3", "SDT (mg/L)": "124.3", "Sulfatos (mg/L)": "7.5", "Cloro Total (mg/L)": "0.06", "Conductividad (muS/cm)": "257", "Temperatura (°C)": "27.4", "ID": "San Felipe Orizatlán_San Felipe Orizatlán_Noria González" }, "geometry": { "type": "Point", "coordinates": [ -98.603145815880282, 21.1670851194649 ] } },
{ "type": "Feature", "properties": { "CVEGEO_LOC": "130460001", "AÑO": 2016.0, "NOM_MUN": "San Felipe Orizatlán", "NOM_LOC": "San Felipe Orizatlan", "Fuente de abastecimiento": "Tanque de Almacenamiento", "Coliformes Totales (Ausencia o Presencia/100mL)": "Presencia", "E. Coli (Ausencia o Presencia/100mL)": "Presencia", "Arsenico (mg/L)": "0", "Bario (mg/L)": "0", "Cadmio (mg/L)": "ND", "Cobre (mg/L)": "0.05", "Hierro (mg/L)": "0.01", "Manganeso (mg/L)": "0", "Plomo (mg/L)": "0", "Zinc (mg/L)": "0.03", "Cianuros (mg/L)": "1", "Cloro Residual (mg/L)": "0", "Cloruros (mg/L)": "45695", "Dureza Total (mg/L)": "224.24", "Fluoruros (mg/L)": "0", "Nitratos (mg/L)": "0.7", "Nitritos (mg/L)": "0.01", "Ph": "45815", "SDT (mg/L)": "153.33", "Sulfatos (mg/L)": "45781", "Cloro Total (mg/L)": "0", "Conductividad (muS/cm)": "45835", "Temperatura (°C)": "45896", "ID": "San Felipe Orizatlán_San Felipe Orizatlan_Tanque de Almacenamiento" }, "geometry": { "type": "Point", "coordinates": [ -98.610499901833833, 21.165607134655612 ] } },
{ "type": "Feature", "properties": { "CVEGEO_LOC": "130460001", "AÑO": 2015.0, "NOM_MUN": "San Felipe Orizatlán", "NOM_LOC": "San Felipe Orizatlán", "Fuente de abastecimiento": "Tanque de Almacenamiento", "Coliformes Totales (Ausencia o Presencia/100mL)": "Presencia", "E. Coli (Ausencia o Presencia/100mL)": "Presencia", "Arsenico (mg/L)": "0", "Bario (mg/L)": "0", "Cadmio (mg/L)": null, "Cobre (mg/L)": "0.2", "Hierro (mg/L)": "0.02", "Manganeso (mg/L)": "0", "Plomo (mg/L)": "0", "Zinc (mg/L)": "0.05", "Cianuros (mg/L)": "0.003", "Cloro Residual (mg/L)": "0.1", "Cloruros (mg/L)": "27.5", "Dureza Total (mg/L)": "170.11", "Fluoruros (mg/L)": "0.1", "Nitratos (mg/L)": "1.9", "Nitritos (mg/L)": "0.007", "Ph": "7.86", "SDT (mg/L)": "128", "Sulfatos (mg/L)": "10.1", "Cloro Total (mg/L)": "0.1", "Conductividad (muS/cm)": "271", "Temperatura (°C)": "23.6", "ID": "San Felipe Orizatlán_San Felipe Orizatlán_Tanque de Almacenamiento" }, "geometry": { "type": "Point", "coordinates": [ -98.61425170324685, 21.16770166679127 ] } },
{ "type": "Feature", "properties": { "CVEGEO_LOC": "130460001", "AÑO": 2013.0, "NOM_MUN": "San Felipe Orizatlán", "NOM_LOC": "San Felipe Orizatlán", "Fuente de abastecimiento": "Tanque de Muestreo", "Coliformes Totales (Ausencia o Presencia/100mL)": "Presencia", "E. Coli (Ausencia o Presencia/100mL)": "Presencia", "Arsenico (mg/L)": "0", "Bario (mg/L)": "0", "Cadmio (mg/L)": null, "Cobre (mg/L)": "0.2", "Hierro (mg/L)": "0.02", "Manganeso (mg/L)": "0", "Plomo (mg/L)": "0", "Zinc (mg/L)": "0.05", "Cianuros (mg/L)": "0.003", "Cloro Residual (mg/L)": "0.1", "Cloruros (mg/L)": "27.5", "Dureza Total (mg/L)": "170.11", "Fluoruros (mg/L)": "0.1", "Nitratos (mg/L)": "1.9", "Nitritos (mg/L)": "0.007", "Ph": "7.86", "SDT (mg/L)": "128", "Sulfatos (mg/L)": "10.1", "Cloro Total (mg/L)": "0.1", "Conductividad (muS/cm)": "271", "Temperatura (°C)": "23.6", "ID": "San Felipe Orizatlán_San Felipe Orizatlán_Tanque de Muestreo" }, "geometry": { "type": "Point", "coordinates": [ -98.607416265386405, 21.172169237720265 ] } },
{ "type": "Feature", "properties": { "CVEGEO_LOC": "130460027", "AÑO": 2013.0, "NOM_MUN": "San Felipe Orizatlán", "NOM_LOC": "Huitzitzilingo", "Fuente de abastecimiento": "Planta Potabilizadora", "Coliformes Totales (Ausencia o Presencia/100mL)": "Ausencia", "E. Coli (Ausencia o Presencia/100mL)": "Ausencia", "Arsenico (mg/L)": "0", "Bario (mg/L)": "0", "Cadmio (mg/L)": null, "Cobre (mg/L)": "0.12", "Hierro (mg/L)": "0.02", "Manganeso (mg/L)": "0", "Plomo (mg/L)": "0", "Zinc (mg/L)": "0.04", "Cianuros (mg/L)": "0", "Cloro Residual (mg/L)": "0", "Cloruros (mg/L)": "28.5", "Dureza Total (mg/L)": "268.88", "Fluoruros (mg/L)": "0.5", "Nitratos (mg/L)": "0", "Nitritos (mg/L)": "0.03", "Ph": "6.9", "SDT (mg/L)": "361", "Sulfatos (mg/L)": "80", "Cloro Total (mg/L)": "0.009", "Conductividad (muS/cm)": "381", "Temperatura (°C)": "26.7", "ID": "San Felipe Orizatlán_Huitzitzilingo_Planta Potabilizadora" }, "geometry": { "type": "Point", "coordinates": [ -98.657036751699309, 21.169717677956569 ] } },
{ "type": "Feature", "properties": { "CVEGEO_LOC": "130460055", "AÑO": 2015.0, "NOM_MUN": "San Felipe Orizatlán", "NOM_LOC": "Talol", "Fuente de abastecimiento": "Toma Domiciliaria", "Coliformes Totales (Ausencia o Presencia/100mL)": "Presencia", "E. Coli (Ausencia o Presencia/100mL)": "Ausencia", "Arsenico (mg/L)": "0", "Bario (mg/L)": "0", "Cadmio (mg/L)": null, "Cobre (mg/L)": "0.02", "Hierro (mg/L)": "0", "Manganeso (mg/L)": "0", "Plomo (mg/L)": "0", "Zinc (mg/L)": "0.09", "Cianuros (mg/L)": "0.001", "Cloro Residual (mg/L)": "0.07", "Cloruros (mg/L)": "6.8", "Dureza Total (mg/L)": "177.74", "Fluoruros (mg/L)": "0.32", "Nitratos (mg/L)": "0.9", "Nitritos (mg/L)": "0.003", "Ph": "8.18", "SDT (mg/L)": "301", "Sulfatos (mg/L)": "16", "Cloro Total (mg/L)": "0.07", "Conductividad (muS/cm)": "487", "Temperatura (°C)": "26.6", "ID": "San Felipe Orizatlán_Talol_Toma Domiciliaria" }, "geometry": { "type": "Point", "coordinates": [ -98.628008559585766, 21.111934611771602 ] } },
{ "type": "Feature", "properties": { "CVEGEO_LOC": "130460062", "AÑO": 2022.0, "NOM_MUN": "San Felipe Orizatlán", "NOM_LOC": "Texcatla", "Fuente de abastecimiento": "Pozo Texcatla", "Coliformes Totales (Ausencia o Presencia/100mL)": "Presencia", "E. Coli (Ausencia o Presencia/100mL)": "Presencia", "Arsenico (mg/L)": "0", "Bario (mg/L)": "0", "Cadmio (mg/L)": "0", "Cobre (mg/L)": "0.75", "Hierro (mg/L)": "4.2", "Manganeso (mg/L)": "0", "Plomo (mg/L)": "0", "Zinc (mg/L)": "0.42", "Cianuros (mg/L)": "0.01", "Cloro Residual (mg/L)": "0", "Cloruros (mg/L)": "257.9", "Dureza Total (mg/L)": "306.66", "Fluoruros (mg/L)": "0.46", "Nitratos (mg/L)": "1", "Nitritos (mg/L)": "0.008", "Ph": "6.19", "SDT (mg/L)": "796", "Sulfatos (mg/L)": "2", "Cloro Total (mg/L)": "0.15", "Conductividad (muS/cm)": "1142", "Temperatura (°C)": "24.9", "ID": "San Felipe Orizatlán_Texcatla_Pozo Texcatla" }, "geometry": { "type": "Point", "coordinates": [ -98.682932792123637, 21.194696184185879 ] } },
{ "type": "Feature", "properties": { "CVEGEO_LOC": "130460062", "AÑO": 2022.0, "NOM_MUN": "San Felipe Orizatlán", "NOM_LOC": "Texcatla", "Fuente de abastecimiento": "Tanque Texcatla", "Coliformes Totales (Ausencia o Presencia/100mL)": "Presencia", "E. Coli (Ausencia o Presencia/100mL)": "Presencia", "Arsenico (mg/L)": "0", "Bario (mg/L)": "0", "Cadmio (mg/L)": "0", "Cobre (mg/L)": "0.96", "Hierro (mg/L)": "5.68", "Manganeso (mg/L)": "0.1", "Plomo (mg/L)": "0", "Zinc (mg/L)": "0.27", "Cianuros (mg/L)": "0.013", "Cloro Residual (mg/L)": "0.15", "Cloruros (mg/L)": "216.1", "Dureza Total (mg/L)": "251.1", "Fluoruros (mg/L)": "0.52", "Nitratos (mg/L)": "0.8", "Nitritos (mg/L)": "0.004", "Ph": "6.2", "SDT (mg/L)": "836", "Sulfatos (mg/L)": "0", "Cloro Total (mg/L)": "0.2", "Conductividad (muS/cm)": "1073", "Temperatura (°C)": "20.09", "ID": "San Felipe Orizatlán_Texcatla_Tanque Texcatla" }, "geometry": { "type": "Point", "coordinates": [ -98.684412944363075, 21.195062335385643 ] } },
{ "type": "Feature", "properties": { "CVEGEO_LOC": "130460064", "AÑO": 2012.0, "NOM_MUN": "San Felipe Orizatlán", "NOM_LOC": "Totonicapa", "Fuente de abastecimiento": "Pozo Solitrea", "Coliformes Totales (Ausencia o Presencia/100mL)": "Presencia", "E. Coli (Ausencia o Presencia/100mL)": "Ausencia", "Arsenico (mg/L)": "0", "Bario (mg/L)": null, "Cadmio (mg/L)": null, "Cobre (mg/L)": "0.453", "Hierro (mg/L)": "0.127", "Manganeso (mg/L)": null, "Plomo (mg/L)": "0", "Zinc (mg/L)": "0.043", "Cianuros (mg/L)": "0.003", "Cloro Residual (mg/L)": "0.08", "Cloruros (mg/L)": "43.5", "Dureza Total (mg/L)": "204.4424", "Fluoruros (mg/L)": "0.1", "Nitratos (mg/L)": "0.8", "Nitritos (mg/L)": "0.0037", "Ph": "7.64", "SDT (mg/L)": "188.3", "Sulfatos (mg/L)": "10", "Cloro Total (mg/L)": "0.15", "Conductividad (muS/cm)": "385", "Temperatura (°C)": "27.9", "ID": "San Felipe Orizatlán_Totonicapa_Pozo Solitrea" }, "geometry": { "type": "Point", "coordinates": [ -98.595539327222497, 21.155394366061437 ] } },
{ "type": "Feature", "properties": { "CVEGEO_LOC": "130460077", "AÑO": 2013.0, "NOM_MUN": "San Felipe Orizatlán", "NOM_LOC": "Ejido 3 de Marzo", "Fuente de abastecimiento": "Tanque \"3 de Marzo\"", "Coliformes Totales (Ausencia o Presencia/100mL)": "Presencia", "E. Coli (Ausencia o Presencia/100mL)": "Presencia", "Arsenico (mg/L)": "0", "Bario (mg/L)": "0", "Cadmio (mg/L)": null, "Cobre (mg/L)": "0.1", "Hierro (mg/L)": "0.03", "Manganeso (mg/L)": "0", "Plomo (mg/L)": "0", "Zinc (mg/L)": "0.03", "Cianuros (mg/L)": "0.004", "Cloro Residual (mg/L)": "0.1", "Cloruros (mg/L)": "30.6", "Dureza Total (mg/L)": "180.1", "Fluoruros (mg/L)": "0.2", "Nitratos (mg/L)": "2", "Nitritos (mg/L)": "0.006", "Ph": "7.94", "SDT (mg/L)": "130", "Sulfatos (mg/L)": "14.4", "Cloro Total (mg/L)": "0.1", "Conductividad (muS/cm)": "275", "Temperatura (°C)": "24.6", "ID": "San Felipe Orizatlán_Ejido 3 de Marzo_Tanque \"3 de Marzo\"" }, "geometry": { "type": "Point", "coordinates": [ -98.622499045856571, 21.159539028635002 ] } },
{ "type": "Feature", "properties": { "CVEGEO_LOC": "130460077", "AÑO": 2016.0, "NOM_MUN": "San Felipe Orizatlán", "NOM_LOC": "Ejido 3 de Marzo", "Fuente de abastecimiento": "Tanque 3 de Marzo", "Coliformes Totales (Ausencia o Presencia/100mL)": "Presencia", "E. Coli (Ausencia o Presencia/100mL)": "Presencia", "Arsenico (mg/L)": "0", "Bario (mg/L)": "0", "Cadmio (mg/L)": "ND", "Cobre (mg/L)": "0.2", "Hierro (mg/L)": "0.01", "Manganeso (mg/L)": "0", "Plomo (mg/L)": "0", "Zinc (mg/L)": "0", "Cianuros (mg/L)": "1", "Cloro Residual (mg/L)": "0", "Cloruros (mg/L)": "32.4", "Dureza Total (mg/L)": "189.99", "Fluoruros (mg/L)": "0.2", "Nitratos (mg/L)": "45659", "Nitritos (mg/L)": "8", "Ph": "7.72", "SDT (mg/L)": "139", "Sulfatos (mg/L)": "45853", "Cloro Total (mg/L)": "0", "Conductividad (muS/cm)": "278", "Temperatura (°C)": "45806", "ID": "San Felipe Orizatlán_Ejido 3 de Marzo_Tanque 3 de Marzo" }, "geometry": { "type": "Point", "coordinates": [ -98.621277306994784, 21.160474069616196 ] } },
{ "type": "Feature", "properties": { "CVEGEO_LOC": "130460133", "AÑO": 2014.0, "NOM_MUN": "San Felipe Orizatlán", "NOM_LOC": "El Manantial", "Fuente de abastecimiento": "Tanque El Manantial", "Coliformes Totales (Ausencia o Presencia/100mL)": "Presencia", "E. Coli (Ausencia o Presencia/100mL)": "Ausencia", "Arsenico (mg/L)": "0", "Bario (mg/L)": "0", "Cadmio (mg/L)": null, "Cobre (mg/L)": "0.11", "Hierro (mg/L)": "0.06", "Manganeso (mg/L)": "0", "Plomo (mg/L)": "0", "Zinc (mg/L)": "0.06", "Cianuros (mg/L)": "0.004", "Cloro Residual (mg/L)": "0.04", "Cloruros (mg/L)": "2.7", "Dureza Total (mg/L)": "122.22", "Fluoruros (mg/L)": "0.26", "Nitratos (mg/L)": "1.2", "Nitritos (mg/L)": "0.005", "Ph": "7.39", "SDT (mg/L)": "138.7", "Sulfatos (mg/L)": "0.8", "Cloro Total (mg/L)": "0", "Conductividad (muS/cm)": "265", "Temperatura (°C)": "31.4", "ID": "San Felipe Orizatlán_El Manantial_Tanque El Manantial" }, "geometry": { "type": "Point", "coordinates": [ -98.604318010352046, 21.189191923294441 ] } },
{ "type": "Feature", "properties": { "CVEGEO_LOC": "130470001", "AÑO": 2013.0, "NOM_MUN": "Pacula", "NOM_LOC": "Pacula", "Fuente de abastecimiento": "Cárcamo", "Coliformes Totales (Ausencia o Presencia/100mL)": "Presencia", "E. Coli (Ausencia o Presencia/100mL)": "Presencia", "Arsenico (mg/L)": "0.001", "Bario (mg/L)": "0", "Cadmio (mg/L)": null, "Cobre (mg/L)": "0.003", "Hierro (mg/L)": "0", "Manganeso (mg/L)": "0", "Plomo (mg/L)": "0", "Zinc (mg/L)": "0.33", "Cianuros (mg/L)": "0.001", "Cloro Residual (mg/L)": "0", "Cloruros (mg/L)": "51.21", "Dureza Total (mg/L)": "96.66", "Fluoruros (mg/L)": "0", "Nitratos (mg/L)": "1", "Nitritos (mg/L)": "0.01", "Ph": "7.4", "SDT (mg/L)": "184", "Sulfatos (mg/L)": "59.9", "Cloro Total (mg/L)": "0", "Conductividad (muS/cm)": "420", "Temperatura (°C)": "19.2", "ID": "Pacula_Pacula_Cárcamo" }, "geometry": { "type": "Point", "coordinates": [ -99.2942749934098, 21.052089924278107 ] } },
{ "type": "Feature", "properties": { "CVEGEO_LOC": "130470001", "AÑO": 2015.0, "NOM_MUN": "Pacula", "NOM_LOC": "Pacula", "Fuente de abastecimiento": "Cárcamo", "Coliformes Totales (Ausencia o Presencia/100mL)": "Presencia", "E. Coli (Ausencia o Presencia/100mL)": "Presencia", "Arsenico (mg/L)": "0.001", "Bario (mg/L)": "0", "Cadmio (mg/L)": null, "Cobre (mg/L)": "0.003", "Hierro (mg/L)": "0", "Manganeso (mg/L)": "0", "Plomo (mg/L)": "0", "Zinc (mg/L)": "0.33", "Cianuros (mg/L)": "0.001", "Cloro Residual (mg/L)": "0", "Cloruros (mg/L)": "51.21", "Dureza Total (mg/L)": "96.66", "Fluoruros (mg/L)": "0", "Nitratos (mg/L)": "1", "Nitritos (mg/L)": "0.01", "Ph": "7.4", "SDT (mg/L)": "184", "Sulfatos (mg/L)": "59.9", "Cloro Total (mg/L)": "0", "Conductividad (muS/cm)": "420", "Temperatura (°C)": "19.2", "ID": "Pacula_Pacula_Cárcamo" }, "geometry": { "type": "Point", "coordinates": [ -99.2942749934098, 21.052089924278107 ] } },
{ "type": "Feature", "properties": { "CVEGEO_LOC": "130470001", "AÑO": 2016.0, "NOM_MUN": "Pacula", "NOM_LOC": "Pacula", "Fuente de abastecimiento": "Cárcamo Santo Niño", "Coliformes Totales (Ausencia o Presencia/100mL)": "Presencia", "E. Coli (Ausencia o Presencia/100mL)": "Presencia", "Arsenico (mg/L)": "0.01", "Bario (mg/L)": "0", "Cadmio (mg/L)": "ND", "Cobre (mg/L)": "0.3", "Hierro (mg/L)": "0", "Manganeso (mg/L)": "0", "Plomo (mg/L)": "0", "Zinc (mg/L)": "0.4", "Cianuros (mg/L)": "3", "Cloro Residual (mg/L)": "0.1", "Cloruros (mg/L)": "60.2", "Dureza Total (mg/L)": "97.77", "Fluoruros (mg/L)": "0", "Nitratos (mg/L)": "1", "Nitritos (mg/L)": "0.01", "Ph": "45696", "SDT (mg/L)": "174", "Sulfatos (mg/L)": "69.1", "Cloro Total (mg/L)": "0.1", "Conductividad (muS/cm)": "458", "Temperatura (°C)": "45686", "ID": "Pacula_Pacula_Cárcamo Santo Niño" }, "geometry": { "type": "Point", "coordinates": [ -99.294105708891266, 21.046618039214962 ] } },
{ "type": "Feature", "properties": { "CVEGEO_LOC": "130470001", "AÑO": 2012.0, "NOM_MUN": "Pacula", "NOM_LOC": "Pacula", "Fuente de abastecimiento": "Manantial Sabino", "Coliformes Totales (Ausencia o Presencia/100mL)": "Presencia", "E. Coli (Ausencia o Presencia/100mL)": "Ausencia", "Arsenico (mg/L)": "0.005", "Bario (mg/L)": null, "Cadmio (mg/L)": null, "Cobre (mg/L)": "0.355", "Hierro (mg/L)": "0.051", "Manganeso (mg/L)": "0.05", "Plomo (mg/L)": "0", "Zinc (mg/L)": "0.563", "Cianuros (mg/L)": "0.004", "Cloro Residual (mg/L)": "0.05", "Cloruros (mg/L)": "81.25", "Dureza Total (mg/L)": "266.664", "Fluoruros (mg/L)": "0", "Nitratos (mg/L)": "0.7", "Nitritos (mg/L)": "0.0255", "Ph": "7.88", "SDT (mg/L)": "237", "Sulfatos (mg/L)": "27.5", "Cloro Total (mg/L)": "0", "Conductividad (muS/cm)": "474", "Temperatura (°C)": "22.1", "ID": "Pacula_Pacula_Manantial Sabino" }, "geometry": { "type": "Point", "coordinates": [ -99.296575470003518, 21.048659706466722 ] } },
{ "type": "Feature", "properties": { "CVEGEO_LOC": "130470001", "AÑO": 2014.0, "NOM_MUN": "Pacula", "NOM_LOC": "Pacula", "Fuente de abastecimiento": "Tanque de Distribución", "Coliformes Totales (Ausencia o Presencia/100mL)": "Presencia", "E. Coli (Ausencia o Presencia/100mL)": "Ausencia", "Arsenico (mg/L)": "0", "Bario (mg/L)": "0", "Cadmio (mg/L)": null, "Cobre (mg/L)": "0.3", "Hierro (mg/L)": "0.01", "Manganeso (mg/L)": "0.1", "Plomo (mg/L)": "0", "Zinc (mg/L)": "0.02", "Cianuros (mg/L)": "0.003", "Cloro Residual (mg/L)": "0.1", "Cloruros (mg/L)": "4.9", "Dureza Total (mg/L)": "275.55", "Fluoruros (mg/L)": "0.2", "Nitratos (mg/L)": "0.7", "Nitritos (mg/L)": "0.002", "Ph": "7.45", "SDT (mg/L)": "236", "Sulfatos (mg/L)": "3", "Cloro Total (mg/L)": "0", "Conductividad (muS/cm)": "229", "Temperatura (°C)": "23.7", "ID": "Pacula_Pacula_Tanque de Distribución" }, "geometry": { "type": "Point", "coordinates": [ -99.29630627251791, 21.05289228467732 ] } },
{ "type": "Feature", "properties": { "CVEGEO_LOC": "130470006", "AÑO": 2016.0, "NOM_MUN": "Pacula", "NOM_LOC": "Canoas", "Fuente de abastecimiento": "Cárcamo de Bombeo", "Coliformes Totales (Ausencia o Presencia/100mL)": "Presencia", "E. Coli (Ausencia o Presencia/100mL)": "Presencia", "Arsenico (mg/L)": "0.01", "Bario (mg/L)": "0", "Cadmio (mg/L)": "ND", "Cobre (mg/L)": "0.1", "Hierro (mg/L)": "0", "Manganeso (mg/L)": "0", "Plomo (mg/L)": "0", "Zinc (mg/L)": "0.2", "Cianuros (mg/L)": "2", "Cloro Residual (mg/L)": "0.1", "Cloruros (mg/L)": "50.9", "Dureza Total (mg/L)": "110.11", "Fluoruros (mg/L)": "0", "Nitratos (mg/L)": "0.5", "Nitritos (mg/L)": "0", "Ph": "6.98", "SDT (mg/L)": "198", "Sulfatos (mg/L)": "70.8", "Cloro Total (mg/L)": "0.1", "Conductividad (muS/cm)": "455", "Temperatura (°C)": "45860", "ID": "Pacula_Canoas_Cárcamo de Bombeo" }, "geometry": { "type": "Point", "coordinates": [ -99.317921153558743, 20.952533637673945 ] } },
{ "type": "Feature", "properties": { "CVEGEO_LOC": "130470008", "AÑO": 2015.0, "NOM_MUN": "Pacula", "NOM_LOC": "Jiliapan", "Fuente de abastecimiento": "Manantial", "Coliformes Totales (Ausencia o Presencia/100mL)": "Presencia", "E. Coli (Ausencia o Presencia/100mL)": "Ausencia", "Arsenico (mg/L)": "0.002", "Bario (mg/L)": "0", "Cadmio (mg/L)": null, "Cobre (mg/L)": "0.007", "Hierro (mg/L)": "0.01", "Manganeso (mg/L)": "0", "Plomo (mg/L)": "0", "Zinc (mg/L)": "0.42", "Cianuros (mg/L)": "0.004", "Cloro Residual (mg/L)": "0.1", "Cloruros (mg/L)": "70.21", "Dureza Total (mg/L)": "156.63", "Fluoruros (mg/L)": "0", "Nitratos (mg/L)": "1.8", "Nitritos (mg/L)": "0.02", "Ph": "7.6", "SDT (mg/L)": "244", "Sulfatos (mg/L)": "32.4", "Cloro Total (mg/L)": "0", "Conductividad (muS/cm)": "468", "Temperatura (°C)": "19.2", "ID": "Pacula_Jiliapan_Manantial" }, "geometry": { "type": "Point", "coordinates": [ -99.340866805120044, 20.973609483797176 ] } },
{ "type": "Feature", "properties": { "CVEGEO_LOC": "130470008", "AÑO": 2013.0, "NOM_MUN": "Pacula", "NOM_LOC": "Jiliapan", "Fuente de abastecimiento": "Manantial", "Coliformes Totales (Ausencia o Presencia/100mL)": "Presencia", "E. Coli (Ausencia o Presencia/100mL)": "Ausencia", "Arsenico (mg/L)": "0.002", "Bario (mg/L)": "0", "Cadmio (mg/L)": null, "Cobre (mg/L)": "0.007", "Hierro (mg/L)": "0.01", "Manganeso (mg/L)": "0", "Plomo (mg/L)": "0", "Zinc (mg/L)": "0.42", "Cianuros (mg/L)": "0.004", "Cloro Residual (mg/L)": "0.1", "Cloruros (mg/L)": "70.21", "Dureza Total (mg/L)": "156.63", "Fluoruros (mg/L)": "0", "Nitratos (mg/L)": "1.8", "Nitritos (mg/L)": "0.02", "Ph": "7.6", "SDT (mg/L)": "244", "Sulfatos (mg/L)": "32.4", "Cloro Total (mg/L)": "0", "Conductividad (muS/cm)": "468", "Temperatura (°C)": "19.2", "ID": "Pacula_Jiliapan_Manantial" }, "geometry": { "type": "Point", "coordinates": [ -99.340866805120044, 20.973609483797176 ] } },
{ "type": "Feature", "properties": { "CVEGEO_LOC": "130470013", "AÑO": 2014.0, "NOM_MUN": "Pacula", "NOM_LOC": "Milpas Viejas", "Fuente de abastecimiento": "Tanque Milpas Viejas", "Coliformes Totales (Ausencia o Presencia/100mL)": "Presencia", "E. Coli (Ausencia o Presencia/100mL)": "Ausencia", "Arsenico (mg/L)": "0", "Bario (mg/L)": "0", "Cadmio (mg/L)": null, "Cobre (mg/L)": "0.02", "Hierro (mg/L)": "0.01", "Manganeso (mg/L)": "0.1", "Plomo (mg/L)": "0", "Zinc (mg/L)": "1.2", "Cianuros (mg/L)": "0.005", "Cloro Residual (mg/L)": "0", "Cloruros (mg/L)": "8", "Dureza Total (mg/L)": "308.88", "Fluoruros (mg/L)": "0", "Nitratos (mg/L)": "0.9", "Nitritos (mg/L)": "0.006", "Ph": "7.51", "SDT (mg/L)": "237", "Sulfatos (mg/L)": "9", "Cloro Total (mg/L)": "0", "Conductividad (muS/cm)": "531", "Temperatura (°C)": "32", "ID": "Pacula_Milpas Viejas_Tanque Milpas Viejas" }, "geometry": { "type": "Point", "coordinates": [ -99.342993036235839, 20.934176209991165 ] } },
{ "type": "Feature", "properties": { "CVEGEO_LOC": "130470014", "AÑO": 2019.0, "NOM_MUN": "Pacula", "NOM_LOC": "Mixquiahuales", "Fuente de abastecimiento": "Manantial La Cueva de la Peña", "Coliformes Totales (Ausencia o Presencia/100mL)": "Presencia", "E. Coli (Ausencia o Presencia/100mL)": "Presencia", "Arsenico (mg/L)": "0", "Bario (mg/L)": "0", "Cadmio (mg/L)": "0", "Cobre (mg/L)": "0", "Hierro (mg/L)": "0.16", "Manganeso (mg/L)": "0", "Plomo (mg/L)": "0", "Zinc (mg/L)": "0.1", "Cianuros (mg/L)": "2", "Cloro Residual (mg/L)": "0.11", "Cloruros (mg/L)": "45886", "Dureza Total (mg/L)": "160.66", "Fluoruros (mg/L)": "7", "Nitratos (mg/L)": "45663", "Nitritos (mg/L)": "0.2", "Ph": "45845", "SDT (mg/L)": "789", "Sulfatos (mg/L)": "48", "Cloro Total (mg/L)": "0.3", "Conductividad (muS/cm)": "1968", "Temperatura (°C)": "45888", "ID": "Pacula_Mixquiahuales_Manantial La Cueva de la Peña" }, "geometry": { "type": "Point", "coordinates": [ -99.359847687364578, 21.006652571541018 ] } },
{ "type": "Feature", "properties": { "CVEGEO_LOC": "130470018", "AÑO": 2014.0, "NOM_MUN": "Pacula", "NOM_LOC": "Potrerillos", "Fuente de abastecimiento": "Río", "Coliformes Totales (Ausencia o Presencia/100mL)": "Presencia", "E. Coli (Ausencia o Presencia/100mL)": "Presencia", "Arsenico (mg/L)": "28", "Bario (mg/L)": "0.7", "Cadmio (mg/L)": "ND", "Cobre (mg/L)": "0", "Hierro (mg/L)": "383", "Manganeso (mg/L)": "45717", "Plomo (mg/L)": "12", "Zinc (mg/L)": "32", "Cianuros (mg/L)": "0", "Cloro Residual (mg/L)": "0.03", "Cloruros (mg/L)": "5.25", "Dureza Total (mg/L)": "222.22", "Fluoruros (mg/L)": "0.11", "Nitratos (mg/L)": "45748", "Nitritos (mg/L)": "6", "Ph": "7.61", "SDT (mg/L)": "45699", "Sulfatos (mg/L)": "48.9", "Cloro Total (mg/L)": "0.02", "Conductividad (muS/cm)": "244", "Temperatura (°C)": "45795", "ID": "Pacula_Potrerillos_Río" }, "geometry": { "type": "Point", "coordinates": [ -99.301502377361786, 20.975460136154755 ] } },
{ "type": "Feature", "properties": { "CVEGEO_LOC": "130470023", "AÑO": 2012.0, "NOM_MUN": "Pacula", "NOM_LOC": "Vicente Guerrero (Presidio)", "Fuente de abastecimiento": "Pozo Unidad Deportiva", "Coliformes Totales (Ausencia o Presencia/100mL)": "Presencia", "E. Coli (Ausencia o Presencia/100mL)": "Ausencia", "Arsenico (mg/L)": "0.004", "Bario (mg/L)": null, "Cadmio (mg/L)": null, "Cobre (mg/L)": "1.09", "Hierro (mg/L)": "0.018", "Manganeso (mg/L)": "0.05", "Plomo (mg/L)": "0", "Zinc (mg/L)": "0.547", "Cianuros (mg/L)": "0.007", "Cloro Residual (mg/L)": "0.01", "Cloruros (mg/L)": "161.75", "Dureza Total (mg/L)": "377.774", "Fluoruros (mg/L)": "0", "Nitratos (mg/L)": "2", "Nitritos (mg/L)": "0.033", "Ph": "7.59", "SDT (mg/L)": "650", "Sulfatos (mg/L)": "157.5", "Cloro Total (mg/L)": "0.45", "Conductividad (muS/cm)": "1389", "Temperatura (°C)": "23.6", "ID": "Pacula_Vicente Guerrero (Presidio)_Pozo Unidad Deportiva" }, "geometry": { "type": "Point", "coordinates": [ -99.31018333078876, 21.05008441641942 ] } },
{ "type": "Feature", "properties": { "CVEGEO_LOC": "130480001", "AÑO": 2015.0, "NOM_MUN": "Pachuca de Soto", "NOM_LOC": "Pachuca de Soto", "Fuente de abastecimiento": "Cárcamo Plaza Bella", "Coliformes Totales (Ausencia o Presencia/100mL)": "Presencia", "E. Coli (Ausencia o Presencia/100mL)": "Presencia", "Arsenico (mg/L)": "0", "Bario (mg/L)": "0", "Cadmio (mg/L)": null, "Cobre (mg/L)": "0", "Hierro (mg/L)": "0", "Manganeso (mg/L)": "0", "Plomo (mg/L)": "0", "Zinc (mg/L)": "0", "Cianuros (mg/L)": "0.001", "Cloro Residual (mg/L)": "0", "Cloruros (mg/L)": "27.5", "Dureza Total (mg/L)": "348.88", "Fluoruros (mg/L)": "1.4", "Nitratos (mg/L)": "1.5", "Nitritos (mg/L)": "0.03", "Ph": "7.1", "SDT (mg/L)": "851", "Sulfatos (mg/L)": "150", "Cloro Total (mg/L)": "0", "Conductividad (muS/cm)": "930", "Temperatura (°C)": "20.2", "ID": "Pachuca de Soto_Pachuca de Soto_Cárcamo Plaza Bella" }, "geometry": { "type": "Point", "coordinates": [ -98.787912199652823, 20.076882463604065 ] } },
{ "type": "Feature", "properties": { "CVEGEO_LOC": "130480001", "AÑO": 2013.0, "NOM_MUN": "Pachuca de Soto", "NOM_LOC": "Pachuca de Soto", "Fuente de abastecimiento": "Cárcamo Plaza Bella", "Coliformes Totales (Ausencia o Presencia/100mL)": "Presencia", "E. Coli (Ausencia o Presencia/100mL)": "Presencia", "Arsenico (mg/L)": "0", "Bario (mg/L)": "0", "Cadmio (mg/L)": null, "Cobre (mg/L)": "0", "Hierro (mg/L)": "0", "Manganeso (mg/L)": "0", "Plomo (mg/L)": "0", "Zinc (mg/L)": "0", "Cianuros (mg/L)": "0.001", "Cloro Residual (mg/L)": "0", "Cloruros (mg/L)": "27.5", "Dureza Total (mg/L)": "348.88", "Fluoruros (mg/L)": "1.4", "Nitratos (mg/L)": "1.5", "Nitritos (mg/L)": "0.03", "Ph": "7.1", "SDT (mg/L)": "851", "Sulfatos (mg/L)": "150", "Cloro Total (mg/L)": "0", "Conductividad (muS/cm)": "930", "Temperatura (°C)": "20.2", "ID": "Pachuca de Soto_Pachuca de Soto_Cárcamo Plaza Bella" }, "geometry": { "type": "Point", "coordinates": [ -98.787912199652823, 20.076882463604065 ] } },
{ "type": "Feature", "properties": { "CVEGEO_LOC": "130480001", "AÑO": 2014.0, "NOM_MUN": "Pachuca de Soto", "NOM_LOC": "Pachuca de Soto", "Fuente de abastecimiento": "Cisterna (Cartucho de Plata Coloidal)", "Coliformes Totales (Ausencia o Presencia/100mL)": "Ausencia", "E. Coli (Ausencia o Presencia/100mL)": "Ausencia", "Arsenico (mg/L)": "0", "Bario (mg/L)": "0", "Cadmio (mg/L)": null, "Cobre (mg/L)": "0.003", "Hierro (mg/L)": "0", "Manganeso (mg/L)": "0", "Plomo (mg/L)": "0", "Zinc (mg/L)": "0.02", "Cianuros (mg/L)": "0.001", "Cloro Residual (mg/L)": "0", "Cloruros (mg/L)": "3.2", "Dureza Total (mg/L)": "175.55", "Fluoruros (mg/L)": "0.06", "Nitratos (mg/L)": "1.2", "Nitritos (mg/L)": "0.01", "Ph": "7.31", "SDT (mg/L)": "134", "Sulfatos (mg/L)": "11", "Cloro Total (mg/L)": "0", "Conductividad (muS/cm)": "328", "Temperatura (°C)": "22.22", "ID": "Pachuca de Soto_Pachuca de Soto_Cisterna (Cartucho de Plata Coloidal)" }, "geometry": { "type": "Point", "coordinates": [ -98.750330978017473, 20.117161282701964 ] } },
{ "type": "Feature", "properties": { "CVEGEO_LOC": "130480001", "AÑO": 2014.0, "NOM_MUN": "Pachuca de Soto", "NOM_LOC": "Pachuca de Soto", "Fuente de abastecimiento": "Cisterna (Entrada)", "Coliformes Totales (Ausencia o Presencia/100mL)": "Presencia", "E. Coli (Ausencia o Presencia/100mL)": "Presencia", "Arsenico (mg/L)": "0", "Bario (mg/L)": "0", "Cadmio (mg/L)": null, "Cobre (mg/L)": "0.003", "Hierro (mg/L)": "0", "Manganeso (mg/L)": "0", "Plomo (mg/L)": "0", "Zinc (mg/L)": "0.02", "Cianuros (mg/L)": "0.001", "Cloro Residual (mg/L)": "0", "Cloruros (mg/L)": "3.2", "Dureza Total (mg/L)": "175.55", "Fluoruros (mg/L)": "0.06", "Nitratos (mg/L)": "1.2", "Nitritos (mg/L)": "0.01", "Ph": "7.31", "SDT (mg/L)": "134", "Sulfatos (mg/L)": "11", "Cloro Total (mg/L)": "0", "Conductividad (muS/cm)": "328", "Temperatura (°C)": "22.22", "ID": "Pachuca de Soto_Pachuca de Soto_Cisterna (Entrada)" }, "geometry": { "type": "Point", "coordinates": [ -98.77202597896617, 20.078640963387322 ] } },
{ "type": "Feature", "properties": { "CVEGEO_LOC": "130480001", "AÑO": 2014.0, "NOM_MUN": "Pachuca de Soto", "NOM_LOC": "Pachuca de Soto", "Fuente de abastecimiento": "Pozo de Perforación Cd. Conocimiento", "Coliformes Totales (Ausencia o Presencia/100mL)": "Ausencia", "E. Coli (Ausencia o Presencia/100mL)": "Ausencia", "Arsenico (mg/L)": "0", "Bario (mg/L)": "0", "Cadmio (mg/L)": null, "Cobre (mg/L)": "0.02", "Hierro (mg/L)": "0.05", "Manganeso (mg/L)": "0.2", "Plomo (mg/L)": "0", "Zinc (mg/L)": "0.01", "Cianuros (mg/L)": "0.006", "Cloro Residual (mg/L)": "0", "Cloruros (mg/L)": "11.6", "Dureza Total (mg/L)": "88.88", "Fluoruros (mg/L)": "0.48", "Nitratos (mg/L)": "2", "Nitritos (mg/L)": "0.02", "Ph": "7.85", "SDT (mg/L)": "253", "Sulfatos (mg/L)": "22", "Cloro Total (mg/L)": "0", "Conductividad (muS/cm)": "506", "Temperatura (°C)": "46.6", "ID": "Pachuca de Soto_Pachuca de Soto_Pozo de Perforación Cd. Conocimiento" }, "geometry": { "type": "Point", "coordinates": [ -98.791413719510075, 20.103862810404273 ] } },
{ "type": "Feature", "properties": { "CVEGEO_LOC": "130490001", "AÑO": 2015.0, "NOM_MUN": "Pisaflores", "NOM_LOC": "Pisaflores", "Fuente de abastecimiento": "Línea de Conducción", "Coliformes Totales (Ausencia o Presencia/100mL)": "Presencia", "E. Coli (Ausencia o Presencia/100mL)": "Presencia", "Arsenico (mg/L)": "0", "Bario (mg/L)": "0", "Cadmio (mg/L)": null, "Cobre (mg/L)": "0.11", "Hierro (mg/L)": "0.03", "Manganeso (mg/L)": "0", "Plomo (mg/L)": "0", "Zinc (mg/L)": "0.06", "Cianuros (mg/L)": "0.002", "Cloro Residual (mg/L)": "0.1", "Cloruros (mg/L)": "63.2", "Dureza Total (mg/L)": "115.02", "Fluoruros (mg/L)": "0", "Nitratos (mg/L)": "0.6", "Nitritos (mg/L)": "0.04", "Ph": "7.2", "SDT (mg/L)": "126.2", "Sulfatos (mg/L)": "72.5", "Cloro Total (mg/L)": "0.1", "Conductividad (muS/cm)": "460", "Temperatura (°C)": "18.9", "ID": "Pisaflores_Pisaflores_Línea de Conducción" }, "geometry": { "type": "Point", "coordinates": [ -99.004914785022748, 21.196014842934893 ] } },
{ "type": "Feature", "properties": { "CVEGEO_LOC": "130490001", "AÑO": 2013.0, "NOM_MUN": "Pisaflores", "NOM_LOC": "Pisaflores", "Fuente de abastecimiento": "Línea de Conducción", "Coliformes Totales (Ausencia o Presencia/100mL)": "Presencia", "E. Coli (Ausencia o Presencia/100mL)": "Presencia", "Arsenico (mg/L)": "0", "Bario (mg/L)": "0", "Cadmio (mg/L)": null, "Cobre (mg/L)": "0.11", "Hierro (mg/L)": "0.03", "Manganeso (mg/L)": "0", "Plomo (mg/L)": "0", "Zinc (mg/L)": "0.06", "Cianuros (mg/L)": "0.002", "Cloro Residual (mg/L)": "0.1", "Cloruros (mg/L)": "63.2", "Dureza Total (mg/L)": "115.02", "Fluoruros (mg/L)": "0", "Nitratos (mg/L)": "0.6", "Nitritos (mg/L)": "0.04", "Ph": "7.2", "SDT (mg/L)": "126.2", "Sulfatos (mg/L)": "72.5", "Cloro Total (mg/L)": "0.1", "Conductividad (muS/cm)": "460", "Temperatura (°C)": "18.9", "ID": "Pisaflores_Pisaflores_Línea de Conducción" }, "geometry": { "type": "Point", "coordinates": [ -99.004914785022748, 21.196014842934893 ] } },
{ "type": "Feature", "properties": { "CVEGEO_LOC": "130490001", "AÑO": 2012.0, "NOM_MUN": "Pisaflores", "NOM_LOC": "Pisaflores", "Fuente de abastecimiento": "Manantial Ayacapa", "Coliformes Totales (Ausencia o Presencia/100mL)": "Presencia", "E. Coli (Ausencia o Presencia/100mL)": "Ausencia", "Arsenico (mg/L)": "0", "Bario (mg/L)": null, "Cadmio (mg/L)": null, "Cobre (mg/L)": "0.481", "Hierro (mg/L)": "0.054", "Manganeso (mg/L)": "0", "Plomo (mg/L)": "0.001", "Zinc (mg/L)": "0.19", "Cianuros (mg/L)": "0.002", "Cloro Residual (mg/L)": "0.01", "Cloruros (mg/L)": "70.5", "Dureza Total (mg/L)": "211.109", "Fluoruros (mg/L)": "0", "Nitratos (mg/L)": "1", "Nitritos (mg/L)": "0.0044", "Ph": "7.22", "SDT (mg/L)": "329", "Sulfatos (mg/L)": "97.5", "Cloro Total (mg/L)": "0", "Conductividad (muS/cm)": "666", "Temperatura (°C)": "26.1", "ID": "Pisaflores_Pisaflores_Manantial Ayacapa" }, "geometry": { "type": "Point", "coordinates": [ -99.005062467440268, 21.193902699789504 ] } },
{ "type": "Feature", "properties": { "CVEGEO_LOC": "130490001", "AÑO": 2014.0, "NOM_MUN": "Pisaflores", "NOM_LOC": "Pisaflores", "Fuente de abastecimiento": "Manantial El Salto", "Coliformes Totales (Ausencia o Presencia/100mL)": "Presencia", "E. Coli (Ausencia o Presencia/100mL)": "Presencia", "Arsenico (mg/L)": "0", "Bario (mg/L)": "0", "Cadmio (mg/L)": null, "Cobre (mg/L)": "0.01", "Hierro (mg/L)": "0.02", "Manganeso (mg/L)": "0.1", "Plomo (mg/L)": "0", "Zinc (mg/L)": "0.05", "Cianuros (mg/L)": "0.002", "Cloro Residual (mg/L)": "0.6", "Cloruros (mg/L)": "1.8", "Dureza Total (mg/L)": "166.66", "Fluoruros (mg/L)": "0.2", "Nitratos (mg/L)": "0.7", "Nitritos (mg/L)": "0.001", "Ph": "7.54", "SDT (mg/L)": "187.6", "Sulfatos (mg/L)": "5", "Cloro Total (mg/L)": "0", "Conductividad (muS/cm)": "187.4", "Temperatura (°C)": "25.7", "ID": "Pisaflores_Pisaflores_Manantial El Salto" }, "geometry": { "type": "Point", "coordinates": [ -99.009458541568719, 21.195226502121479 ] } },
{ "type": "Feature", "properties": { "CVEGEO_LOC": "130490001", "AÑO": 2016.0, "NOM_MUN": "Pisaflores", "NOM_LOC": "Pisaflores", "Fuente de abastecimiento": "Manantial El Salto", "Coliformes Totales (Ausencia o Presencia/100mL)": "Presencia", "E. Coli (Ausencia o Presencia/100mL)": "Presencia", "Arsenico (mg/L)": "0", "Bario (mg/L)": "0", "Cadmio (mg/L)": "ND", "Cobre (mg/L)": "0", "Hierro (mg/L)": "0", "Manganeso (mg/L)": "0", "Plomo (mg/L)": "0", "Zinc (mg/L)": "0.09", "Cianuros (mg/L)": "0", "Cloro Residual (mg/L)": "0", "Cloruros (mg/L)": "45815", "Dureza Total (mg/L)": "211.1", "Fluoruros (mg/L)": "0.23", "Nitratos (mg/L)": "45658", "Nitritos (mg/L)": "4", "Ph": "7.76", "SDT (mg/L)": "169.4", "Sulfatos (mg/L)": "7", "Cloro Total (mg/L)": "0", "Conductividad (muS/cm)": "343", "Temperatura (°C)": "45775", "ID": "Pisaflores_Pisaflores_Manantial El Salto" }, "geometry": { "type": "Point", "coordinates": [ -99.009458541568719, 21.195226502121479 ] } },
{ "type": "Feature", "properties": { "CVEGEO_LOC": "130490012", "AÑO": 2014.0, "NOM_MUN": "Pisaflores", "NOM_LOC": "Cerro del Carmen", "Fuente de abastecimiento": "Manantial El Sabino", "Coliformes Totales (Ausencia o Presencia/100mL)": "Presencia", "E. Coli (Ausencia o Presencia/100mL)": "Ausencia", "Arsenico (mg/L)": "0", "Bario (mg/L)": "0", "Cadmio (mg/L)": null, "Cobre (mg/L)": "0.06", "Hierro (mg/L)": "0.03", "Manganeso (mg/L)": "0.1", "Plomo (mg/L)": "0", "Zinc (mg/L)": "0.52", "Cianuros (mg/L)": "0.002", "Cloro Residual (mg/L)": "0.3", "Cloruros (mg/L)": "2.1", "Dureza Total (mg/L)": "266.66", "Fluoruros (mg/L)": "0.56", "Nitratos (mg/L)": "0", "Nitritos (mg/L)": "0.004", "Ph": "7.48", "SDT (mg/L)": "322", "Sulfatos (mg/L)": "71", "Cloro Total (mg/L)": "0.1", "Conductividad (muS/cm)": "661", "Temperatura (°C)": "26.3", "ID": "Pisaflores_Cerro del Carmen_Manantial El Sabino" }, "geometry": { "type": "Point", "coordinates": [ -99.00536612383334, 21.209711959190251 ] } },
{ "type": "Feature", "properties": { "CVEGEO_LOC": "130490027", "AÑO": 2012.0, "NOM_MUN": "Pisaflores", "NOM_LOC": "El Limoncito", "Fuente de abastecimiento": "Manantial Platanares", "Coliformes Totales (Ausencia o Presencia/100mL)": "Presencia", "E. Coli (Ausencia o Presencia/100mL)": "Presencia", "Arsenico (mg/L)": "0", "Bario (mg/L)": null, "Cadmio (mg/L)": null, "Cobre (mg/L)": "0.541", "Hierro (mg/L)": "0.065", "Manganeso (mg/L)": "0", "Plomo (mg/L)": "0.001", "Zinc (mg/L)": "0.427", "Cianuros (mg/L)": "0", "Cloro Residual (mg/L)": "0.09", "Cloruros (mg/L)": "73", "Dureza Total (mg/L)": "188.887", "Fluoruros (mg/L)": "0", "Nitratos (mg/L)": "2", "Nitritos (mg/L)": "0.0022", "Ph": "7.99", "SDT (mg/L)": "194.1", "Sulfatos (mg/L)": "0", "Cloro Total (mg/L)": "0.03", "Conductividad (muS/cm)": "390", "Temperatura (°C)": "26.8", "ID": "Pisaflores_El Limoncito_Manantial Platanares" }, "geometry": { "type": "Point", "coordinates": [ -98.998558847671916, 21.182102350307488 ] } },
{ "type": "Feature", "properties": { "CVEGEO_LOC": "130490035", "AÑO": 2015.0, "NOM_MUN": "Pisaflores", "NOM_LOC": "Pie de la Cuesta", "Fuente de abastecimiento": "Línea de Conducción", "Coliformes Totales (Ausencia o Presencia/100mL)": "Presencia", "E. Coli (Ausencia o Presencia/100mL)": "Presencia", "Arsenico (mg/L)": "0", "Bario (mg/L)": "0", "Cadmio (mg/L)": null, "Cobre (mg/L)": "0.12", "Hierro (mg/L)": "0.04", "Manganeso (mg/L)": "0", "Plomo (mg/L)": "0", "Zinc (mg/L)": "0.01", "Cianuros (mg/L)": "0", "Cloro Residual (mg/L)": "0.1", "Cloruros (mg/L)": "52.4", "Dureza Total (mg/L)": "144.44", "Fluoruros (mg/L)": "0", "Nitratos (mg/L)": "1.2", "Nitritos (mg/L)": "0.02", "Ph": "7.5", "SDT (mg/L)": "173.4", "Sulfatos (mg/L)": "80", "Cloro Total (mg/L)": "0", "Conductividad (muS/cm)": "420", "Temperatura (°C)": "19.6", "ID": "Pisaflores_Pie de la Cuesta_Línea de Conducción" }, "geometry": { "type": "Point", "coordinates": [ -99.026737626606604, 21.196341738139765 ] } },
{ "type": "Feature", "properties": { "CVEGEO_LOC": "130490035", "AÑO": 2013.0, "NOM_MUN": "Pisaflores", "NOM_LOC": "Pie de la Cuesta", "Fuente de abastecimiento": "Línea de Conducción", "Coliformes Totales (Ausencia o Presencia/100mL)": "Presencia", "E. Coli (Ausencia o Presencia/100mL)": "Presencia", "Arsenico (mg/L)": "0", "Bario (mg/L)": "0", "Cadmio (mg/L)": null, "Cobre (mg/L)": "0.12", "Hierro (mg/L)": "0.04", "Manganeso (mg/L)": "0", "Plomo (mg/L)": "0", "Zinc (mg/L)": "0.01", "Cianuros (mg/L)": "0", "Cloro Residual (mg/L)": "0.1", "Cloruros (mg/L)": "52.4", "Dureza Total (mg/L)": "144.44", "Fluoruros (mg/L)": "0", "Nitratos (mg/L)": "1.2", "Nitritos (mg/L)": "0.02", "Ph": "7.5", "SDT (mg/L)": "173.4", "Sulfatos (mg/L)": "80", "Cloro Total (mg/L)": "0", "Conductividad (muS/cm)": "420", "Temperatura (°C)": "19.6", "ID": "Pisaflores_Pie de la Cuesta_Línea de Conducción" }, "geometry": { "type": "Point", "coordinates": [ -99.026737626606604, 21.196341738139765 ] } },
{ "type": "Feature", "properties": { "CVEGEO_LOC": "130500001", "AÑO": 2012.0, "NOM_MUN": "Progreso de Obregón", "NOM_LOC": "Progreso de Obregón", "Fuente de abastecimiento": "Manantial Zahuastipan", "Coliformes Totales (Ausencia o Presencia/100mL)": "Presenica", "E. Coli (Ausencia o Presencia/100mL)": "Presencia", "Arsenico (mg/L)": "0.002", "Bario (mg/L)": "0", "Cadmio (mg/L)": null, "Cobre (mg/L)": "0.695", "Hierro (mg/L)": "0.016", "Manganeso (mg/L)": "0", "Plomo (mg/L)": "0", "Zinc (mg/L)": "0.06", "Cianuros (mg/L)": "6e-04", "Cloro Residual (mg/L)": "0", "Cloruros (mg/L)": "232.75", "Dureza Total (mg/L)": "444.44", "Fluoruros (mg/L)": "0.6", "Nitratos (mg/L)": "0.6", "Nitritos (mg/L)": "0.0051", "Ph": "6.87", "SDT (mg/L)": "0", "Sulfatos (mg/L)": "400", "Cloro Total (mg/L)": "0.01", "Conductividad (muS/cm)": "1777", "Temperatura (°C)": "22.6", "ID": "Progreso de Obregón_Progreso de Obregón_Manantial Zahuastipan" }, "geometry": { "type": "Point", "coordinates": [ -99.184535032366767, 20.253528478735195 ] } },
{ "type": "Feature", "properties": { "CVEGEO_LOC": "130500001", "AÑO": 2019.0, "NOM_MUN": "Progreso de Obregón", "NOM_LOC": "Progreso de Obregón", "Fuente de abastecimiento": "Planta Potabilizadora Pozo Progreso", "Coliformes Totales (Ausencia o Presencia/100mL)": "Ausencia", "E. Coli (Ausencia o Presencia/100mL)": "Ausencia", "Arsenico (mg/L)": "0", "Bario (mg/L)": "0", "Cadmio (mg/L)": "0", "Cobre (mg/L)": "0.24", "Hierro (mg/L)": "0.03", "Manganeso (mg/L)": "0", "Plomo (mg/L)": "0.01", "Zinc (mg/L)": "0.01", "Cianuros (mg/L)": "0", "Cloro Residual (mg/L)": "0.27", "Cloruros (mg/L)": "95.1", "Dureza Total (mg/L)": "377.77", "Fluoruros (mg/L)": "0.82", "Nitratos (mg/L)": "3.9", "Nitritos (mg/L)": "0", "Ph": "7.01", "SDT (mg/L)": "978", "Sulfatos (mg/L)": "105", "Cloro Total (mg/L)": "0.37", "Conductividad (muS/cm)": "1278", "Temperatura (°C)": "28.6", "ID": "Progreso de Obregón_Progreso de Obregón_Planta Potabilizadora Pozo Progreso" }, "geometry": { "type": "Point", "coordinates": [ -99.184504639539341, 20.243806623468458 ] } },
{ "type": "Feature", "properties": { "CVEGEO_LOC": "130500001", "AÑO": 2017.0, "NOM_MUN": "Progreso de Obregón", "NOM_LOC": "Progreso de Obregón", "Fuente de abastecimiento": "Pozo Progreso", "Coliformes Totales (Ausencia o Presencia/100mL)": "Ausencia", "E. Coli (Ausencia o Presencia/100mL)": "Ausencia", "Arsenico (mg/L)": "0", "Bario (mg/L)": "0", "Cadmio (mg/L)": null, "Cobre (mg/L)": "0.86", "Hierro (mg/L)": "1.58", "Manganeso (mg/L)": "0", "Plomo (mg/L)": "0", "Zinc (mg/L)": "0", "Cianuros (mg/L)": "0.001", "Cloro Residual (mg/L)": "0.08", "Cloruros (mg/L)": "3.6", "Dureza Total (mg/L)": "11.11", "Fluoruros (mg/L)": "0.45", "Nitratos (mg/L)": "0", "Nitritos (mg/L)": "0.001", "Ph": "8.13", "SDT (mg/L)": "446", "Sulfatos (mg/L)": "0", "Cloro Total (mg/L)": "0.55", "Conductividad (muS/cm)": null, "Temperatura (°C)": null, "ID": "Progreso de Obregón_Progreso de Obregón_Pozo Progreso" }, "geometry": { "type": "Point", "coordinates": [ -99.192759370711002, 20.239431368942057 ] } },
{ "type": "Feature", "properties": { "CVEGEO_LOC": "130500001", "AÑO": 2019.0, "NOM_MUN": "Progreso de Obregón", "NOM_LOC": "Progreso de Obregón", "Fuente de abastecimiento": "Pozo Progreso", "Coliformes Totales (Ausencia o Presencia/100mL)": "Presencia", "E. Coli (Ausencia o Presencia/100mL)": "Ausencia", "Arsenico (mg/L)": "0.01", "Bario (mg/L)": "0.2", "Cadmio (mg/L)": "0", "Cobre (mg/L)": "1.7", "Hierro (mg/L)": "0.3", "Manganeso (mg/L)": "0.2", "Plomo (mg/L)": "0.039", "Zinc (mg/L)": "0.09", "Cianuros (mg/L)": "0.004", "Cloro Residual (mg/L)": "0.58", "Cloruros (mg/L)": "161.3", "Dureza Total (mg/L)": "0.96", "Fluoruros (mg/L)": "0.96", "Nitratos (mg/L)": "4.7", "Nitritos (mg/L)": "0.001", "Ph": "6.98", "SDT (mg/L)": "636", "Sulfatos (mg/L)": "380", "Cloro Total (mg/L)": "0.45", "Conductividad (muS/cm)": "1233", "Temperatura (°C)": "29.4", "ID": "Progreso de Obregón_Progreso de Obregón_Pozo Progreso" }, "geometry": { "type": "Point", "coordinates": [ -99.192759370711002, 20.239431368942057 ] } },
{ "type": "Feature", "properties": { "CVEGEO_LOC": "130500001", "AÑO": 2014.0, "NOM_MUN": "Progreso de Obregón", "NOM_LOC": "Progreso de Obregón", "Fuente de abastecimiento": "Pozo Unidad Deportiva", "Coliformes Totales (Ausencia o Presencia/100mL)": "Presencia", "E. Coli (Ausencia o Presencia/100mL)": "Presencia", "Arsenico (mg/L)": "0.02", "Bario (mg/L)": "0", "Cadmio (mg/L)": null, "Cobre (mg/L)": "0.02", "Hierro (mg/L)": "0.3", "Manganeso (mg/L)": "0", "Plomo (mg/L)": "0.001", "Zinc (mg/L)": "0.03", "Cianuros (mg/L)": "0.006", "Cloro Residual (mg/L)": "0.2", "Cloruros (mg/L)": "87.5", "Dureza Total (mg/L)": "171.1", "Fluoruros (mg/L)": "0.54", "Nitratos (mg/L)": "2.4", "Nitritos (mg/L)": "0.003", "Ph": "7.25", "SDT (mg/L)": "225.8", "Sulfatos (mg/L)": "107", "Cloro Total (mg/L)": "0", "Conductividad (muS/cm)": "1717", "Temperatura (°C)": "24.8", "ID": "Progreso de Obregón_Progreso de Obregón_Pozo Unidad Deportiva" }, "geometry": { "type": "Point", "coordinates": [ -99.194641366916827, 20.247584056559916 ] } },
{ "type": "Feature", "properties": { "CVEGEO_LOC": "130500001", "AÑO": 2017.0, "NOM_MUN": "Progreso de Obregón", "NOM_LOC": "Progreso de Obregón", "Fuente de abastecimiento": "Pozo Xchitlan", "Coliformes Totales (Ausencia o Presencia/100mL)": "Ausencia", "E. Coli (Ausencia o Presencia/100mL)": "Ausencia", "Arsenico (mg/L)": "0", "Bario (mg/L)": "0", "Cadmio (mg/L)": null, "Cobre (mg/L)": "0", "Hierro (mg/L)": "0", "Manganeso (mg/L)": "0", "Plomo (mg/L)": "0", "Zinc (mg/L)": "0", "Cianuros (mg/L)": "0", "Cloro Residual (mg/L)": "0.09", "Cloruros (mg/L)": "332", "Dureza Total (mg/L)": "144.4", "Fluoruros (mg/L)": "0.5", "Nitratos (mg/L)": "0.01", "Nitritos (mg/L)": "0.001", "Ph": "8.24", "SDT (mg/L)": "122", "Sulfatos (mg/L)": "45", "Cloro Total (mg/L)": "0.29", "Conductividad (muS/cm)": null, "Temperatura (°C)": null, "ID": "Progreso de Obregón_Progreso de Obregón_Pozo Xchitlan" }, "geometry": { "type": "Point", "coordinates": [ -99.194719780169507, 20.252180506591195 ] } },
{ "type": "Feature", "properties": { "CVEGEO_LOC": "130500001", "AÑO": 2017.0, "NOM_MUN": "Progreso de Obregón", "NOM_LOC": "Progreso de Obregón", "Fuente de abastecimiento": "Toma domiciliaria", "Coliformes Totales (Ausencia o Presencia/100mL)": "Ausencia", "E. Coli (Ausencia o Presencia/100mL)": "Ausencia", "Arsenico (mg/L)": "0", "Bario (mg/L)": "0.7", "Cadmio (mg/L)": null, "Cobre (mg/L)": "0.62", "Hierro (mg/L)": "2.64", "Manganeso (mg/L)": "0", "Plomo (mg/L)": "0", "Zinc (mg/L)": "0", "Cianuros (mg/L)": "0", "Cloro Residual (mg/L)": "0.2", "Cloruros (mg/L)": "5", "Dureza Total (mg/L)": "97.77", "Fluoruros (mg/L)": "0.5", "Nitratos (mg/L)": "0", "Nitritos (mg/L)": "0.002", "Ph": "8.3", "SDT (mg/L)": "446", "Sulfatos (mg/L)": "1", "Cloro Total (mg/L)": "0.59", "Conductividad (muS/cm)": null, "Temperatura (°C)": null, "ID": "Progreso de Obregón_Progreso de Obregón_Toma domiciliaria" }, "geometry": { "type": "Point", "coordinates": [ -99.190561247053779, 20.25535419349454 ] } },
{ "type": "Feature", "properties": { "CVEGEO_LOC": "130500003", "AÑO": 2021.0, "NOM_MUN": "Progreso de Obregón", "NOM_LOC": "Xochitlán", "Fuente de abastecimiento": "Pozo Nuevo del Moreno", "Coliformes Totales (Ausencia o Presencia/100mL)": "Presencia", "E. Coli (Ausencia o Presencia/100mL)": "ND", "Arsenico (mg/L)": "0", "Bario (mg/L)": "0", "Cadmio (mg/L)": "0", "Cobre (mg/L)": "1.22", "Hierro (mg/L)": "0.04", "Manganeso (mg/L)": "0", "Plomo (mg/L)": "0", "Zinc (mg/L)": "0.04", "Cianuros (mg/L)": "0", "Cloro Residual (mg/L)": "0.6", "Cloruros (mg/L)": "182.7", "Dureza Total (mg/L)": "82.22", "Fluoruros (mg/L)": "0.76", "Nitratos (mg/L)": "5.8", "Nitritos (mg/L)": "0.002", "Ph": "7.69", "SDT (mg/L)": "365", "Sulfatos (mg/L)": "111", "Cloro Total (mg/L)": "0.2", "Conductividad (muS/cm)": "2059", "Temperatura (°C)": "30.9", "ID": "Progreso de Obregón_Xochitlán_Pozo Nuevo del Moreno" }, "geometry": { "type": "Point", "coordinates": [ -99.185016371815493, 20.290888178626556 ] } },
{ "type": "Feature", "properties": { "CVEGEO_LOC": "130500003", "AÑO": 2014.0, "NOM_MUN": "Progreso de Obregón", "NOM_LOC": "Xochitlán", "Fuente de abastecimiento": "Pozo Xochitlán", "Coliformes Totales (Ausencia o Presencia/100mL)": "Presencia", "E. Coli (Ausencia o Presencia/100mL)": "Ausencia", "Arsenico (mg/L)": "0.01", "Bario (mg/L)": "0", "Cadmio (mg/L)": null, "Cobre (mg/L)": "0", "Hierro (mg/L)": "0", "Manganeso (mg/L)": "0", "Plomo (mg/L)": "0.001", "Zinc (mg/L)": "0.04", "Cianuros (mg/L)": "0.013", "Cloro Residual (mg/L)": "0.1", "Cloruros (mg/L)": "123.5", "Dureza Total (mg/L)": "188.88", "Fluoruros (mg/L)": "0.7", "Nitratos (mg/L)": "4.2", "Nitritos (mg/L)": "0.03", "Ph": "7.43", "SDT (mg/L)": "114.3", "Sulfatos (mg/L)": "112", "Cloro Total (mg/L)": "0.1", "Conductividad (muS/cm)": "832", "Temperatura (°C)": "27", "ID": "Progreso de Obregón_Xochitlán_Pozo Xochitlán" }, "geometry": { "type": "Point", "coordinates": [ -99.18521049302575, 20.297229228319999 ] } },
{ "type": "Feature", "properties": { "CVEGEO_LOC": "130500003", "AÑO": 2021.0, "NOM_MUN": "Progreso de Obregón", "NOM_LOC": "Xochitlán", "Fuente de abastecimiento": "Pozo Xochitlán", "Coliformes Totales (Ausencia o Presencia/100mL)": "Presencia", "E. Coli (Ausencia o Presencia/100mL)": "ND", "Arsenico (mg/L)": "0", "Bario (mg/L)": "0", "Cadmio (mg/L)": "0", "Cobre (mg/L)": "0.6", "Hierro (mg/L)": "0", "Manganeso (mg/L)": "0.01", "Plomo (mg/L)": "0", "Zinc (mg/L)": "0.05", "Cianuros (mg/L)": "0", "Cloro Residual (mg/L)": "0.06", "Cloruros (mg/L)": "55.5", "Dureza Total (mg/L)": "155.55", "Fluoruros (mg/L)": "0.58", "Nitratos (mg/L)": "2", "Nitritos (mg/L)": "0.005", "Ph": "7.12", "SDT (mg/L)": "227", "Sulfatos (mg/L)": "109", "Cloro Total (mg/L)": "0.41", "Conductividad (muS/cm)": "59", "Temperatura (°C)": "26.2", "ID": "Progreso de Obregón_Xochitlán_Pozo Xochitlán" }, "geometry": { "type": "Point", "coordinates": [ -99.18521049302575, 20.297229228319999 ] } },
{ "type": "Feature", "properties": { "CVEGEO_LOC": "130520001", "AÑO": 2019.0, "NOM_MUN": "San Agustín Tlaxiaca", "NOM_LOC": "San Agustín Tlaxiaca", "Fuente de abastecimiento": "Tanque de distribicion la Gloria", "Coliformes Totales (Ausencia o Presencia/100mL)": "Ausencia", "E. Coli (Ausencia o Presencia/100mL)": "Ausencia", "Arsenico (mg/L)": "0", "Bario (mg/L)": "0.1", "Cadmio (mg/L)": "0", "Cobre (mg/L)": "0.2", "Hierro (mg/L)": "0.3", "Manganeso (mg/L)": "0.12", "Plomo (mg/L)": "0", "Zinc (mg/L)": "0.6", "Cianuros (mg/L)": "3", "Cloro Residual (mg/L)": "0.28", "Cloruros (mg/L)": "45745", "Dureza Total (mg/L)": "144.44", "Fluoruros (mg/L)": "0.9", "Nitratos (mg/L)": "0.27", "Nitritos (mg/L)": "9", "Ph": "7.27", "SDT (mg/L)": "278", "Sulfatos (mg/L)": "80", "Cloro Total (mg/L)": "0.22", "Conductividad (muS/cm)": "505", "Temperatura (°C)": "24", "ID": "San Agustín Tlaxiaca_San Agustín Tlaxiaca_Tanque de distribicion la Gloria" }, "geometry": { "type": "Point", "coordinates": [ -98.895356512620992, 20.107468014594712 ] } },
{ "type": "Feature", "properties": { "CVEGEO_LOC": "130520001", "AÑO": 2019.0, "NOM_MUN": "San Agustín Tlaxiaca", "NOM_LOC": "San Agustín Tlaxiaca", "Fuente de abastecimiento": "Tanque Fresno", "Coliformes Totales (Ausencia o Presencia/100mL)": "Presencia", "E. Coli (Ausencia o Presencia/100mL)": "Ausencia", "Arsenico (mg/L)": "0", "Bario (mg/L)": "0", "Cadmio (mg/L)": "0", "Cobre (mg/L)": "0.1", "Hierro (mg/L)": "0.21", "Manganeso (mg/L)": "0.12", "Plomo (mg/L)": "0", "Zinc (mg/L)": "0.07", "Cianuros (mg/L)": "0.003", "Cloro Residual (mg/L)": "0.16", "Cloruros (mg/L)": "12.7", "Dureza Total (mg/L)": "95.54", "Fluoruros (mg/L)": "0.7", "Nitratos (mg/L)": "0.3", "Nitritos (mg/L)": "0.002", "Ph": "7.08", "SDT (mg/L)": "231", "Sulfatos (mg/L)": "80", "Cloro Total (mg/L)": "0.13", "Conductividad (muS/cm)": "520", "Temperatura (°C)": "24.9", "ID": "San Agustín Tlaxiaca_San Agustín Tlaxiaca_Tanque Fresno" }, "geometry": { "type": "Point", "coordinates": [ -98.883376544774208, 20.115882573866525 ] } },
{ "type": "Feature", "properties": { "CVEGEO_LOC": "130520001", "AÑO": 2019.0, "NOM_MUN": "San Agustín Tlaxiaca", "NOM_LOC": "San Agustín Tlaxiaca", "Fuente de abastecimiento": "Tanque Melchor Ocampo", "Coliformes Totales (Ausencia o Presencia/100mL)": "Ausencia", "E. Coli (Ausencia o Presencia/100mL)": "Ausencia", "Arsenico (mg/L)": "0", "Bario (mg/L)": "0.2", "Cadmio (mg/L)": "0", "Cobre (mg/L)": "0.7", "Hierro (mg/L)": "0.23", "Manganeso (mg/L)": "0.11", "Plomo (mg/L)": "0", "Zinc (mg/L)": "0.2", "Cianuros (mg/L)": "2", "Cloro Residual (mg/L)": "0.2", "Cloruros (mg/L)": "45797", "Dureza Total (mg/L)": "135.55", "Fluoruros (mg/L)": "0.8", "Nitratos (mg/L)": "0.2", "Nitritos (mg/L)": "2", "Ph": "7.19", "SDT (mg/L)": "374", "Sulfatos (mg/L)": "80", "Cloro Total (mg/L)": "0.22", "Conductividad (muS/cm)": "537", "Temperatura (°C)": "45771", "ID": "San Agustín Tlaxiaca_San Agustín Tlaxiaca_Tanque Melchor Ocampo" }, "geometry": { "type": "Point", "coordinates": [ -98.877220389079099, 20.104651505054722 ] } },
{ "type": "Feature", "properties": { "CVEGEO_LOC": "130520001", "AÑO": 2019.0, "NOM_MUN": "San Agustín Tlaxiaca", "NOM_LOC": "San Agustín Tlaxiaca", "Fuente de abastecimiento": "Tanque Mexiquito", "Coliformes Totales (Ausencia o Presencia/100mL)": "Ausencia", "E. Coli (Ausencia o Presencia/100mL)": "Ausencia", "Arsenico (mg/L)": "0", "Bario (mg/L)": "0.1", "Cadmio (mg/L)": "0", "Cobre (mg/L)": "0.9", "Hierro (mg/L)": "0.22", "Manganeso (mg/L)": "0.13", "Plomo (mg/L)": "0", "Zinc (mg/L)": "0.7", "Cianuros (mg/L)": "2", "Cloro Residual (mg/L)": "0.37", "Cloruros (mg/L)": "45895", "Dureza Total (mg/L)": "137.77", "Fluoruros (mg/L)": "0.7", "Nitratos (mg/L)": "45658", "Nitritos (mg/L)": "1", "Ph": "7.18", "SDT (mg/L)": "340", "Sulfatos (mg/L)": "80", "Cloro Total (mg/L)": "0.28", "Conductividad (muS/cm)": "538", "Temperatura (°C)": "45772", "ID": "San Agustín Tlaxiaca_San Agustín Tlaxiaca_Tanque Mexiquito" }, "geometry": { "type": "Point", "coordinates": [ -98.88773072118164, 20.102926234187677 ] } },
{ "type": "Feature", "properties": { "CVEGEO_LOC": "130520001", "AÑO": 2019.0, "NOM_MUN": "San Agustín Tlaxiaca", "NOM_LOC": "San Agustín Tlaxiaca", "Fuente de abastecimiento": "Toma Domociliaria (Red de Distribucion)", "Coliformes Totales (Ausencia o Presencia/100mL)": "Ausencia", "E. Coli (Ausencia o Presencia/100mL)": "Ausencia", "Arsenico (mg/L)": "0", "Bario (mg/L)": "0", "Cadmio (mg/L)": "0", "Cobre (mg/L)": "0.3", "Hierro (mg/L)": "0.23", "Manganeso (mg/L)": "0.11", "Plomo (mg/L)": "0", "Zinc (mg/L)": "0.1", "Cianuros (mg/L)": "1", "Cloro Residual (mg/L)": "0.34", "Cloruros (mg/L)": "45804", "Dureza Total (mg/L)": "137.77", "Fluoruros (mg/L)": "0.7", "Nitratos (mg/L)": "0.2", "Nitritos (mg/L)": "2", "Ph": "7.14", "SDT (mg/L)": "344", "Sulfatos (mg/L)": "84", "Cloro Total (mg/L)": "0.09", "Conductividad (muS/cm)": "53.6", "Temperatura (°C)": "45891", "ID": "San Agustín Tlaxiaca_San Agustín Tlaxiaca_Toma Domociliaria (Red de Distribucion)" }, "geometry": { "type": "Point", "coordinates": [ -98.895776020802231, 20.11576464002605 ] } },
{ "type": "Feature", "properties": { "CVEGEO_LOC": "130520005", "AÑO": 2021.0, "NOM_MUN": "San Agustín Tlaxiaca", "NOM_LOC": "Chapultepec de Pozos", "Fuente de abastecimiento": "Pozo Chapultepec de Pozo", "Coliformes Totales (Ausencia o Presencia/100mL)": "Presencia", "E. Coli (Ausencia o Presencia/100mL)": "ND", "Arsenico (mg/L)": "0", "Bario (mg/L)": "0", "Cadmio (mg/L)": "0", "Cobre (mg/L)": "0.1", "Hierro (mg/L)": "0.02", "Manganeso (mg/L)": "0", "Plomo (mg/L)": "0", "Zinc (mg/L)": "0.05", "Cianuros (mg/L)": "0.002", "Cloro Residual (mg/L)": "0", "Cloruros (mg/L)": "86.1", "Dureza Total (mg/L)": "135.55", "Fluoruros (mg/L)": "0.7", "Nitratos (mg/L)": "0.1", "Nitritos (mg/L)": "0.001", "Ph": "7.8", "SDT (mg/L)": "239", "Sulfatos (mg/L)": "19", "Cloro Total (mg/L)": "0", "Conductividad (muS/cm)": "473", "Temperatura (°C)": "22.4", "ID": "San Agustín Tlaxiaca_Chapultepec de Pozos_Pozo Chapultepec de Pozo" }, "geometry": { "type": "Point", "coordinates": [ -99.013583486871539, 20.038120918767891 ] } },
{ "type": "Feature", "properties": { "CVEGEO_LOC": "130520005", "AÑO": 2019.0, "NOM_MUN": "San Agustín Tlaxiaca", "NOM_LOC": "Chapultepec de Pozos", "Fuente de abastecimiento": "Pozo Chapultepec de Pozos", "Coliformes Totales (Ausencia o Presencia/100mL)": "Presencia", "E. Coli (Ausencia o Presencia/100mL)": "Ausencia", "Arsenico (mg/L)": "0", "Bario (mg/L)": "0", "Cadmio (mg/L)": "0", "Cobre (mg/L)": "0", "Hierro (mg/L)": "0", "Manganeso (mg/L)": "0", "Plomo (mg/L)": "0", "Zinc (mg/L)": "0.1", "Cianuros (mg/L)": "0.001", "Cloro Residual (mg/L)": "0.1", "Cloruros (mg/L)": "26.5", "Dureza Total (mg/L)": "102.22", "Fluoruros (mg/L)": "0.7", "Nitratos (mg/L)": "0", "Nitritos (mg/L)": "0.001", "Ph": "7.53", "SDT (mg/L)": "137", "Sulfatos (mg/L)": "4.8", "Cloro Total (mg/L)": "0.05", "Conductividad (muS/cm)": "381", "Temperatura (°C)": "25", "ID": "San Agustín Tlaxiaca_Chapultepec de Pozos_Pozo Chapultepec de Pozos" }, "geometry": { "type": "Point", "coordinates": [ -99.018286548065561, 20.037769353485103 ] } },
{ "type": "Feature", "properties": { "CVEGEO_LOC": "130520008", "AÑO": 2021.0, "NOM_MUN": "San Agustín Tlaxiaca", "NOM_LOC": "Guadalupe Victoria [Colonia]", "Fuente de abastecimiento": "Pozo Temoaya", "Coliformes Totales (Ausencia o Presencia/100mL)": "Presencia", "E. Coli (Ausencia o Presencia/100mL)": "ND", "Arsenico (mg/L)": "0", "Bario (mg/L)": "0", "Cadmio (mg/L)": "0", "Cobre (mg/L)": "0.1", "Hierro (mg/L)": "0.04", "Manganeso (mg/L)": "0", "Plomo (mg/L)": "0", "Zinc (mg/L)": "0.05", "Cianuros (mg/L)": "0.002", "Cloro Residual (mg/L)": "0.15", "Cloruros (mg/L)": "102", "Dureza Total (mg/L)": "113.33", "Fluoruros (mg/L)": "0.7", "Nitratos (mg/L)": "1.1", "Nitritos (mg/L)": "0.001", "Ph": "7.06", "SDT (mg/L)": "186", "Sulfatos (mg/L)": "19", "Cloro Total (mg/L)": "0.8", "Conductividad (muS/cm)": "642", "Temperatura (°C)": "29.2", "ID": "San Agustín Tlaxiaca_Guadalupe Victoria [Colonia]_Pozo Temoaya" }, "geometry": { "type": "Point", "coordinates": [ -98.985803179914186, 20.098357256416691 ] } },
{ "type": "Feature", "properties": { "CVEGEO_LOC": "130520009", "AÑO": 2017.0, "NOM_MUN": "San Agustín Tlaxiaca", "NOM_LOC": "Ixcuinquitlapilco", "Fuente de abastecimiento": "Pozo Temoaya", "Coliformes Totales (Ausencia o Presencia/100mL)": "Ausencia", "E. Coli (Ausencia o Presencia/100mL)": "Ausencia", "Arsenico (mg/L)": "0", "Bario (mg/L)": "0", "Cadmio (mg/L)": null, "Cobre (mg/L)": "0", "Hierro (mg/L)": "0", "Manganeso (mg/L)": "0", "Plomo (mg/L)": "0", "Zinc (mg/L)": "0.02", "Cianuros (mg/L)": "0.003", "Cloro Residual (mg/L)": "0.28", "Cloruros (mg/L)": "127", "Dureza Total (mg/L)": "222.22", "Fluoruros (mg/L)": "0.8", "Nitratos (mg/L)": "0.1", "Nitritos (mg/L)": "0.003", "Ph": "7.01", "SDT (mg/L)": "765", "Sulfatos (mg/L)": "76", "Cloro Total (mg/L)": "0.29", "Conductividad (muS/cm)": "1637", "Temperatura (°C)": "20.4", "ID": "San Agustín Tlaxiaca_Ixcuinquitlapilco_Pozo Temoaya" }, "geometry": { "type": "Point", "coordinates": [ -98.933328274899424, 20.114851264491538 ] } },
{ "type": "Feature", "properties": { "CVEGEO_LOC": "130520009", "AÑO": 2014.0, "NOM_MUN": "San Agustín Tlaxiaca", "NOM_LOC": "Ixcuinquitlapilco", "Fuente de abastecimiento": "Pozo Temoaya", "Coliformes Totales (Ausencia o Presencia/100mL)": "Presencia", "E. Coli (Ausencia o Presencia/100mL)": "Presencia", "Arsenico (mg/L)": "0", "Bario (mg/L)": "0", "Cadmio (mg/L)": "ND", "Cobre (mg/L)": "0.2", "Hierro (mg/L)": "0.06", "Manganeso (mg/L)": "0", "Plomo (mg/L)": "0", "Zinc (mg/L)": "0.06", "Cianuros (mg/L)": "4", "Cloro Residual (mg/L)": "0.1", "Cloruros (mg/L)": "101", "Dureza Total (mg/L)": "136.66", "Fluoruros (mg/L)": "0.8", "Nitratos (mg/L)": "45717", "Nitritos (mg/L)": "2", "Ph": "7.69", "SDT (mg/L)": "241", "Sulfatos (mg/L)": "18", "Cloro Total (mg/L)": "0.07", "Conductividad (muS/cm)": "550", "Temperatura (°C)": "45745", "ID": "San Agustín Tlaxiaca_Ixcuinquitlapilco_Pozo Temoaya" }, "geometry": { "type": "Point", "coordinates": [ -98.933328274899424, 20.114851264491538 ] } },
{ "type": "Feature", "properties": { "CVEGEO_LOC": "130520009", "AÑO": 2019.0, "NOM_MUN": "San Agustín Tlaxiaca", "NOM_LOC": "Ixcuinquitlapilco", "Fuente de abastecimiento": "Pozo Tomoaya", "Coliformes Totales (Ausencia o Presencia/100mL)": "Presencia", "E. Coli (Ausencia o Presencia/100mL)": "Ausencia", "Arsenico (mg/L)": "0", "Bario (mg/L)": "0", "Cadmio (mg/L)": "0", "Cobre (mg/L)": "0.19", "Hierro (mg/L)": "0.3", "Manganeso (mg/L)": "0", "Plomo (mg/L)": "0", "Zinc (mg/L)": "0.02", "Cianuros (mg/L)": "0", "Cloro Residual (mg/L)": "0.09", "Cloruros (mg/L)": "19.5", "Dureza Total (mg/L)": "204.44", "Fluoruros (mg/L)": "0.54", "Nitratos (mg/L)": "3.4", "Nitritos (mg/L)": "0", "Ph": "6.54", "SDT (mg/L)": "121", "Sulfatos (mg/L)": "27", "Cloro Total (mg/L)": "0", "Conductividad (muS/cm)": "387", "Temperatura (°C)": "29.8", "ID": "San Agustín Tlaxiaca_Ixcuinquitlapilco_Pozo Tomoaya" }, "geometry": { "type": "Point", "coordinates": [ -98.936644271767932, 20.107041145003073 ] } },
{ "type": "Feature", "properties": { "CVEGEO_LOC": "130520009", "AÑO": 2012.0, "NOM_MUN": "San Agustín Tlaxiaca", "NOM_LOC": "Ixcuinquitlapilco", "Fuente de abastecimiento": "Tanque Cabecera Municipal", "Coliformes Totales (Ausencia o Presencia/100mL)": "Presencia", "E. Coli (Ausencia o Presencia/100mL)": "Presencia", "Arsenico (mg/L)": "0.01", "Bario (mg/L)": null, "Cadmio (mg/L)": null, "Cobre (mg/L)": "0.421", "Hierro (mg/L)": "0.085", "Manganeso (mg/L)": null, "Plomo (mg/L)": "0", "Zinc (mg/L)": "0.059", "Cianuros (mg/L)": "0.005", "Cloro Residual (mg/L)": "0", "Cloruros (mg/L)": "97.75", "Dureza Total (mg/L)": "157.7762", "Fluoruros (mg/L)": "0.79", "Nitratos (mg/L)": "1.6", "Nitritos (mg/L)": "0.0021", "Ph": "7.73", "SDT (mg/L)": "273", "Sulfatos (mg/L)": "10", "Cloro Total (mg/L)": "0.02", "Conductividad (muS/cm)": "546", "Temperatura (°C)": "29.1", "ID": "San Agustín Tlaxiaca_Ixcuinquitlapilco_Tanque Cabecera Municipal" }, "geometry": { "type": "Point", "coordinates": [ -98.943917078015232, 20.111315841498438 ] } },
{ "type": "Feature", "properties": { "CVEGEO_LOC": "130520013", "AÑO": 2014.0, "NOM_MUN": "San Agustín Tlaxiaca", "NOM_LOC": "San Juan Solís", "Fuente de abastecimiento": "Pozo La Vega", "Coliformes Totales (Ausencia o Presencia/100mL)": "Presencia", "E. Coli (Ausencia o Presencia/100mL)": "Presencia", "Arsenico (mg/L)": "0", "Bario (mg/L)": "0", "Cadmio (mg/L)": "ND", "Cobre (mg/L)": "0.2", "Hierro (mg/L)": "0.01", "Manganeso (mg/L)": "0", "Plomo (mg/L)": "0", "Zinc (mg/L)": "0.03", "Cianuros (mg/L)": "2", "Cloro Residual (mg/L)": "0", "Cloruros (mg/L)": "76.4", "Dureza Total (mg/L)": "167.77", "Fluoruros (mg/L)": "0.8", "Nitratos (mg/L)": "45839", "Nitritos (mg/L)": "3", "Ph": "7.66", "SDT (mg/L)": "236", "Sulfatos (mg/L)": "15", "Cloro Total (mg/L)": "0", "Conductividad (muS/cm)": "684", "Temperatura (°C)": "21", "ID": "San Agustín Tlaxiaca_San Juan Solís_Pozo La Vega" }, "geometry": { "type": "Point", "coordinates": [ -98.931164057509477, 20.152469949564306 ] } },
{ "type": "Feature", "properties": { "CVEGEO_LOC": "130520013", "AÑO": 2021.0, "NOM_MUN": "San Agustín Tlaxiaca", "NOM_LOC": "San Juan Solís", "Fuente de abastecimiento": "Pozo La Vega", "Coliformes Totales (Ausencia o Presencia/100mL)": "Presencia", "E. Coli (Ausencia o Presencia/100mL)": "ND", "Arsenico (mg/L)": "0", "Bario (mg/L)": "0", "Cadmio (mg/L)": "0", "Cobre (mg/L)": "0.3", "Hierro (mg/L)": "0.01", "Manganeso (mg/L)": "0", "Plomo (mg/L)": "0", "Zinc (mg/L)": "0.04", "Cianuros (mg/L)": "0.003", "Cloro Residual (mg/L)": "0.02", "Cloruros (mg/L)": "76.3", "Dureza Total (mg/L)": "106.66", "Fluoruros (mg/L)": "0.8", "Nitratos (mg/L)": "1.3", "Nitritos (mg/L)": "0.002", "Ph": "6.93", "SDT (mg/L)": "336", "Sulfatos (mg/L)": "21", "Cloro Total (mg/L)": "0.16", "Conductividad (muS/cm)": "862", "Temperatura (°C)": "30.02", "ID": "San Agustín Tlaxiaca_San Juan Solís_Pozo La Vega" }, "geometry": { "type": "Point", "coordinates": [ -98.931164057509477, 20.152469949564306 ] } },
{ "type": "Feature", "properties": { "CVEGEO_LOC": "130520013", "AÑO": 2017.0, "NOM_MUN": "San Agustín Tlaxiaca", "NOM_LOC": "San Juan Solís", "Fuente de abastecimiento": "Pozo La Vega", "Coliformes Totales (Ausencia o Presencia/100mL)": "ND", "E. Coli (Ausencia o Presencia/100mL)": "ND", "Arsenico (mg/L)": "0.001", "Bario (mg/L)": "1", "Cadmio (mg/L)": null, "Cobre (mg/L)": "1", "Hierro (mg/L)": "0", "Manganeso (mg/L)": "1", "Plomo (mg/L)": "1000", "Zinc (mg/L)": "0.01", "Cianuros (mg/L)": null, "Cloro Residual (mg/L)": null, "Cloruros (mg/L)": null, "Dureza Total (mg/L)": null, "Fluoruros (mg/L)": null, "Nitratos (mg/L)": null, "Nitritos (mg/L)": null, "Ph": null, "SDT (mg/L)": null, "Sulfatos (mg/L)": null, "Cloro Total (mg/L)": null, "Conductividad (muS/cm)": null, "Temperatura (°C)": null, "ID": "San Agustín Tlaxiaca_San Juan Solís_Pozo La Vega" }, "geometry": { "type": "Point", "coordinates": [ -98.931164057509477, 20.152469949564306 ] } },
{ "type": "Feature", "properties": { "CVEGEO_LOC": "130520013", "AÑO": 2019.0, "NOM_MUN": "San Agustín Tlaxiaca", "NOM_LOC": "San Juan Solís", "Fuente de abastecimiento": "Pozo San Juan Solis", "Coliformes Totales (Ausencia o Presencia/100mL)": "Presencia", "E. Coli (Ausencia o Presencia/100mL)": "Ausencia", "Arsenico (mg/L)": "0", "Bario (mg/L)": "0.01", "Cadmio (mg/L)": "0", "Cobre (mg/L)": "0", "Hierro (mg/L)": "0.01", "Manganeso (mg/L)": "0", "Plomo (mg/L)": "0", "Zinc (mg/L)": "0.03", "Cianuros (mg/L)": "0.002", "Cloro Residual (mg/L)": "0.02", "Cloruros (mg/L)": "77.7", "Dureza Total (mg/L)": "104.44", "Fluoruros (mg/L)": "0.7", "Nitratos (mg/L)": "1.3", "Nitritos (mg/L)": "0.002", "Ph": "6.86", "SDT (mg/L)": "240", "Sulfatos (mg/L)": "0", "Cloro Total (mg/L)": "0.06", "Conductividad (muS/cm)": "932", "Temperatura (°C)": "29.1", "ID": "San Agustín Tlaxiaca_San Juan Solís_Pozo San Juan Solis" }, "geometry": { "type": "Point", "coordinates": [ -98.928792184148733, 20.161247339878074 ] } },
{ "type": "Feature", "properties": { "CVEGEO_LOC": "130520015", "AÑO": 2021.0, "NOM_MUN": "San Agustín Tlaxiaca", "NOM_LOC": "San Francisco Tecajique", "Fuente de abastecimiento": "Pozo San Francisco Tecajite", "Coliformes Totales (Ausencia o Presencia/100mL)": "ND", "E. Coli (Ausencia o Presencia/100mL)": "ND", "Arsenico (mg/L)": "0", "Bario (mg/L)": "0", "Cadmio (mg/L)": "0", "Cobre (mg/L)": "0.1", "Hierro (mg/L)": "0.01", "Manganeso (mg/L)": "0", "Plomo (mg/L)": "0", "Zinc (mg/L)": "0.06", "Cianuros (mg/L)": "0.002", "Cloro Residual (mg/L)": "0.2", "Cloruros (mg/L)": "56.1", "Dureza Total (mg/L)": "144.44", "Fluoruros (mg/L)": "0.4", "Nitratos (mg/L)": "0.1", "Nitritos (mg/L)": "0.002", "Ph": "7.09", "SDT (mg/L)": "129", "Sulfatos (mg/L)": "86", "Cloro Total (mg/L)": "0.2", "Conductividad (muS/cm)": "642", "Temperatura (°C)": "28.4", "ID": "San Agustín Tlaxiaca_San Francisco Tecajique_Pozo San Francisco Tecajite" }, "geometry": { "type": "Point", "coordinates": [ -98.955395656854733, 20.1647753509232 ] } },
{ "type": "Feature", "properties": { "CVEGEO_LOC": "1305200440038800", "AÑO": 2019.0, "NOM_MUN": "San Agustín Tlaxiaca", "NOM_LOC": "El Tepozán", "Fuente de abastecimiento": "Carcamo de las Manzanas", "Coliformes Totales (Ausencia o Presencia/100mL)": "Ausencia", "E. Coli (Ausencia o Presencia/100mL)": "Ausencia", "Arsenico (mg/L)": "0", "Bario (mg/L)": "0.1", "Cadmio (mg/L)": "0", "Cobre (mg/L)": "0.3", "Hierro (mg/L)": "0.25", "Manganeso (mg/L)": "0.13", "Plomo (mg/L)": "0", "Zinc (mg/L)": "0.7", "Cianuros (mg/L)": "0.003", "Cloro Residual (mg/L)": "0.5", "Cloruros (mg/L)": "36.8", "Dureza Total (mg/L)": "157.77", "Fluoruros (mg/L)": "0.7", "Nitratos (mg/L)": "0.3", "Nitritos (mg/L)": "0.008", "Ph": "7.17", "SDT (mg/L)": "351", "Sulfatos (mg/L)": "80", "Cloro Total (mg/L)": "0.38", "Conductividad (muS/cm)": "517", "Temperatura (°C)": "25.5", "ID": "San Agustín Tlaxiaca_El Tepozán_Carcamo de las Manzanas" }, "geometry": { "type": "Point", "coordinates": [ -98.891019923882027, 20.064157370534403 ] } },
{ "type": "Feature", "properties": { "CVEGEO_LOC": "130520052", "AÑO": 2021.0, "NOM_MUN": "San Agustín Tlaxiaca", "NOM_LOC": "Nueva Tlaxiaca", "Fuente de abastecimiento": "Pozo Nueva Tlaxiaca", "Coliformes Totales (Ausencia o Presencia/100mL)": "Presencia", "E. Coli (Ausencia o Presencia/100mL)": "ND", "Arsenico (mg/L)": "0", "Bario (mg/L)": "0", "Cadmio (mg/L)": "0", "Cobre (mg/L)": "0.3", "Hierro (mg/L)": "0.01", "Manganeso (mg/L)": "0", "Plomo (mg/L)": "0", "Zinc (mg/L)": "0.03", "Cianuros (mg/L)": "0.002", "Cloro Residual (mg/L)": "0", "Cloruros (mg/L)": "74.1", "Dureza Total (mg/L)": "122.22", "Fluoruros (mg/L)": "0.9", "Nitratos (mg/L)": "1.8", "Nitritos (mg/L)": "0.002", "Ph": "6.81", "SDT (mg/L)": "239", "Sulfatos (mg/L)": "19", "Cloro Total (mg/L)": "0.02", "Conductividad (muS/cm)": "458", "Temperatura (°C)": "27.8", "ID": "San Agustín Tlaxiaca_Nueva Tlaxiaca_Pozo Nueva Tlaxiaca" }, "geometry": { "type": "Point", "coordinates": [ -98.853325039551066, 20.025524406829373 ] } },
{ "type": "Feature", "properties": { "CVEGEO_LOC": "130520052", "AÑO": 2017.0, "NOM_MUN": "San Agustín Tlaxiaca", "NOM_LOC": "Nueva Tlaxiaca", "Fuente de abastecimiento": "Pozo Nueva Tlaxiaca", "Coliformes Totales (Ausencia o Presencia/100mL)": "Presencia", "E. Coli (Ausencia o Presencia/100mL)": "Ausencia", "Arsenico (mg/L)": "0", "Bario (mg/L)": "0", "Cadmio (mg/L)": null, "Cobre (mg/L)": "0", "Hierro (mg/L)": "0", "Manganeso (mg/L)": "0", "Plomo (mg/L)": "0", "Zinc (mg/L)": "0.01", "Cianuros (mg/L)": "0.002", "Cloro Residual (mg/L)": "0", "Cloruros (mg/L)": "45.7", "Dureza Total (mg/L)": "25.66", "Fluoruros (mg/L)": "0.6", "Nitratos (mg/L)": "0.1", "Nitritos (mg/L)": "0.001", "Ph": "7.31", "SDT (mg/L)": "932", "Sulfatos (mg/L)": "80", "Cloro Total (mg/L)": "0", "Conductividad (muS/cm)": "1016", "Temperatura (°C)": "26.7", "ID": "San Agustín Tlaxiaca_Nueva Tlaxiaca_Pozo Nueva Tlaxiaca" }, "geometry": { "type": "Point", "coordinates": [ -98.853325039551066, 20.025524406829373 ] } },
{ "type": "Feature", "properties": { "CVEGEO_LOC": "130520052", "AÑO": 2019.0, "NOM_MUN": "San Agustín Tlaxiaca", "NOM_LOC": "Nueva Tlaxiaca", "Fuente de abastecimiento": "Pozo Nueva Tlaxiaca", "Coliformes Totales (Ausencia o Presencia/100mL)": "Presencia", "E. Coli (Ausencia o Presencia/100mL)": "Ausencia", "Arsenico (mg/L)": "0.01", "Bario (mg/L)": "0", "Cadmio (mg/L)": "0", "Cobre (mg/L)": "0.3", "Hierro (mg/L)": "0.01", "Manganeso (mg/L)": "0.01", "Plomo (mg/L)": "0", "Zinc (mg/L)": "0.03", "Cianuros (mg/L)": "0.004", "Cloro Residual (mg/L)": "0.05", "Cloruros (mg/L)": "70.1", "Dureza Total (mg/L)": "71.11", "Fluoruros (mg/L)": "0.9", "Nitratos (mg/L)": "1.7", "Nitritos (mg/L)": "0.004", "Ph": "7.09", "SDT (mg/L)": "136", "Sulfatos (mg/L)": "16", "Cloro Total (mg/L)": "0", "Conductividad (muS/cm)": "340", "Temperatura (°C)": "24", "ID": "San Agustín Tlaxiaca_Nueva Tlaxiaca_Pozo Nueva Tlaxiaca" }, "geometry": { "type": "Point", "coordinates": [ -98.853325039551066, 20.025524406829373 ] } },
{ "type": "Feature", "properties": { "CVEGEO_LOC": "1305200650038800", "AÑO": 2019.0, "NOM_MUN": "San Agustín Tlaxiaca", "NOM_LOC": "Casa Grande [Barrio]", "Fuente de abastecimiento": "Toma Domiciliaria (calle Justo Sierra)", "Coliformes Totales (Ausencia o Presencia/100mL)": "Ausencia", "E. Coli (Ausencia o Presencia/100mL)": "Ausencia", "Arsenico (mg/L)": "0", "Bario (mg/L)": "0.1", "Cadmio (mg/L)": "0", "Cobre (mg/L)": "0.1", "Hierro (mg/L)": "0.19", "Manganeso (mg/L)": "0.12", "Plomo (mg/L)": "0", "Zinc (mg/L)": "0.2", "Cianuros (mg/L)": "2", "Cloro Residual (mg/L)": "0.25", "Cloruros (mg/L)": "45743", "Dureza Total (mg/L)": "155.55", "Fluoruros (mg/L)": "0.9", "Nitratos (mg/L)": "0.2", "Nitritos (mg/L)": "2.00E-04", "Ph": "7.23", "SDT (mg/L)": "279", "Sulfatos (mg/L)": "84", "Cloro Total (mg/L)": "0.16", "Conductividad (muS/cm)": "551", "Temperatura (°C)": "25", "ID": "San Agustín Tlaxiaca_Casa Grande [Barrio]_Toma Domiciliaria (calle Justo Sierra)" }, "geometry": { "type": "Point", "coordinates": [ -98.892944877082982, 20.101126308414727 ] } },
{ "type": "Feature", "properties": { "CVEGEO_LOC": "1305200650038800", "AÑO": 2019.0, "NOM_MUN": "San Agustín Tlaxiaca", "NOM_LOC": "Casa Grande [Barrio]", "Fuente de abastecimiento": "Toma Domiciliaria (calle Nicolas Bravo)", "Coliformes Totales (Ausencia o Presencia/100mL)": "Ausencia", "E. Coli (Ausencia o Presencia/100mL)": "Ausencia", "Arsenico (mg/L)": "0", "Bario (mg/L)": "0", "Cadmio (mg/L)": "0", "Cobre (mg/L)": "0.1", "Hierro (mg/L)": "0.13", "Manganeso (mg/L)": "0.11", "Plomo (mg/L)": "0", "Zinc (mg/L)": "0.2", "Cianuros (mg/L)": "1", "Cloro Residual (mg/L)": "0.28", "Cloruros (mg/L)": "45926", "Dureza Total (mg/L)": "131.1", "Fluoruros (mg/L)": "0.7", "Nitratos (mg/L)": "0", "Nitritos (mg/L)": "1", "Ph": "7.18", "SDT (mg/L)": "361", "Sulfatos (mg/L)": "80", "Cloro Total (mg/L)": "0.18", "Conductividad (muS/cm)": "509", "Temperatura (°C)": "25", "ID": "San Agustín Tlaxiaca_Casa Grande [Barrio]_Toma Domiciliaria (calle Nicolas Bravo)" }, "geometry": { "type": "Point", "coordinates": [ -98.892944566743097, 20.101578136788742 ] } },
{ "type": "Feature", "properties": { "CVEGEO_LOC": "1305200820019800", "AÑO": 2021.0, "NOM_MUN": "San Agustín Tlaxiaca", "NOM_LOC": "Los Garambullos", "Fuente de abastecimiento": "Pozo Los Garambullos", "Coliformes Totales (Ausencia o Presencia/100mL)": "Presencia", "E. Coli (Ausencia o Presencia/100mL)": "ND", "Arsenico (mg/L)": "0", "Bario (mg/L)": "0", "Cadmio (mg/L)": "0", "Cobre (mg/L)": "0.2", "Hierro (mg/L)": "0.03", "Manganeso (mg/L)": "0", "Plomo (mg/L)": "0", "Zinc (mg/L)": "0.05", "Cianuros (mg/L)": "0.003", "Cloro Residual (mg/L)": "0.11", "Cloruros (mg/L)": "76.1", "Dureza Total (mg/L)": "157.77", "Fluoruros (mg/L)": "0.5", "Nitratos (mg/L)": "0.1", "Nitritos (mg/L)": "0", "Ph": "6.83", "SDT (mg/L)": "307", "Sulfatos (mg/L)": "80", "Cloro Total (mg/L)": "0", "Conductividad (muS/cm)": "981", "Temperatura (°C)": "31", "ID": "San Agustín Tlaxiaca_Los Garambullos_Pozo Los Garambullos" }, "geometry": { "type": "Point", "coordinates": [ -98.928294756367592, 20.136555654091417 ] } },
{ "type": "Feature", "properties": { "CVEGEO_LOC": "130530001", "AÑO": 2013.0, "NOM_MUN": "San Bartolo Tutotepec", "NOM_LOC": "San Bartolo Tutotepec", "Fuente de abastecimiento": "Manantial \"La Gruta\"", "Coliformes Totales (Ausencia o Presencia/100mL)": "Presencia", "E. Coli (Ausencia o Presencia/100mL)": "Presencia", "Arsenico (mg/L)": "0", "Bario (mg/L)": "0", "Cadmio (mg/L)": null, "Cobre (mg/L)": "0.21", "Hierro (mg/L)": "0.01", "Manganeso (mg/L)": "0", "Plomo (mg/L)": "0", "Zinc (mg/L)": "0.07", "Cianuros (mg/L)": "0.001", "Cloro Residual (mg/L)": "0", "Cloruros (mg/L)": "60.3", "Dureza Total (mg/L)": "145.55", "Fluoruros (mg/L)": "0.3", "Nitratos (mg/L)": "0.6", "Nitritos (mg/L)": "0.006", "Ph": "7.3", "SDT (mg/L)": "140.1", "Sulfatos (mg/L)": "10", "Cloro Total (mg/L)": "0", "Conductividad (muS/cm)": "275.3", "Temperatura (°C)": "19.6", "ID": "San Bartolo Tutotepec_San Bartolo Tutotepec_Manantial \"La Gruta\"" }, "geometry": { "type": "Point", "coordinates": [ -98.20115520803094, 20.399256737725512 ] } },
{ "type": "Feature", "properties": { "CVEGEO_LOC": "130530001", "AÑO": 2015.0, "NOM_MUN": "San Bartolo Tutotepec", "NOM_LOC": "San Bartolo Tutotepec", "Fuente de abastecimiento": "Manantial La Gruta", "Coliformes Totales (Ausencia o Presencia/100mL)": "Presencia", "E. Coli (Ausencia o Presencia/100mL)": "Presencia", "Arsenico (mg/L)": "0", "Bario (mg/L)": "0", "Cadmio (mg/L)": null, "Cobre (mg/L)": "0.21", "Hierro (mg/L)": "0.01", "Manganeso (mg/L)": "0", "Plomo (mg/L)": "0", "Zinc (mg/L)": "0.07", "Cianuros (mg/L)": "0.001", "Cloro Residual (mg/L)": "0", "Cloruros (mg/L)": "60.3", "Dureza Total (mg/L)": "145.55", "Fluoruros (mg/L)": "0.3", "Nitratos (mg/L)": "0.6", "Nitritos (mg/L)": "0.006", "Ph": "7.3", "SDT (mg/L)": "140.1", "Sulfatos (mg/L)": "10", "Cloro Total (mg/L)": "0", "Conductividad (muS/cm)": "275.3", "Temperatura (°C)": "19.6", "ID": "San Bartolo Tutotepec_San Bartolo Tutotepec_Manantial La Gruta" }, "geometry": { "type": "Point", "coordinates": [ -98.199058995408336, 20.397488453092215 ] } },
{ "type": "Feature", "properties": { "CVEGEO_LOC": "130530001", "AÑO": 2016.0, "NOM_MUN": "San Bartolo Tutotepec", "NOM_LOC": "San Bartolo Tutotepec", "Fuente de abastecimiento": "Manantial Los Reyes", "Coliformes Totales (Ausencia o Presencia/100mL)": "Presencia", "E. Coli (Ausencia o Presencia/100mL)": "Ausencia", "Arsenico (mg/L)": "0", "Bario (mg/L)": "0", "Cadmio (mg/L)": "ND", "Cobre (mg/L)": "0.1", "Hierro (mg/L)": "0", "Manganeso (mg/L)": "0", "Plomo (mg/L)": "0", "Zinc (mg/L)": "0.03", "Cianuros (mg/L)": "4", "Cloro Residual (mg/L)": "0.01", "Cloruros (mg/L)": "45663", "Dureza Total (mg/L)": "188.82", "Fluoruros (mg/L)": "0.07", "Nitratos (mg/L)": "0.3", "Nitritos (mg/L)": "2", "Ph": "45784", "SDT (mg/L)": "200.01", "Sulfatos (mg/L)": "45756", "Cloro Total (mg/L)": "0.02", "Conductividad (muS/cm)": "336", "Temperatura (°C)": "23", "ID": "San Bartolo Tutotepec_San Bartolo Tutotepec_Manantial Los Reyes" }, "geometry": { "type": "Point", "coordinates": [ -98.201653559360039, 20.396250560815812 ] } },
{ "type": "Feature", "properties": { "CVEGEO_LOC": "130530001", "AÑO": 2014.0, "NOM_MUN": "San Bartolo Tutotepec", "NOM_LOC": "San Bartolo Tutotepec", "Fuente de abastecimiento": "Manantial Los Reyes", "Coliformes Totales (Ausencia o Presencia/100mL)": "Presencia", "E. Coli (Ausencia o Presencia/100mL)": "Ausencia", "Arsenico (mg/L)": "0", "Bario (mg/L)": "0", "Cadmio (mg/L)": null, "Cobre (mg/L)": "0.14", "Hierro (mg/L)": "0", "Manganeso (mg/L)": "0.1", "Plomo (mg/L)": "0", "Zinc (mg/L)": "0.04", "Cianuros (mg/L)": "0.006", "Cloro Residual (mg/L)": "0.05", "Cloruros (mg/L)": "4.2", "Dureza Total (mg/L)": "177.77", "Fluoruros (mg/L)": "0.09", "Nitratos (mg/L)": "0.8", "Nitritos (mg/L)": "0.003", "Ph": "7.06", "SDT (mg/L)": "211", "Sulfatos (mg/L)": "9", "Cloro Total (mg/L)": "0.02", "Conductividad (muS/cm)": "211", "Temperatura (°C)": "22.1", "ID": "San Bartolo Tutotepec_San Bartolo Tutotepec_Manantial Los Reyes" }, "geometry": { "type": "Point", "coordinates": [ -98.201653559360039, 20.396250560815812 ] } },
{ "type": "Feature", "properties": { "CVEGEO_LOC": "130530001", "AÑO": 2015.0, "NOM_MUN": "San Bartolo Tutotepec", "NOM_LOC": "San Bartolo Tutotepec", "Fuente de abastecimiento": "Pozo 1 Cobaeh", "Coliformes Totales (Ausencia o Presencia/100mL)": "Presencia", "E. Coli (Ausencia o Presencia/100mL)": "Ausencia", "Arsenico (mg/L)": "0", "Bario (mg/L)": "0", "Cadmio (mg/L)": null, "Cobre (mg/L)": "0.2", "Hierro (mg/L)": "0.01", "Manganeso (mg/L)": "0", "Plomo (mg/L)": "0", "Zinc (mg/L)": "0.06", "Cianuros (mg/L)": "0.001", "Cloro Residual (mg/L)": "0", "Cloruros (mg/L)": "55", "Dureza Total (mg/L)": "136.66", "Fluoruros (mg/L)": "0.2", "Nitratos (mg/L)": "0.4", "Nitritos (mg/L)": "0.003", "Ph": "7.2", "SDT (mg/L)": "134", "Sulfatos (mg/L)": "20", "Cloro Total (mg/L)": "0", "Conductividad (muS/cm)": "253", "Temperatura (°C)": "20.1", "ID": "San Bartolo Tutotepec_San Bartolo Tutotepec_Pozo 1 Cobaeh" }, "geometry": { "type": "Point", "coordinates": [ -98.202364738550074, 20.395607401925261 ] } },
{ "type": "Feature", "properties": { "CVEGEO_LOC": "130530001", "AÑO": 2013.0, "NOM_MUN": "San Bartolo Tutotepec", "NOM_LOC": "San Bartolo Tutotepec", "Fuente de abastecimiento": "Pozo 1 Cobaeh", "Coliformes Totales (Ausencia o Presencia/100mL)": "Presencia", "E. Coli (Ausencia o Presencia/100mL)": "Ausencia", "Arsenico (mg/L)": "0", "Bario (mg/L)": "0", "Cadmio (mg/L)": null, "Cobre (mg/L)": "0.2", "Hierro (mg/L)": "0.01", "Manganeso (mg/L)": "0", "Plomo (mg/L)": "0", "Zinc (mg/L)": "0.06", "Cianuros (mg/L)": "0.001", "Cloro Residual (mg/L)": "0", "Cloruros (mg/L)": "55", "Dureza Total (mg/L)": "136.66", "Fluoruros (mg/L)": "0.2", "Nitratos (mg/L)": "0.4", "Nitritos (mg/L)": "0.003", "Ph": "7.2", "SDT (mg/L)": "134", "Sulfatos (mg/L)": "20", "Cloro Total (mg/L)": "0", "Conductividad (muS/cm)": "253", "Temperatura (°C)": "20.1", "ID": "San Bartolo Tutotepec_San Bartolo Tutotepec_Pozo 1 Cobaeh" }, "geometry": { "type": "Point", "coordinates": [ -98.202364738550074, 20.395607401925261 ] } },
{ "type": "Feature", "properties": { "CVEGEO_LOC": "130530001", "AÑO": 2012.0, "NOM_MUN": "San Bartolo Tutotepec", "NOM_LOC": "San Bartolo Tutotepec", "Fuente de abastecimiento": "Pozo San Salvador", "Coliformes Totales (Ausencia o Presencia/100mL)": "Presencia", "E. Coli (Ausencia o Presencia/100mL)": "Presencia", "Arsenico (mg/L)": "0", "Bario (mg/L)": null, "Cadmio (mg/L)": null, "Cobre (mg/L)": "0.265", "Hierro (mg/L)": "0.058", "Manganeso (mg/L)": null, "Plomo (mg/L)": "0", "Zinc (mg/L)": "0.046", "Cianuros (mg/L)": "0.002", "Cloro Residual (mg/L)": "0", "Cloruros (mg/L)": "46", "Dureza Total (mg/L)": "248.8864", "Fluoruros (mg/L)": "0.1", "Nitratos (mg/L)": "0.1", "Nitritos (mg/L)": "0.0054", "Ph": "7.45", "SDT (mg/L)": "221", "Sulfatos (mg/L)": "2.5", "Cloro Total (mg/L)": "0", "Conductividad (muS/cm)": "446", "Temperatura (°C)": "22.8", "ID": "San Bartolo Tutotepec_San Bartolo Tutotepec_Pozo San Salvador" }, "geometry": { "type": "Point", "coordinates": [ -98.204286220483112, 20.39465244700768 ] } },
{ "type": "Feature", "properties": { "CVEGEO_LOC": "130530001", "AÑO": 2012.0, "NOM_MUN": "San Bartolo Tutotepec", "NOM_LOC": "San Bartolo Tutotepec", "Fuente de abastecimiento": "Pozo Santa María", "Coliformes Totales (Ausencia o Presencia/100mL)": "Presencia", "E. Coli (Ausencia o Presencia/100mL)": "Presencia", "Arsenico (mg/L)": "0", "Bario (mg/L)": null, "Cadmio (mg/L)": null, "Cobre (mg/L)": "0.493", "Hierro (mg/L)": "0.111", "Manganeso (mg/L)": null, "Plomo (mg/L)": "0", "Zinc (mg/L)": "0.084", "Cianuros (mg/L)": "0.002", "Cloro Residual (mg/L)": "0", "Cloruros (mg/L)": "54.5", "Dureza Total (mg/L)": "142.2208", "Fluoruros (mg/L)": "0.2", "Nitratos (mg/L)": "0.9", "Nitritos (mg/L)": "0.0073", "Ph": "7.42", "SDT (mg/L)": "137.8", "Sulfatos (mg/L)": "5", "Cloro Total (mg/L)": "0", "Conductividad (muS/cm)": "280", "Temperatura (°C)": "19.5", "ID": "San Bartolo Tutotepec_San Bartolo Tutotepec_Pozo Santa María" }, "geometry": { "type": "Point", "coordinates": [ -98.20535364092153, 20.395815868486061 ] } },
{ "type": "Feature", "properties": { "CVEGEO_LOC": "130530001", "AÑO": 2016.0, "NOM_MUN": "San Bartolo Tutotepec", "NOM_LOC": "San Bartolo Tutotepec", "Fuente de abastecimiento": "Tanque Cabecera Municipal", "Coliformes Totales (Ausencia o Presencia/100mL)": "Presencia", "E. Coli (Ausencia o Presencia/100mL)": "Ausencia", "Arsenico (mg/L)": "0", "Bario (mg/L)": "0", "Cadmio (mg/L)": "ND", "Cobre (mg/L)": "0.2", "Hierro (mg/L)": "0", "Manganeso (mg/L)": "0", "Plomo (mg/L)": "0", "Zinc (mg/L)": "0", "Cianuros (mg/L)": "2", "Cloro Residual (mg/L)": "0", "Cloruros (mg/L)": "45841", "Dureza Total (mg/L)": "219.98", "Fluoruros (mg/L)": "0.02", "Nitratos (mg/L)": "0.3", "Nitritos (mg/L)": "3", "Ph": "7.65", "SDT (mg/L)": "74.6", "Sulfatos (mg/L)": "45665", "Cloro Total (mg/L)": "0.01", "Conductividad (muS/cm)": "257", "Temperatura (°C)": "45800", "ID": "San Bartolo Tutotepec_San Bartolo Tutotepec_Tanque Cabecera Municipal" }, "geometry": { "type": "Point", "coordinates": [ -98.204461089364642, 20.398735118908441 ] } },
{ "type": "Feature", "properties": { "CVEGEO_LOC": "130530001", "AÑO": 2014.0, "NOM_MUN": "San Bartolo Tutotepec", "NOM_LOC": "San Bartolo Tutotepec", "Fuente de abastecimiento": "Tanque Centro", "Coliformes Totales (Ausencia o Presencia/100mL)": "Presencia", "E. Coli (Ausencia o Presencia/100mL)": "Ausencia", "Arsenico (mg/L)": "0", "Bario (mg/L)": "0", "Cadmio (mg/L)": null, "Cobre (mg/L)": "0.13", "Hierro (mg/L)": "0.17", "Manganeso (mg/L)": "0.13", "Plomo (mg/L)": "0", "Zinc (mg/L)": "0.05", "Cianuros (mg/L)": "0.009", "Cloro Residual (mg/L)": "0.18", "Cloruros (mg/L)": "1.7", "Dureza Total (mg/L)": "122.22", "Fluoruros (mg/L)": "0", "Nitratos (mg/L)": "1.4", "Nitritos (mg/L)": "0.008", "Ph": "6.95", "SDT (mg/L)": "154.7", "Sulfatos (mg/L)": "12", "Cloro Total (mg/L)": "0.24", "Conductividad (muS/cm)": "150.3", "Temperatura (°C)": "21.1", "ID": "San Bartolo Tutotepec_San Bartolo Tutotepec_Tanque Centro" }, "geometry": { "type": "Point", "coordinates": [ -98.203430176521294, 20.400620329454405 ] } },
{ "type": "Feature", "properties": { "CVEGEO_LOC": "130540001", "AÑO": 2016.0, "NOM_MUN": "San Salvador", "NOM_LOC": "San Salvador", "Fuente de abastecimiento": "Después de la Cloración", "Coliformes Totales (Ausencia o Presencia/100mL)": "Ausencia", "E. Coli (Ausencia o Presencia/100mL)": "Ausencia", "Arsenico (mg/L)": "0", "Bario (mg/L)": "0", "Cadmio (mg/L)": null, "Cobre (mg/L)": "0.05", "Hierro (mg/L)": "0.04", "Manganeso (mg/L)": "0", "Plomo (mg/L)": "0", "Zinc (mg/L)": "0.03", "Cianuros (mg/L)": "0.002", "Cloro Residual (mg/L)": "1.6", "Cloruros (mg/L)": "163.6", "Dureza Total (mg/L)": "413.32", "Fluoruros (mg/L)": "0.72", "Nitratos (mg/L)": "6.2", "Nitritos (mg/L)": "0.003", "Ph": "7.6", "SDT (mg/L)": "736", "Sulfatos (mg/L)": "98", "Cloro Total (mg/L)": "1.2", "Conductividad (muS/cm)": "1507", "Temperatura (°C)": "22.4", "ID": "San Salvador_San Salvador_Después de la Cloración" }, "geometry": { "type": "Point", "coordinates": [ -99.012126790943455, 20.286887656623463 ] } },
{ "type": "Feature", "properties": { "CVEGEO_LOC": "130540001", "AÑO": 2014.0, "NOM_MUN": "San Salvador", "NOM_LOC": "San Salvador", "Fuente de abastecimiento": "Pozo", "Coliformes Totales (Ausencia o Presencia/100mL)": "Presencia", "E. Coli (Ausencia o Presencia/100mL)": "Ausencia", "Arsenico (mg/L)": "0", "Bario (mg/L)": "0", "Cadmio (mg/L)": null, "Cobre (mg/L)": "0.24", "Hierro (mg/L)": "0.01", "Manganeso (mg/L)": "0", "Plomo (mg/L)": "0", "Zinc (mg/L)": "0.03", "Cianuros (mg/L)": "0.005", "Cloro Residual (mg/L)": "0.01", "Cloruros (mg/L)": "39.2", "Dureza Total (mg/L)": "236.66", "Fluoruros (mg/L)": "0", "Nitratos (mg/L)": "1", "Nitritos (mg/L)": "0.003", "Ph": "7.8", "SDT (mg/L)": "693", "Sulfatos (mg/L)": "97", "Cloro Total (mg/L)": "0.01", "Conductividad (muS/cm)": "1399", "Temperatura (°C)": "26.1", "ID": "San Salvador_San Salvador_Pozo" }, "geometry": { "type": "Point", "coordinates": [ -99.014382227602738, 20.283305044305784 ] } },
{ "type": "Feature", "properties": { "CVEGEO_LOC": "130540001", "AÑO": 2013.0, "NOM_MUN": "San Salvador", "NOM_LOC": "San Salvador", "Fuente de abastecimiento": "Pozo El Pozito", "Coliformes Totales (Ausencia o Presencia/100mL)": "Presencia", "E. Coli (Ausencia o Presencia/100mL)": "Ausencia", "Arsenico (mg/L)": "0", "Bario (mg/L)": "0", "Cadmio (mg/L)": null, "Cobre (mg/L)": "0.1", "Hierro (mg/L)": "0.04", "Manganeso (mg/L)": "0", "Plomo (mg/L)": "0", "Zinc (mg/L)": "0.05", "Cianuros (mg/L)": "0.005", "Cloro Residual (mg/L)": "0", "Cloruros (mg/L)": "205", "Dureza Total (mg/L)": "289.98", "Fluoruros (mg/L)": "0", "Nitratos (mg/L)": "0.5", "Nitritos (mg/L)": "0", "Ph": "8.09", "SDT (mg/L)": "658", "Sulfatos (mg/L)": "200", "Cloro Total (mg/L)": "0", "Conductividad (muS/cm)": "780", "Temperatura (°C)": "18.3", "ID": "San Salvador_San Salvador_Pozo El Pozito" }, "geometry": { "type": "Point", "coordinates": [ -99.018012372357802, 20.281293217369857 ] } },
{ "type": "Feature", "properties": { "CVEGEO_LOC": "130540001", "AÑO": 2012.0, "NOM_MUN": "San Salvador", "NOM_LOC": "San Salvador", "Fuente de abastecimiento": "Pozo H. del Bosque", "Coliformes Totales (Ausencia o Presencia/100mL)": "Presencia", "E. Coli (Ausencia o Presencia/100mL)": "Ausencia", "Arsenico (mg/L)": "0", "Bario (mg/L)": null, "Cadmio (mg/L)": null, "Cobre (mg/L)": "0.105", "Hierro (mg/L)": "0.05", "Manganeso (mg/L)": "0.1", "Plomo (mg/L)": "0", "Zinc (mg/L)": "0.02", "Cianuros (mg/L)": "0.011", "Cloro Residual (mg/L)": "0.03", "Cloruros (mg/L)": "352", "Dureza Total (mg/L)": "431.1068", "Fluoruros (mg/L)": "0.2", "Nitratos (mg/L)": "2.8", "Nitritos (mg/L)": "6e-04", "Ph": "7.3", "SDT (mg/L)": "930", "Sulfatos (mg/L)": "220", "Cloro Total (mg/L)": "0.03", "Conductividad (muS/cm)": "1478", "Temperatura (°C)": "23.9", "ID": "San Salvador_San Salvador_Pozo H. del Bosque" }, "geometry": { "type": "Point", "coordinates": [ -99.01893414570921, 20.284764228183604 ] } },
{ "type": "Feature", "properties": { "CVEGEO_LOC": "130540001", "AÑO": 2016.0, "NOM_MUN": "San Salvador", "NOM_LOC": "San Salvador", "Fuente de abastecimiento": "Pozo Palacios (Después de la Cloración)", "Coliformes Totales (Ausencia o Presencia/100mL)": "Ausencia", "E. Coli (Ausencia o Presencia/100mL)": "Ausencia", "Arsenico (mg/L)": "0", "Bario (mg/L)": "0", "Cadmio (mg/L)": "ND", "Cobre (mg/L)": "0.05", "Hierro (mg/L)": "0.04", "Manganeso (mg/L)": "0", "Plomo (mg/L)": "0", "Zinc (mg/L)": "0.03", "Cianuros (mg/L)": "2", "Cloro Residual (mg/L)": "45809", "Cloruros (mg/L)": "163.6", "Dureza Total (mg/L)": "413.32", "Fluoruros (mg/L)": "0.72", "Nitratos (mg/L)": "45694", "Nitritos (mg/L)": "3", "Ph": "45815", "SDT (mg/L)": "736", "Sulfatos (mg/L)": "98", "Cloro Total (mg/L)": "45689", "Conductividad (muS/cm)": "1507", "Temperatura (°C)": "45769", "ID": "San Salvador_San Salvador_Pozo Palacios (Después de la Cloración)" }, "geometry": { "type": "Point", "coordinates": [ -99.018235606054532, 20.287662627666343 ] } },
{ "type": "Feature", "properties": { "CVEGEO_LOC": "130540001", "AÑO": 2016.0, "NOM_MUN": "San Salvador", "NOM_LOC": "San Salvador", "Fuente de abastecimiento": "Pozo San Salvador", "Coliformes Totales (Ausencia o Presencia/100mL)": "Presencia", "E. Coli (Ausencia o Presencia/100mL)": "Ausencia", "Arsenico (mg/L)": "0", "Bario (mg/L)": "0", "Cadmio (mg/L)": "ND", "Cobre (mg/L)": "0.02", "Hierro (mg/L)": "0.05", "Manganeso (mg/L)": "0", "Plomo (mg/L)": "0", "Zinc (mg/L)": "0.13", "Cianuros (mg/L)": "3", "Cloro Residual (mg/L)": "0.24", "Cloruros (mg/L)": "137.6", "Dureza Total (mg/L)": "355.55", "Fluoruros (mg/L)": "0.49", "Nitratos (mg/L)": "45842", "Nitritos (mg/L)": "6", "Ph": "7.35", "SDT (mg/L)": "755", "Sulfatos (mg/L)": "92", "Cloro Total (mg/L)": "0.06", "Conductividad (muS/cm)": "1428", "Temperatura (°C)": "45832", "ID": "San Salvador_San Salvador_Pozo San Salvador" }, "geometry": { "type": "Point", "coordinates": [ -99.014644492412913, 20.287975251817187 ] } },
{ "type": "Feature", "properties": { "CVEGEO_LOC": "130540001", "AÑO": 2015.0, "NOM_MUN": "San Salvador", "NOM_LOC": "San Salvador", "Fuente de abastecimiento": "Pozo San Salvador", "Coliformes Totales (Ausencia o Presencia/100mL)": "Presencia", "E. Coli (Ausencia o Presencia/100mL)": "Ausencia", "Arsenico (mg/L)": "0", "Bario (mg/L)": "0", "Cadmio (mg/L)": null, "Cobre (mg/L)": "0.22", "Hierro (mg/L)": "0", "Manganeso (mg/L)": "0", "Plomo (mg/L)": "0", "Zinc (mg/L)": "0.05", "Cianuros (mg/L)": "0.005", "Cloro Residual (mg/L)": "0", "Cloruros (mg/L)": "156.6", "Dureza Total (mg/L)": "466.66", "Fluoruros (mg/L)": "0.12", "Nitratos (mg/L)": "2.2", "Nitritos (mg/L)": "0.008", "Ph": "7.35", "SDT (mg/L)": "919", "Sulfatos (mg/L)": "101", "Cloro Total (mg/L)": "0", "Conductividad (muS/cm)": "36.7", "Temperatura (°C)": "21.6", "ID": "San Salvador_San Salvador_Pozo San Salvador" }, "geometry": { "type": "Point", "coordinates": [ -99.014644492412913, 20.287975251817187 ] } },
{ "type": "Feature", "properties": { "CVEGEO_LOC": "130540001", "AÑO": 2020.0, "NOM_MUN": "San Salvador", "NOM_LOC": "San Salvador", "Fuente de abastecimiento": "Pozo San Salvador", "Coliformes Totales (Ausencia o Presencia/100mL)": "Presencia", "E. Coli (Ausencia o Presencia/100mL)": "ND", "Arsenico (mg/L)": "0", "Bario (mg/L)": "0", "Cadmio (mg/L)": "0", "Cobre (mg/L)": "0.33", "Hierro (mg/L)": "0.24", "Manganeso (mg/L)": "0.001", "Plomo (mg/L)": "0", "Zinc (mg/L)": "0.01", "Cianuros (mg/L)": "0.001", "Cloro Residual (mg/L)": "0", "Cloruros (mg/L)": "83.7", "Dureza Total (mg/L)": "175.55", "Fluoruros (mg/L)": "0.2", "Nitratos (mg/L)": "5.9", "Nitritos (mg/L)": "0.002", "Ph": "7.13", "SDT (mg/L)": "126.03", "Sulfatos (mg/L)": "91", "Cloro Total (mg/L)": "0", "Conductividad (muS/cm)": "2160", "Temperatura (°C)": "23", "ID": "San Salvador_San Salvador_Pozo San Salvador" }, "geometry": { "type": "Point", "coordinates": [ -99.014644492412913, 20.287975251817187 ] } },
{ "type": "Feature", "properties": { "CVEGEO_LOC": "130540001", "AÑO": 2020.0, "NOM_MUN": "San Salvador", "NOM_LOC": "San Salvador", "Fuente de abastecimiento": "Pozo San Salvador", "Coliformes Totales (Ausencia o Presencia/100mL)": "Presencia", "E. Coli (Ausencia o Presencia/100mL)": "Presencia", "Arsenico (mg/L)": "0", "Bario (mg/L)": "0", "Cadmio (mg/L)": "0", "Cobre (mg/L)": "0.36", "Hierro (mg/L)": "0.03", "Manganeso (mg/L)": "0", "Plomo (mg/L)": "0", "Zinc (mg/L)": "0.04", "Cianuros (mg/L)": "0", "Cloro Residual (mg/L)": "0", "Cloruros (mg/L)": "130.6", "Dureza Total (mg/L)": "3.42", "Fluoruros (mg/L)": "0.2", "Nitratos (mg/L)": "2.8", "Nitritos (mg/L)": "0.004", "Ph": "7.27", "SDT (mg/L)": "86.1", "Sulfatos (mg/L)": "92", "Cloro Total (mg/L)": "0.05", "Conductividad (muS/cm)": "135", "Temperatura (°C)": "23", "ID": "San Salvador_San Salvador_Pozo San Salvador" }, "geometry": { "type": "Point", "coordinates": [ -99.014644492412913, 20.287975251817187 ] } },
{ "type": "Feature", "properties": { "CVEGEO_LOC": "130540004", "AÑO": 2013.0, "NOM_MUN": "San Salvador", "NOM_LOC": "El Bondho", "Fuente de abastecimiento": "Pozo El Bandho", "Coliformes Totales (Ausencia o Presencia/100mL)": "Presencia", "E. Coli (Ausencia o Presencia/100mL)": "Ausencia", "Arsenico (mg/L)": "0", "Bario (mg/L)": "0", "Cadmio (mg/L)": null, "Cobre (mg/L)": "0.1", "Hierro (mg/L)": "0.05", "Manganeso (mg/L)": "0", "Plomo (mg/L)": "0", "Zinc (mg/L)": "0.06", "Cianuros (mg/L)": "0.006", "Cloro Residual (mg/L)": "0", "Cloruros (mg/L)": "189", "Dureza Total (mg/L)": "361.11", "Fluoruros (mg/L)": "0", "Nitratos (mg/L)": "0.7", "Nitritos (mg/L)": "0", "Ph": "7.83", "SDT (mg/L)": "636", "Sulfatos (mg/L)": "256.1", "Cloro Total (mg/L)": "0", "Conductividad (muS/cm)": "868", "Temperatura (°C)": "20.5", "ID": "San Salvador_El Bondho_Pozo El Bandho" }, "geometry": { "type": "Point", "coordinates": [ -99.001826396545894, 20.284562883495489 ] } },
{ "type": "Feature", "properties": { "CVEGEO_LOC": "130540004", "AÑO": 2020.0, "NOM_MUN": "San Salvador", "NOM_LOC": "El Bondho", "Fuente de abastecimiento": "Pozo El Bondho", "Coliformes Totales (Ausencia o Presencia/100mL)": "Presencia", "E. Coli (Ausencia o Presencia/100mL)": "Ausencia", "Arsenico (mg/L)": "0", "Bario (mg/L)": "0", "Cadmio (mg/L)": "0", "Cobre (mg/L)": "0", "Hierro (mg/L)": "0", "Manganeso (mg/L)": "0", "Plomo (mg/L)": "0", "Zinc (mg/L)": "0.03", "Cianuros (mg/L)": "0.004", "Cloro Residual (mg/L)": "0.06", "Cloruros (mg/L)": "141.1", "Dureza Total (mg/L)": "3.55", "Fluoruros (mg/L)": "0.26", "Nitratos (mg/L)": "9.7", "Nitritos (mg/L)": "0.004", "Ph": "7.42", "SDT (mg/L)": "86.1", "Sulfatos (mg/L)": "105", "Cloro Total (mg/L)": "0.07", "Conductividad (muS/cm)": "218", "Temperatura (°C)": "22.6", "ID": "San Salvador_El Bondho_Pozo El Bondho" }, "geometry": { "type": "Point", "coordinates": [ -99.006470638216939, 20.284181064470715 ] } },
{ "type": "Feature", "properties": { "CVEGEO_LOC": "130540015", "AÑO": 2017.0, "NOM_MUN": "San Salvador", "NOM_LOC": "Pacheco de Allende", "Fuente de abastecimiento": "Pozo Pacheco", "Coliformes Totales (Ausencia o Presencia/100mL)": "Presencia", "E. Coli (Ausencia o Presencia/100mL)": "Presencia", "Arsenico (mg/L)": "0", "Bario (mg/L)": "0", "Cadmio (mg/L)": null, "Cobre (mg/L)": "0.34", "Hierro (mg/L)": "0.016", "Manganeso (mg/L)": "0", "Plomo (mg/L)": "0", "Zinc (mg/L)": "0.035", "Cianuros (mg/L)": "0.004", "Cloro Residual (mg/L)": "0.04", "Cloruros (mg/L)": "77.5", "Dureza Total (mg/L)": "159.99", "Fluoruros (mg/L)": "0.91", "Nitratos (mg/L)": "1.9", "Nitritos (mg/L)": "0.004", "Ph": "7.79", "SDT (mg/L)": "241", "Sulfatos (mg/L)": "15", "Cloro Total (mg/L)": "0", "Conductividad (muS/cm)": null, "Temperatura (°C)": null, "ID": "San Salvador_Pacheco de Allende_Pozo Pacheco" }, "geometry": { "type": "Point", "coordinates": [ -99.047505233285975, 20.264446988420488 ] } },
{ "type": "Feature", "properties": { "CVEGEO_LOC": "130540015", "AÑO": 2016.0, "NOM_MUN": "San Salvador", "NOM_LOC": "Pacheco de Allende", "Fuente de abastecimiento": "Pozo Pacheco", "Coliformes Totales (Ausencia o Presencia/100mL)": "Presencia", "E. Coli (Ausencia o Presencia/100mL)": "Ausencia", "Arsenico (mg/L)": "0", "Bario (mg/L)": "0", "Cadmio (mg/L)": "ND", "Cobre (mg/L)": "0.01", "Hierro (mg/L)": "0", "Manganeso (mg/L)": "0", "Plomo (mg/L)": "0", "Zinc (mg/L)": "0.12", "Cianuros (mg/L)": "2", "Cloro Residual (mg/L)": "0.19", "Cloruros (mg/L)": "60.3", "Dureza Total (mg/L)": "399.99", "Fluoruros (mg/L)": "1.24", "Nitratos (mg/L)": "45780", "Nitritos (mg/L)": "5", "Ph": "7.17", "SDT (mg/L)": "721", "Sulfatos (mg/L)": "97", "Cloro Total (mg/L)": "0.03", "Conductividad (muS/cm)": "1548", "Temperatura (°C)": "45836", "ID": "San Salvador_Pacheco de Allende_Pozo Pacheco" }, "geometry": { "type": "Point", "coordinates": [ -99.047505233285975, 20.264446988420488 ] } },
{ "type": "Feature", "properties": { "CVEGEO_LOC": "130540015", "AÑO": 2020.0, "NOM_MUN": "San Salvador", "NOM_LOC": "Pacheco de Allende", "Fuente de abastecimiento": "Pozo Pacheco", "Coliformes Totales (Ausencia o Presencia/100mL)": "ND", "E. Coli (Ausencia o Presencia/100mL)": "ND", "Arsenico (mg/L)": "0", "Bario (mg/L)": "0", "Cadmio (mg/L)": "0", "Cobre (mg/L)": "0.26", "Hierro (mg/L)": "6.9", "Manganeso (mg/L)": "0.1", "Plomo (mg/L)": "0", "Zinc (mg/L)": "0", "Cianuros (mg/L)": "0.001", "Cloro Residual (mg/L)": "0", "Cloruros (mg/L)": "127.9", "Dureza Total (mg/L)": "148.88", "Fluoruros (mg/L)": "0.68", "Nitratos (mg/L)": "1.8", "Nitritos (mg/L)": "0", "Ph": "6.9", "SDT (mg/L)": "70.71", "Sulfatos (mg/L)": "99", "Cloro Total (mg/L)": "0", "Conductividad (muS/cm)": "1639", "Temperatura (°C)": "28.5", "ID": "San Salvador_Pacheco de Allende_Pozo Pacheco" }, "geometry": { "type": "Point", "coordinates": [ -99.047505233285975, 20.264446988420488 ] } },
{ "type": "Feature", "properties": { "CVEGEO_LOC": "130540015", "AÑO": 2015.0, "NOM_MUN": "San Salvador", "NOM_LOC": "Pacheco de Allende", "Fuente de abastecimiento": "Pozo Pacheco", "Coliformes Totales (Ausencia o Presencia/100mL)": "Presencia", "E. Coli (Ausencia o Presencia/100mL)": "Ausencia", "Arsenico (mg/L)": "0", "Bario (mg/L)": "0", "Cadmio (mg/L)": null, "Cobre (mg/L)": "0.07", "Hierro (mg/L)": "0.01", "Manganeso (mg/L)": "0", "Plomo (mg/L)": "0", "Zinc (mg/L)": "0.08", "Cianuros (mg/L)": "0", "Cloro Residual (mg/L)": "0.49", "Cloruros (mg/L)": "100.4", "Dureza Total (mg/L)": "375.55", "Fluoruros (mg/L)": "0.85", "Nitratos (mg/L)": "1.4", "Nitritos (mg/L)": "0.04", "Ph": "6.92", "SDT (mg/L)": "821", "Sulfatos (mg/L)": "0", "Cloro Total (mg/L)": "0.3", "Conductividad (muS/cm)": "1648", "Temperatura (°C)": "28.1", "ID": "San Salvador_Pacheco de Allende_Pozo Pacheco" }, "geometry": { "type": "Point", "coordinates": [ -99.047505233285975, 20.264446988420488 ] } },
{ "type": "Feature", "properties": { "CVEGEO_LOC": "130540015", "AÑO": 2015.0, "NOM_MUN": "San Salvador", "NOM_LOC": "Pacheco de Allende", "Fuente de abastecimiento": "Pozo Pacheco", "Coliformes Totales (Ausencia o Presencia/100mL)": "Presencia", "E. Coli (Ausencia o Presencia/100mL)": "Ausencia", "Arsenico (mg/L)": "0", "Bario (mg/L)": "0", "Cadmio (mg/L)": null, "Cobre (mg/L)": "0.01", "Hierro (mg/L)": "0", "Manganeso (mg/L)": "0.1", "Plomo (mg/L)": "0", "Zinc (mg/L)": "0.09", "Cianuros (mg/L)": "0.002", "Cloro Residual (mg/L)": "0.13", "Cloruros (mg/L)": "97.8", "Dureza Total (mg/L)": "404.44", "Fluoruros (mg/L)": "0.84", "Nitratos (mg/L)": "1.3", "Nitritos (mg/L)": "0.008", "Ph": "7", "SDT (mg/L)": "801", "Sulfatos (mg/L)": "102", "Cloro Total (mg/L)": "0", "Conductividad (muS/cm)": "1609", "Temperatura (°C)": "26.9", "ID": "San Salvador_Pacheco de Allende_Pozo Pacheco" }, "geometry": { "type": "Point", "coordinates": [ -99.047505233285975, 20.264446988420488 ] } },
{ "type": "Feature", "properties": { "CVEGEO_LOC": "130540015", "AÑO": 2021.0, "NOM_MUN": "San Salvador", "NOM_LOC": "Pacheco de Allende", "Fuente de abastecimiento": "Pozo Pachueco", "Coliformes Totales (Ausencia o Presencia/100mL)": "Presencia", "E. Coli (Ausencia o Presencia/100mL)": "Ausencia", "Arsenico (mg/L)": "0", "Bario (mg/L)": "0", "Cadmio (mg/L)": "0", "Cobre (mg/L)": "1.09", "Hierro (mg/L)": "0.3", "Manganeso (mg/L)": "0", "Plomo (mg/L)": "0", "Zinc (mg/L)": "0.04", "Cianuros (mg/L)": "0", "Cloro Residual (mg/L)": "0", "Cloruros (mg/L)": "206.8", "Dureza Total (mg/L)": "348.88", "Fluoruros (mg/L)": "0", "Nitratos (mg/L)": "4", "Nitritos (mg/L)": "0.003", "Ph": "6.51", "SDT (mg/L)": "109.1", "Sulfatos (mg/L)": "103", "Cloro Total (mg/L)": "0", "Conductividad (muS/cm)": "221.41", "Temperatura (°C)": "26.4", "ID": "San Salvador_Pacheco de Allende_Pozo Pachueco" }, "geometry": { "type": "Point", "coordinates": [ -99.048048762121809, 20.270034592134344 ] } },
{ "type": "Feature", "properties": { "CVEGEO_LOC": "130540019", "AÑO": 2016.0, "NOM_MUN": "San Salvador", "NOM_LOC": "San Antonio Zaragoza", "Fuente de abastecimiento": "Pozo", "Coliformes Totales (Ausencia o Presencia/100mL)": "Presencia", "E. Coli (Ausencia o Presencia/100mL)": "Ausencia", "Arsenico (mg/L)": "0", "Bario (mg/L)": "0", "Cadmio (mg/L)": null, "Cobre (mg/L)": "1.09", "Hierro (mg/L)": "0.02", "Manganeso (mg/L)": "0", "Plomo (mg/L)": "0", "Zinc (mg/L)": "0.06", "Cianuros (mg/L)": "0.001", "Cloro Residual (mg/L)": "0.08", "Cloruros (mg/L)": "14.6", "Dureza Total (mg/L)": "322.22", "Fluoruros (mg/L)": "1.01", "Nitratos (mg/L)": "4.2", "Nitritos (mg/L)": "0.004", "Ph": "7.6", "SDT (mg/L)": "39.5", "Sulfatos (mg/L)": "31", "Cloro Total (mg/L)": "0.03", "Conductividad (muS/cm)": "768", "Temperatura (°C)": "26.6", "ID": "San Salvador_San Antonio Zaragoza_Pozo" }, "geometry": { "type": "Point", "coordinates": [ -99.007464077846976, 20.24921097451093 ] } },
{ "type": "Feature", "properties": { "CVEGEO_LOC": "130540021", "AÑO": 2012.0, "NOM_MUN": "San Salvador", "NOM_LOC": "Santa María Amajac", "Fuente de abastecimiento": "Pozo San José", "Coliformes Totales (Ausencia o Presencia/100mL)": "Presencia", "E. Coli (Ausencia o Presencia/100mL)": "Ausencia", "Arsenico (mg/L)": "0", "Bario (mg/L)": null, "Cadmio (mg/L)": null, "Cobre (mg/L)": "0.19", "Hierro (mg/L)": "0.069", "Manganeso (mg/L)": "0.4", "Plomo (mg/L)": "0", "Zinc (mg/L)": "0.056", "Cianuros (mg/L)": "0.008", "Cloro Residual (mg/L)": "0.01", "Cloruros (mg/L)": "379", "Dureza Total (mg/L)": "355.552", "Fluoruros (mg/L)": "0", "Nitratos (mg/L)": "0.8", "Nitritos (mg/L)": "7e-04", "Ph": "7.35", "SDT (mg/L)": "845", "Sulfatos (mg/L)": "232.5", "Cloro Total (mg/L)": "0.03", "Conductividad (muS/cm)": "1622", "Temperatura (°C)": "24.7", "ID": "San Salvador_Santa María Amajac_Pozo San José" }, "geometry": { "type": "Point", "coordinates": [ -98.995340854141617, 20.225543367712248 ] } },
{ "type": "Feature", "properties": { "CVEGEO_LOC": "130540021", "AÑO": 2015.0, "NOM_MUN": "San Salvador", "NOM_LOC": "Santa María Amajac", "Fuente de abastecimiento": "Pozo Santa María", "Coliformes Totales (Ausencia o Presencia/100mL)": "Presencia", "E. Coli (Ausencia o Presencia/100mL)": "Ausencia", "Arsenico (mg/L)": "0", "Bario (mg/L)": "0", "Cadmio (mg/L)": null, "Cobre (mg/L)": "0.13", "Hierro (mg/L)": "0.19", "Manganeso (mg/L)": "0", "Plomo (mg/L)": "0", "Zinc (mg/L)": "0.08", "Cianuros (mg/L)": "0.003", "Cloro Residual (mg/L)": "0", "Cloruros (mg/L)": "186", "Dureza Total (mg/L)": "399.99", "Fluoruros (mg/L)": "0.12", "Nitratos (mg/L)": "1.7", "Nitritos (mg/L)": "0.005", "Ph": "7.3", "SDT (mg/L)": "835", "Sulfatos (mg/L)": "90", "Cloro Total (mg/L)": "0", "Conductividad (muS/cm)": "35.4", "Temperatura (°C)": "22.1", "ID": "San Salvador_Santa María Amajac_Pozo Santa María" }, "geometry": { "type": "Point", "coordinates": [ -99.001278359193151, 20.225656488169729 ] } },
{ "type": "Feature", "properties": { "CVEGEO_LOC": "130540021", "AÑO": 2020.0, "NOM_MUN": "San Salvador", "NOM_LOC": "Santa María Amajac", "Fuente de abastecimiento": "Pozo Santa María Amajac", "Coliformes Totales (Ausencia o Presencia/100mL)": "Presencia", "E. Coli (Ausencia o Presencia/100mL)": "Ausencia", "Arsenico (mg/L)": "0", "Bario (mg/L)": "0", "Cadmio (mg/L)": "0", "Cobre (mg/L)": "0.84", "Hierro (mg/L)": "0", "Manganeso (mg/L)": "0", "Plomo (mg/L)": "0", "Zinc (mg/L)": "0.04", "Cianuros (mg/L)": "0", "Cloro Residual (mg/L)": "0.08", "Cloruros (mg/L)": "156.1", "Dureza Total (mg/L)": "4.55", "Fluoruros (mg/L)": "0.29", "Nitratos (mg/L)": "2.3", "Nitritos (mg/L)": "0.013", "Ph": "7.7", "SDT (mg/L)": "149.7", "Sulfatos (mg/L)": "99", "Cloro Total (mg/L)": "0", "Conductividad (muS/cm)": "382", "Temperatura (°C)": "23", "ID": "San Salvador_Santa María Amajac_Pozo Santa María Amajac" }, "geometry": { "type": "Point", "coordinates": [ -98.997119694161512, 20.231819827640152 ] } },
{ "type": "Feature", "properties": { "CVEGEO_LOC": "130540021", "AÑO": 2020.0, "NOM_MUN": "San Salvador", "NOM_LOC": "Santa María Amajac", "Fuente de abastecimiento": "Pozo Santa María Amajac", "Coliformes Totales (Ausencia o Presencia/100mL)": "ND", "E. Coli (Ausencia o Presencia/100mL)": "ND", "Arsenico (mg/L)": "0", "Bario (mg/L)": "0", "Cadmio (mg/L)": "0", "Cobre (mg/L)": "0.48", "Hierro (mg/L)": "0.12", "Manganeso (mg/L)": "0", "Plomo (mg/L)": "0", "Zinc (mg/L)": "0.01", "Cianuros (mg/L)": "0", "Cloro Residual (mg/L)": "0.01", "Cloruros (mg/L)": "91.5", "Dureza Total (mg/L)": "126.66", "Fluoruros (mg/L)": "0.29", "Nitratos (mg/L)": "6.3", "Nitritos (mg/L)": "0", "Ph": "7.08", "SDT (mg/L)": "36.1", "Sulfatos (mg/L)": "97", "Cloro Total (mg/L)": "0", "Conductividad (muS/cm)": "126.66", "Temperatura (°C)": "23.6", "ID": "San Salvador_Santa María Amajac_Pozo Santa María Amajac" }, "geometry": { "type": "Point", "coordinates": [ -98.997119694161512, 20.231819827640152 ] } },
{ "type": "Feature", "properties": { "CVEGEO_LOC": "130540023", "AÑO": 2016.0, "NOM_MUN": "San Salvador", "NOM_LOC": "Teofani", "Fuente de abastecimiento": "Pozo Teofani", "Coliformes Totales (Ausencia o Presencia/100mL)": "Presencia", "E. Coli (Ausencia o Presencia/100mL)": "Presencia", "Arsenico (mg/L)": "0", "Bario (mg/L)": "0", "Cadmio (mg/L)": null, "Cobre (mg/L)": "0", "Hierro (mg/L)": "0.02", "Manganeso (mg/L)": "0", "Plomo (mg/L)": "0", "Zinc (mg/L)": "0.07", "Cianuros (mg/L)": "0", "Cloro Residual (mg/L)": "0.01", "Cloruros (mg/L)": "204.2", "Dureza Total (mg/L)": "444.44", "Fluoruros (mg/L)": "0.43", "Nitratos (mg/L)": "1.7", "Nitritos (mg/L)": "0.001", "Ph": "7.86", "SDT (mg/L)": "836.1", "Sulfatos (mg/L)": "107", "Cloro Total (mg/L)": "0", "Conductividad (muS/cm)": "1238", "Temperatura (°C)": "19.4", "ID": "San Salvador_Teofani_Pozo Teofani" }, "geometry": { "type": "Point", "coordinates": [ -99.040761758430705, 20.315422482361821 ] } },
{ "type": "Feature", "properties": { "CVEGEO_LOC": "130540023", "AÑO": 2020.0, "NOM_MUN": "San Salvador", "NOM_LOC": "Teofani", "Fuente de abastecimiento": "Pozo Teofni", "Coliformes Totales (Ausencia o Presencia/100mL)": "Presencia", "E. Coli (Ausencia o Presencia/100mL)": "ND", "Arsenico (mg/L)": "0", "Bario (mg/L)": "0", "Cadmio (mg/L)": "0", "Cobre (mg/L)": "0.18", "Hierro (mg/L)": "0.27", "Manganeso (mg/L)": "0", "Plomo (mg/L)": "0", "Zinc (mg/L)": "0.01", "Cianuros (mg/L)": "0", "Cloro Residual (mg/L)": "0", "Cloruros (mg/L)": "155.8", "Dureza Total (mg/L)": "175.55", "Fluoruros (mg/L)": "1.01", "Nitratos (mg/L)": "1", "Nitritos (mg/L)": "0.001", "Ph": "7.09", "SDT (mg/L)": "241.01", "Sulfatos (mg/L)": "105", "Cloro Total (mg/L)": "0", "Conductividad (muS/cm)": "1960", "Temperatura (°C)": "24.9", "ID": "San Salvador_Teofani_Pozo Teofni" }, "geometry": { "type": "Point", "coordinates": [ -99.051242569753384, 20.321597512939334 ] } },
{ "type": "Feature", "properties": { "CVEGEO_LOC": "130540023", "AÑO": 2020.0, "NOM_MUN": "San Salvador", "NOM_LOC": "Teofani", "Fuente de abastecimiento": "Pozo Teofni", "Coliformes Totales (Ausencia o Presencia/100mL)": "Presencia", "E. Coli (Ausencia o Presencia/100mL)": "Ausencia", "Arsenico (mg/L)": "0", "Bario (mg/L)": "0", "Cadmio (mg/L)": "0", "Cobre (mg/L)": "0.85", "Hierro (mg/L)": "0.24", "Manganeso (mg/L)": "0", "Plomo (mg/L)": "0", "Zinc (mg/L)": "0.02", "Cianuros (mg/L)": "0.001", "Cloro Residual (mg/L)": "0.45", "Cloruros (mg/L)": "124.3", "Dureza Total (mg/L)": "3.44", "Fluoruros (mg/L)": "0.75", "Nitratos (mg/L)": "5.3", "Nitritos (mg/L)": "0.005", "Ph": "7.29", "SDT (mg/L)": "96.7", "Sulfatos (mg/L)": "108", "Cloro Total (mg/L)": "0", "Conductividad (muS/cm)": "149", "Temperatura (°C)": "30.3", "ID": "San Salvador_Teofani_Pozo Teofni" }, "geometry": { "type": "Point", "coordinates": [ -99.051242569753384, 20.321597512939334 ] } },
{ "type": "Feature", "properties": { "CVEGEO_LOC": "130540048", "AÑO": 2017.0, "NOM_MUN": "San Salvador", "NOM_LOC": "El Puerto Lázaro Cárdenas", "Fuente de abastecimiento": "Pozo el Puerto", "Coliformes Totales (Ausencia o Presencia/100mL)": "Presencia", "E. Coli (Ausencia o Presencia/100mL)": "Presencia", "Arsenico (mg/L)": "0", "Bario (mg/L)": "0", "Cadmio (mg/L)": null, "Cobre (mg/L)": "0.2", "Hierro (mg/L)": "0.01", "Manganeso (mg/L)": "0", "Plomo (mg/L)": "0", "Zinc (mg/L)": "0.03", "Cianuros (mg/L)": "0.002", "Cloro Residual (mg/L)": "0.27", "Cloruros (mg/L)": "76.4", "Dureza Total (mg/L)": "167.77", "Fluoruros (mg/L)": "0.8", "Nitratos (mg/L)": "1.7", "Nitritos (mg/L)": "0.003", "Ph": "7.47", "SDT (mg/L)": "236", "Sulfatos (mg/L)": "15", "Cloro Total (mg/L)": "0.24", "Conductividad (muS/cm)": null, "Temperatura (°C)": null, "ID": "San Salvador_El Puerto Lázaro Cárdenas_Pozo el Puerto" }, "geometry": { "type": "Point", "coordinates": [ -99.019851341366177, 20.220795601862374 ] } },
{ "type": "Feature", "properties": { "CVEGEO_LOC": "130540048", "AÑO": 2020.0, "NOM_MUN": "San Salvador", "NOM_LOC": "El Puerto Lázaro Cárdenas", "Fuente de abastecimiento": "Pozo Puerto Lázaro Cárdenas", "Coliformes Totales (Ausencia o Presencia/100mL)": "ND", "E. Coli (Ausencia o Presencia/100mL)": "ND", "Arsenico (mg/L)": "0", "Bario (mg/L)": "0", "Cadmio (mg/L)": "0", "Cobre (mg/L)": "0.84", "Hierro (mg/L)": "0.18", "Manganeso (mg/L)": "0.1", "Plomo (mg/L)": "0", "Zinc (mg/L)": "0.03", "Cianuros (mg/L)": "0.002", "Cloro Residual (mg/L)": "0", "Cloruros (mg/L)": "94.4", "Dureza Total (mg/L)": "135.55", "Fluoruros (mg/L)": "0.55", "Nitratos (mg/L)": "1.7", "Nitritos (mg/L)": "0", "Ph": "7.31", "SDT (mg/L)": "50.4", "Sulfatos (mg/L)": "94", "Cloro Total (mg/L)": "50.4", "Conductividad (muS/cm)": "1319", "Temperatura (°C)": "25.9", "ID": "San Salvador_El Puerto Lázaro Cárdenas_Pozo Puerto Lázaro Cárdenas" }, "geometry": { "type": "Point", "coordinates": [ -99.013732484666235, 20.217672258849063 ] } },
{ "type": "Feature", "properties": { "CVEGEO_LOC": "130550001", "AÑO": 2013.0, "NOM_MUN": "Santiago de Anaya", "NOM_LOC": "Santiago de Anaya", "Fuente de abastecimiento": "Manantial \"Santiago de Anaya\"", "Coliformes Totales (Ausencia o Presencia/100mL)": "Presencia", "E. Coli (Ausencia o Presencia/100mL)": "Ausencia", "Arsenico (mg/L)": "0", "Bario (mg/L)": "0", "Cadmio (mg/L)": null, "Cobre (mg/L)": "0.04", "Hierro (mg/L)": "0", "Manganeso (mg/L)": "0", "Plomo (mg/L)": "0", "Zinc (mg/L)": "0.04", "Cianuros (mg/L)": "0.001", "Cloro Residual (mg/L)": "0.1", "Cloruros (mg/L)": "80.4", "Dureza Total (mg/L)": "149.7", "Fluoruros (mg/L)": "0.1", "Nitratos (mg/L)": "1.1", "Nitritos (mg/L)": "0", "Ph": "7.12", "SDT (mg/L)": "187", "Sulfatos (mg/L)": "45.1", "Cloro Total (mg/L)": "0.08", "Conductividad (muS/cm)": "672", "Temperatura (°C)": "19.8", "ID": "Santiago de Anaya_Santiago de Anaya_Manantial \"Santiago de Anaya\"" }, "geometry": { "type": "Point", "coordinates": [ -98.958968713948849, 20.387772822158411 ] } },
{ "type": "Feature", "properties": { "CVEGEO_LOC": "130550001", "AÑO": 2012.0, "NOM_MUN": "Santiago de Anaya", "NOM_LOC": "Santiago de Anaya", "Fuente de abastecimiento": "Manantial Sato", "Coliformes Totales (Ausencia o Presencia/100mL)": "Presencia", "E. Coli (Ausencia o Presencia/100mL)": "Ausencia", "Arsenico (mg/L)": "0", "Bario (mg/L)": null, "Cadmio (mg/L)": null, "Cobre (mg/L)": "0.0657", "Hierro (mg/L)": "0", "Manganeso (mg/L)": "0.6", "Plomo (mg/L)": "0", "Zinc (mg/L)": "0.078", "Cianuros (mg/L)": "0.003", "Cloro Residual (mg/L)": "0.01", "Cloruros (mg/L)": "75.75", "Dureza Total (mg/L)": "266.664", "Fluoruros (mg/L)": "0.1", "Nitratos (mg/L)": "1.1", "Nitritos (mg/L)": "0.0107", "Ph": "7.5", "SDT (mg/L)": "370", "Sulfatos (mg/L)": "7.5", "Cloro Total (mg/L)": "0.02", "Conductividad (muS/cm)": "750", "Temperatura (°C)": "24.1", "ID": "Santiago de Anaya_Santiago de Anaya_Manantial Sato" }, "geometry": { "type": "Point", "coordinates": [ -98.962107867813415, 20.374870223008124 ] } },
{ "type": "Feature", "properties": { "CVEGEO_LOC": "130550001", "AÑO": 2015.0, "NOM_MUN": "Santiago de Anaya", "NOM_LOC": "Santiago de Anaya", "Fuente de abastecimiento": "Pozo La Noria", "Coliformes Totales (Ausencia o Presencia/100mL)": "Presencia", "E. Coli (Ausencia o Presencia/100mL)": "Ausencia", "Arsenico (mg/L)": "0", "Bario (mg/L)": "0", "Cadmio (mg/L)": null, "Cobre (mg/L)": "0.07", "Hierro (mg/L)": "0.03", "Manganeso (mg/L)": "0.1", "Plomo (mg/L)": "0", "Zinc (mg/L)": "0.05", "Cianuros (mg/L)": "0.002", "Cloro Residual (mg/L)": "0", "Cloruros (mg/L)": "26.7", "Dureza Total (mg/L)": "322.22", "Fluoruros (mg/L)": "0.71", "Nitratos (mg/L)": "2.2", "Nitritos (mg/L)": "0.006", "Ph": "7.4", "SDT (mg/L)": "165", "Sulfatos (mg/L)": "56", "Cloro Total (mg/L)": "0", "Conductividad (muS/cm)": "399", "Temperatura (°C)": "26.4", "ID": "Santiago de Anaya_Santiago de Anaya_Pozo La Noria" }, "geometry": { "type": "Point", "coordinates": [ -98.973772717655805, 20.380996662913638 ] } },
{ "type": "Feature", "properties": { "CVEGEO_LOC": "130550001", "AÑO": 2014.0, "NOM_MUN": "Santiago de Anaya", "NOM_LOC": "Santiago de Anaya", "Fuente de abastecimiento": "Pozo Salitrera", "Coliformes Totales (Ausencia o Presencia/100mL)": "Presencia", "E. Coli (Ausencia o Presencia/100mL)": "Ausencia", "Arsenico (mg/L)": "0", "Bario (mg/L)": "0", "Cadmio (mg/L)": null, "Cobre (mg/L)": "0.03", "Hierro (mg/L)": "0.02", "Manganeso (mg/L)": "0", "Plomo (mg/L)": "0", "Zinc (mg/L)": "0.06", "Cianuros (mg/L)": "0.005", "Cloro Residual (mg/L)": "0.1", "Cloruros (mg/L)": "15", "Dureza Total (mg/L)": "233.32", "Fluoruros (mg/L)": "1.31", "Nitratos (mg/L)": "0.9", "Nitritos (mg/L)": "0.02", "Ph": "7.48", "SDT (mg/L)": "364", "Sulfatos (mg/L)": "60", "Cloro Total (mg/L)": "0", "Conductividad (muS/cm)": "723", "Temperatura (°C)": "21.4", "ID": "Santiago de Anaya_Santiago de Anaya_Pozo Salitrera" }, "geometry": { "type": "Point", "coordinates": [ -98.966746722809177, 20.388788956641026 ] } },
{ "type": "Feature", "properties": { "CVEGEO_LOC": "130550001", "AÑO": 2014.0, "NOM_MUN": "Santiago de Anaya", "NOM_LOC": "Santiago de Anaya", "Fuente de abastecimiento": "Pozo Salitrera", "Coliformes Totales (Ausencia o Presencia/100mL)": "Presencia", "E. Coli (Ausencia o Presencia/100mL)": "Ausencia", "Arsenico (mg/L)": "0", "Bario (mg/L)": "0", "Cadmio (mg/L)": null, "Cobre (mg/L)": "0.02", "Hierro (mg/L)": "0.02", "Manganeso (mg/L)": "0", "Plomo (mg/L)": "0.003", "Zinc (mg/L)": "0.06", "Cianuros (mg/L)": "0.005", "Cloro Residual (mg/L)": "0", "Cloruros (mg/L)": "14", "Dureza Total (mg/L)": "233.33", "Fluoruros (mg/L)": "1.3", "Nitratos (mg/L)": "0.9", "Nitritos (mg/L)": "0.02", "Ph": "7.19", "SDT (mg/L)": "367", "Sulfatos (mg/L)": "60", "Cloro Total (mg/L)": "0", "Conductividad (muS/cm)": "735", "Temperatura (°C)": "17.1", "ID": "Santiago de Anaya_Santiago de Anaya_Pozo Salitrera" }, "geometry": { "type": "Point", "coordinates": [ -98.966746722809177, 20.388788956641026 ] } },
{ "type": "Feature", "properties": { "CVEGEO_LOC": "130550003", "AÑO": 2017.0, "NOM_MUN": "Santiago de Anaya", "NOM_LOC": "La Blanca (Taxtho la Blanca)", "Fuente de abastecimiento": "Sistema de Agua potable El Palmar", "Coliformes Totales (Ausencia o Presencia/100mL)": "Presencia", "E. Coli (Ausencia o Presencia/100mL)": "Ausencia", "Arsenico (mg/L)": "0", "Bario (mg/L)": "0", "Cadmio (mg/L)": null, "Cobre (mg/L)": "0.35", "Hierro (mg/L)": "0.23", "Manganeso (mg/L)": "0.2", "Plomo (mg/L)": "0", "Zinc (mg/L)": "0.03", "Cianuros (mg/L)": "0.005", "Cloro Residual (mg/L)": "0.03", "Cloruros (mg/L)": "69.9", "Dureza Total (mg/L)": "28.88", "Fluoruros (mg/L)": "0.42", "Nitratos (mg/L)": "1.4", "Nitritos (mg/L)": "0.008", "Ph": "8.43", "SDT (mg/L)": "1162", "Sulfatos (mg/L)": "88", "Cloro Total (mg/L)": "0.01", "Conductividad (muS/cm)": null, "Temperatura (°C)": null, "ID": "Santiago de Anaya_La Blanca (Taxtho la Blanca)_Sistema de Agua potable El Palmar" }, "geometry": { "type": "Point", "coordinates": [ -99.029807346702285, 20.365051027542307 ] } },
{ "type": "Feature", "properties": { "CVEGEO_LOC": "130550005", "AÑO": 2014.0, "NOM_MUN": "Santiago de Anaya", "NOM_LOC": "El Encino", "Fuente de abastecimiento": "Manantial Las Pilas", "Coliformes Totales (Ausencia o Presencia/100mL)": "Presencia", "E. Coli (Ausencia o Presencia/100mL)": "Ausencia", "Arsenico (mg/L)": "0", "Bario (mg/L)": "0", "Cadmio (mg/L)": null, "Cobre (mg/L)": "0.4", "Hierro (mg/L)": "0.02", "Manganeso (mg/L)": "0", "Plomo (mg/L)": "0.001", "Zinc (mg/L)": "0.04", "Cianuros (mg/L)": "0.003", "Cloro Residual (mg/L)": "0", "Cloruros (mg/L)": "3.4", "Dureza Total (mg/L)": "322.22", "Fluoruros (mg/L)": "0.45", "Nitratos (mg/L)": "0.5", "Nitritos (mg/L)": "0.006", "Ph": "6.9", "SDT (mg/L)": "230", "Sulfatos (mg/L)": "19", "Cloro Total (mg/L)": "0", "Conductividad (muS/cm)": "476", "Temperatura (°C)": "26.1", "ID": "Santiago de Anaya_El Encino_Manantial Las Pilas" }, "geometry": { "type": "Point", "coordinates": [ -98.910494000078927, 20.449240193903556 ] } },
{ "type": "Feature", "properties": { "CVEGEO_LOC": "130550006", "AÑO": 2015.0, "NOM_MUN": "Santiago de Anaya", "NOM_LOC": "González González", "Fuente de abastecimiento": "Noria Ncandho", "Coliformes Totales (Ausencia o Presencia/100mL)": "Presencia", "E. Coli (Ausencia o Presencia/100mL)": "Ausencia", "Arsenico (mg/L)": "0", "Bario (mg/L)": "0", "Cadmio (mg/L)": null, "Cobre (mg/L)": "0.1", "Hierro (mg/L)": "0", "Manganeso (mg/L)": "0", "Plomo (mg/L)": "0", "Zinc (mg/L)": "0.03", "Cianuros (mg/L)": "0.003", "Cloro Residual (mg/L)": "0", "Cloruros (mg/L)": "39.5", "Dureza Total (mg/L)": "112.12", "Fluoruros (mg/L)": "1.2", "Nitratos (mg/L)": "0.01", "Nitritos (mg/L)": "0", "Ph": "7.17", "SDT (mg/L)": "145.1", "Sulfatos (mg/L)": "46.7", "Cloro Total (mg/L)": "0", "Conductividad (muS/cm)": "359", "Temperatura (°C)": "28.9", "ID": "Santiago de Anaya_González González_Noria Ncandho" }, "geometry": { "type": "Point", "coordinates": [ -98.990003482336846, 20.395592447909181 ] } },
{ "type": "Feature", "properties": { "CVEGEO_LOC": "130550006", "AÑO": 2012.0, "NOM_MUN": "Santiago de Anaya", "NOM_LOC": "González González", "Fuente de abastecimiento": "Pozo San Isidro", "Coliformes Totales (Ausencia o Presencia/100mL)": "Ausencia", "E. Coli (Ausencia o Presencia/100mL)": "Ausencia", "Arsenico (mg/L)": "0", "Bario (mg/L)": null, "Cadmio (mg/L)": null, "Cobre (mg/L)": "0.608", "Hierro (mg/L)": "0", "Manganeso (mg/L)": "0.8", "Plomo (mg/L)": "0", "Zinc (mg/L)": "0.0289", "Cianuros (mg/L)": "0.005", "Cloro Residual (mg/L)": "0.01", "Cloruros (mg/L)": "86", "Dureza Total (mg/L)": "291.1082", "Fluoruros (mg/L)": "0.2", "Nitratos (mg/L)": "0", "Nitritos (mg/L)": "0.0028", "Ph": "7.33", "SDT (mg/L)": "418", "Sulfatos (mg/L)": "47.5", "Cloro Total (mg/L)": "0.02", "Conductividad (muS/cm)": "836", "Temperatura (°C)": "21.8", "ID": "Santiago de Anaya_González González_Pozo San Isidro" }, "geometry": { "type": "Point", "coordinates": [ -98.981789526279215, 20.402963494062909 ] } },
{ "type": "Feature", "properties": { "CVEGEO_LOC": "130550009", "AÑO": 2013.0, "NOM_MUN": "Santiago de Anaya", "NOM_LOC": "Hermosillo Monte Noble", "Fuente de abastecimiento": "Pozo \"La Salitrera\"", "Coliformes Totales (Ausencia o Presencia/100mL)": "Presencia", "E. Coli (Ausencia o Presencia/100mL)": "Ausencia", "Arsenico (mg/L)": "0", "Bario (mg/L)": "0", "Cadmio (mg/L)": null, "Cobre (mg/L)": "0.05", "Hierro (mg/L)": "0", "Manganeso (mg/L)": "0", "Plomo (mg/L)": "0", "Zinc (mg/L)": "0.07", "Cianuros (mg/L)": "0.002", "Cloro Residual (mg/L)": "0", "Cloruros (mg/L)": "27.5", "Dureza Total (mg/L)": "129.09", "Fluoruros (mg/L)": "0.2", "Nitratos (mg/L)": "1", "Nitritos (mg/L)": "0.01", "Ph": "7.33", "SDT (mg/L)": "350", "Sulfatos (mg/L)": "75", "Cloro Total (mg/L)": "0", "Conductividad (muS/cm)": "725", "Temperatura (°C)": "21.2", "ID": "Santiago de Anaya_Hermosillo Monte Noble_Pozo \"La Salitrera\"" }, "geometry": { "type": "Point", "coordinates": [ -98.94410900564796, 20.410439046514604 ] } },
{ "type": "Feature", "properties": { "CVEGEO_LOC": "130550012", "AÑO": 2017.0, "NOM_MUN": "Santiago de Anaya", "NOM_LOC": "El Palmar", "Fuente de abastecimiento": "Pozo la Becerra", "Coliformes Totales (Ausencia o Presencia/100mL)": "Presencia", "E. Coli (Ausencia o Presencia/100mL)": "Ausencia", "Arsenico (mg/L)": "0", "Bario (mg/L)": "0", "Cadmio (mg/L)": null, "Cobre (mg/L)": "0.01", "Hierro (mg/L)": "0", "Manganeso (mg/L)": "0", "Plomo (mg/L)": "0", "Zinc (mg/L)": "0.03", "Cianuros (mg/L)": "0", "Cloro Residual (mg/L)": "0.03", "Cloruros (mg/L)": "13.4", "Dureza Total (mg/L)": "0.01", "Fluoruros (mg/L)": "0.48", "Nitratos (mg/L)": "0.2", "Nitritos (mg/L)": "0.003", "Ph": "7.75", "SDT (mg/L)": "96", "Sulfatos (mg/L)": "15", "Cloro Total (mg/L)": "0.01", "Conductividad (muS/cm)": null, "Temperatura (°C)": null, "ID": "Santiago de Anaya_El Palmar_Pozo la Becerra" }, "geometry": { "type": "Point", "coordinates": [ -99.011006792357989, 20.390917246824468 ] } },
{ "type": "Feature", "properties": { "CVEGEO_LOC": "130550017", "AÑO": 2016.0, "NOM_MUN": "Santiago de Anaya", "NOM_LOC": "Yolotepec", "Fuente de abastecimiento": "Pozo YoloTepec", "Coliformes Totales (Ausencia o Presencia/100mL)": "Presencia", "E. Coli (Ausencia o Presencia/100mL)": "Ausencia", "Arsenico (mg/L)": "0", "Bario (mg/L)": "0", "Cadmio (mg/L)": "ND", "Cobre (mg/L)": "0.22", "Hierro (mg/L)": "0.02", "Manganeso (mg/L)": "0", "Plomo (mg/L)": "0", "Zinc (mg/L)": "0.23", "Cianuros (mg/L)": "0", "Cloro Residual (mg/L)": "0.07", "Cloruros (mg/L)": "78.5", "Dureza Total (mg/L)": "388.88", "Fluoruros (mg/L)": "1.36", "Nitratos (mg/L)": "45750", "Nitritos (mg/L)": "4", "Ph": "7.36", "SDT (mg/L)": "720", "Sulfatos (mg/L)": "101", "Cloro Total (mg/L)": "0.04", "Conductividad (muS/cm)": "1431", "Temperatura (°C)": "45863", "ID": "Santiago de Anaya_Yolotepec_Pozo YoloTepec" }, "geometry": { "type": "Point", "coordinates": [ -99.076472722214874, 20.384834901047441 ] } },
{ "type": "Feature", "properties": { "CVEGEO_LOC": "130550018", "AÑO": 2014.0, "NOM_MUN": "Santiago de Anaya", "NOM_LOC": "Zaragoza", "Fuente de abastecimiento": "Pozo Zaragoza", "Coliformes Totales (Ausencia o Presencia/100mL)": "Presencia", "E. Coli (Ausencia o Presencia/100mL)": "Ausencia", "Arsenico (mg/L)": "0", "Bario (mg/L)": "0", "Cadmio (mg/L)": null, "Cobre (mg/L)": "0.41", "Hierro (mg/L)": "0", "Manganeso (mg/L)": "0", "Plomo (mg/L)": "0", "Zinc (mg/L)": "0.02", "Cianuros (mg/L)": "0.005", "Cloro Residual (mg/L)": "0", "Cloruros (mg/L)": "91", "Dureza Total (mg/L)": "219.99", "Fluoruros (mg/L)": "0.3", "Nitratos (mg/L)": "0", "Nitritos (mg/L)": "0.02", "Ph": "7.59", "SDT (mg/L)": "419", "Sulfatos (mg/L)": "50", "Cloro Total (mg/L)": "0", "Conductividad (muS/cm)": "784", "Temperatura (°C)": "21.4", "ID": "Santiago de Anaya_Zaragoza_Pozo Zaragoza" }, "geometry": { "type": "Point", "coordinates": [ -98.955820101357631, 20.363785520525784 ] } },
{ "type": "Feature", "properties": { "CVEGEO_LOC": "130560001", "AÑO": 2014.0, "NOM_MUN": "Santiago Tulantepec de Lugo Guerrero", "NOM_LOC": "Santiago Tulantepec", "Fuente de abastecimiento": "Cárcamo San Isidro La Explanada", "Coliformes Totales (Ausencia o Presencia/100mL)": "Presencia", "E. Coli (Ausencia o Presencia/100mL)": "Ausencia", "Arsenico (mg/L)": "0", "Bario (mg/L)": "0", "Cadmio (mg/L)": null, "Cobre (mg/L)": "0.33", "Hierro (mg/L)": "0.02", "Manganeso (mg/L)": "0", "Plomo (mg/L)": "0", "Zinc (mg/L)": "0.09", "Cianuros (mg/L)": "0.002", "Cloro Residual (mg/L)": "0.04", "Cloruros (mg/L)": "14.2", "Dureza Total (mg/L)": "131.1", "Fluoruros (mg/L)": "0.2", "Nitratos (mg/L)": "2.7", "Nitritos (mg/L)": "0.015", "Ph": "6.9", "SDT (mg/L)": "233", "Sulfatos (mg/L)": "33", "Cloro Total (mg/L)": "0.07", "Conductividad (muS/cm)": "227", "Temperatura (°C)": "21.8", "ID": "Santiago Tulantepec de Lugo Guerrero_Santiago Tulantepec_Cárcamo San Isidro La Explanada" }, "geometry": { "type": "Point", "coordinates": [ -98.354979347740624, 20.048368417972277 ] } },
{ "type": "Feature", "properties": { "CVEGEO_LOC": "130560001", "AÑO": 2012.0, "NOM_MUN": "Santiago Tulantepec de Lugo Guerrero", "NOM_LOC": "Santiago Tulantepec", "Fuente de abastecimiento": "Manantial Arenal 5 de Mayo", "Coliformes Totales (Ausencia o Presencia/100mL)": "Presencisa", "E. Coli (Ausencia o Presencia/100mL)": "Ausencia", "Arsenico (mg/L)": "0", "Bario (mg/L)": "0.25", "Cadmio (mg/L)": null, "Cobre (mg/L)": "0", "Hierro (mg/L)": "0.02", "Manganeso (mg/L)": "0", "Plomo (mg/L)": "0", "Zinc (mg/L)": "0.023", "Cianuros (mg/L)": "0", "Cloro Residual (mg/L)": "0", "Cloruros (mg/L)": "71", "Dureza Total (mg/L)": "182.2204", "Fluoruros (mg/L)": "0", "Nitratos (mg/L)": "0", "Nitritos (mg/L)": "0", "Ph": "6.99", "SDT (mg/L)": "147.86", "Sulfatos (mg/L)": "20", "Cloro Total (mg/L)": "0", "Conductividad (muS/cm)": "204", "Temperatura (°C)": "22.8", "ID": "Santiago Tulantepec de Lugo Guerrero_Santiago Tulantepec_Manantial Arenal 5 de Mayo" }, "geometry": { "type": "Point", "coordinates": [ -98.352064791271388, 20.035651067686295 ] } },
{ "type": "Feature", "properties": { "CVEGEO_LOC": "130560001", "AÑO": 2012.0, "NOM_MUN": "Santiago Tulantepec de Lugo Guerrero", "NOM_LOC": "Santiago Tulantepec", "Fuente de abastecimiento": "Manantial La Placa", "Coliformes Totales (Ausencia o Presencia/100mL)": "Presencia", "E. Coli (Ausencia o Presencia/100mL)": "Ausencia", "Arsenico (mg/L)": "0", "Bario (mg/L)": "0.4", "Cadmio (mg/L)": null, "Cobre (mg/L)": "0", "Hierro (mg/L)": "0.19", "Manganeso (mg/L)": "0", "Plomo (mg/L)": "0.001", "Zinc (mg/L)": "0.022", "Cianuros (mg/L)": "0", "Cloro Residual (mg/L)": "0.03", "Cloruros (mg/L)": "61", "Dureza Total (mg/L)": "88.888", "Fluoruros (mg/L)": "0", "Nitratos (mg/L)": "0", "Nitritos (mg/L)": "0", "Ph": "6.46", "SDT (mg/L)": "245.5", "Sulfatos (mg/L)": "5", "Cloro Total (mg/L)": "0.02", "Conductividad (muS/cm)": "363", "Temperatura (°C)": "21.2", "ID": "Santiago Tulantepec de Lugo Guerrero_Santiago Tulantepec_Manantial La Placa" }, "geometry": { "type": "Point", "coordinates": [ -98.361714085487307, 20.034792227330023 ] } },
{ "type": "Feature", "properties": { "CVEGEO_LOC": "130560001", "AÑO": 2014.0, "NOM_MUN": "Santiago Tulantepec de Lugo Guerrero", "NOM_LOC": "Santiago Tulantepec", "Fuente de abastecimiento": "Pozo Plan de Ayala", "Coliformes Totales (Ausencia o Presencia/100mL)": "Presencia", "E. Coli (Ausencia o Presencia/100mL)": "Ausencia", "Arsenico (mg/L)": "0", "Bario (mg/L)": "0", "Cadmio (mg/L)": null, "Cobre (mg/L)": "0.19", "Hierro (mg/L)": "0.02", "Manganeso (mg/L)": "0", "Plomo (mg/L)": "0", "Zinc (mg/L)": "0.02", "Cianuros (mg/L)": "0.002", "Cloro Residual (mg/L)": "0.09", "Cloruros (mg/L)": "6.2", "Dureza Total (mg/L)": "148.88", "Fluoruros (mg/L)": "0.29", "Nitratos (mg/L)": "1.8", "Nitritos (mg/L)": "0.005", "Ph": "7.38", "SDT (mg/L)": "243", "Sulfatos (mg/L)": "20", "Cloro Total (mg/L)": "0.06", "Conductividad (muS/cm)": "234", "Temperatura (°C)": "21.7", "ID": "Santiago Tulantepec de Lugo Guerrero_Santiago Tulantepec_Pozo Plan de Ayala" }, "geometry": { "type": "Point", "coordinates": [ -98.359837849917113, 20.044068069481618 ] } },
{ "type": "Feature", "properties": { "CVEGEO_LOC": "130560001", "AÑO": 2015.0, "NOM_MUN": "Santiago Tulantepec de Lugo Guerrero", "NOM_LOC": "Santiago Tulantepec", "Fuente de abastecimiento": "Pozo Plan de Ayala", "Coliformes Totales (Ausencia o Presencia/100mL)": "Presencia", "E. Coli (Ausencia o Presencia/100mL)": "Ausencia", "Arsenico (mg/L)": "0", "Bario (mg/L)": "0", "Cadmio (mg/L)": null, "Cobre (mg/L)": "0.02", "Hierro (mg/L)": "0.01", "Manganeso (mg/L)": "0", "Plomo (mg/L)": "0", "Zinc (mg/L)": "0.04", "Cianuros (mg/L)": "0.001", "Cloro Residual (mg/L)": "0", "Cloruros (mg/L)": "9.2", "Dureza Total (mg/L)": "135.54", "Fluoruros (mg/L)": "0", "Nitratos (mg/L)": "1.3", "Nitritos (mg/L)": "0.004", "Ph": "7.04", "SDT (mg/L)": "256", "Sulfatos (mg/L)": "24", "Cloro Total (mg/L)": "0", "Conductividad (muS/cm)": "684", "Temperatura (°C)": "24.8", "ID": "Santiago Tulantepec de Lugo Guerrero_Santiago Tulantepec_Pozo Plan de Ayala" }, "geometry": { "type": "Point", "coordinates": [ -98.359837849917113, 20.044068069481618 ] } },
{ "type": "Feature", "properties": { "CVEGEO_LOC": "130560001", "AÑO": 2015.0, "NOM_MUN": "Santiago Tulantepec de Lugo Guerrero", "NOM_LOC": "Santiago Tulantepec", "Fuente de abastecimiento": "Tanque La Explanada", "Coliformes Totales (Ausencia o Presencia/100mL)": "Presencia", "E. Coli (Ausencia o Presencia/100mL)": "Ausencia", "Arsenico (mg/L)": "0", "Bario (mg/L)": "0", "Cadmio (mg/L)": null, "Cobre (mg/L)": "0.66", "Hierro (mg/L)": "0", "Manganeso (mg/L)": "0", "Plomo (mg/L)": "0", "Zinc (mg/L)": "0.05", "Cianuros (mg/L)": "0.002", "Cloro Residual (mg/L)": "0", "Cloruros (mg/L)": "15", "Dureza Total (mg/L)": "321.22", "Fluoruros (mg/L)": "0", "Nitratos (mg/L)": "3", "Nitritos (mg/L)": "0.012", "Ph": "6.59", "SDT (mg/L)": "327", "Sulfatos (mg/L)": "38", "Cloro Total (mg/L)": "0", "Conductividad (muS/cm)": "642", "Temperatura (°C)": "24.5", "ID": "Santiago Tulantepec de Lugo Guerrero_Santiago Tulantepec_Tanque La Explanada" }, "geometry": { "type": "Point", "coordinates": [ -98.359506478989005, 20.050981176622017 ] } },
{ "type": "Feature", "properties": { "CVEGEO_LOC": "130560004", "AÑO": 2017.0, "NOM_MUN": "Santiago Tulantepec de Lugo Guerrero", "NOM_LOC": "Los Romeros", "Fuente de abastecimiento": "Pozo Los Romeros", "Coliformes Totales (Ausencia o Presencia/100mL)": "Presencia", "E. Coli (Ausencia o Presencia/100mL)": "Ausencia", "Arsenico (mg/L)": "0", "Bario (mg/L)": "0", "Cadmio (mg/L)": null, "Cobre (mg/L)": "0.06", "Hierro (mg/L)": "0", "Manganeso (mg/L)": "0", "Plomo (mg/L)": "0", "Zinc (mg/L)": "0.012", "Cianuros (mg/L)": "0.001", "Cloro Residual (mg/L)": "0.09", "Cloruros (mg/L)": "124.6", "Dureza Total (mg/L)": "36.99", "Fluoruros (mg/L)": "0.9", "Nitratos (mg/L)": "2.6", "Nitritos (mg/L)": "0.012", "Ph": "6.85", "SDT (mg/L)": "795", "Sulfatos (mg/L)": "135", "Cloro Total (mg/L)": "0.07", "Conductividad (muS/cm)": "1727", "Temperatura (°C)": "28.1", "ID": "Santiago Tulantepec de Lugo Guerrero_Los Romeros_Pozo Los Romeros" }, "geometry": { "type": "Point", "coordinates": [ -98.412785475367656, 20.028802480577841 ] } },
{ "type": "Feature", "properties": { "CVEGEO_LOC": "130560008", "AÑO": 2017.0, "NOM_MUN": "Santiago Tulantepec de Lugo Guerrero", "NOM_LOC": "Ventoquipa", "Fuente de abastecimiento": "Mamantial Ventoquipa", "Coliformes Totales (Ausencia o Presencia/100mL)": "Presencia", "E. Coli (Ausencia o Presencia/100mL)": "Ausencia", "Arsenico (mg/L)": "0", "Bario (mg/L)": "0", "Cadmio (mg/L)": null, "Cobre (mg/L)": "0.2", "Hierro (mg/L)": "0.01", "Manganeso (mg/L)": "0", "Plomo (mg/L)": "0.06", "Zinc (mg/L)": "0.06", "Cianuros (mg/L)": "0.001", "Cloro Residual (mg/L)": "0.16", "Cloruros (mg/L)": "76", "Dureza Total (mg/L)": "0.08", "Fluoruros (mg/L)": "0.33", "Nitratos (mg/L)": "1.2", "Nitritos (mg/L)": "0.005", "Ph": "7.11", "SDT (mg/L)": "515", "Sulfatos (mg/L)": "101", "Cloro Total (mg/L)": "0.08", "Conductividad (muS/cm)": "1181", "Temperatura (°C)": "23.2", "ID": "Santiago Tulantepec de Lugo Guerrero_Ventoquipa_Mamantial Ventoquipa" }, "geometry": { "type": "Point", "coordinates": [ -98.338174487437996, 20.033288750683276 ] } },
{ "type": "Feature", "properties": { "CVEGEO_LOC": "130560008", "AÑO": 2014.0, "NOM_MUN": "Santiago Tulantepec de Lugo Guerrero", "NOM_LOC": "Ventoquipa", "Fuente de abastecimiento": "Manantial Ventoquipa", "Coliformes Totales (Ausencia o Presencia/100mL)": "Presencia", "E. Coli (Ausencia o Presencia/100mL)": "Presencia", "Arsenico (mg/L)": "0", "Bario (mg/L)": "0", "Cadmio (mg/L)": null, "Cobre (mg/L)": "0.31", "Hierro (mg/L)": "0.07", "Manganeso (mg/L)": "0.3", "Plomo (mg/L)": "0.005", "Zinc (mg/L)": "0.05", "Cianuros (mg/L)": "0.012", "Cloro Residual (mg/L)": "0.04", "Cloruros (mg/L)": "3.1", "Dureza Total (mg/L)": "73.33", "Fluoruros (mg/L)": "0.024", "Nitratos (mg/L)": "3.5", "Nitritos (mg/L)": "0.006", "Ph": "7.58", "SDT (mg/L)": "82.1", "Sulfatos (mg/L)": "6", "Cloro Total (mg/L)": "0", "Conductividad (muS/cm)": "171.9", "Temperatura (°C)": "22.9", "ID": "Santiago Tulantepec de Lugo Guerrero_Ventoquipa_Manantial Ventoquipa" }, "geometry": { "type": "Point", "coordinates": [ -98.340655715102173, 20.033521153819486 ] } },
{ "type": "Feature", "properties": { "CVEGEO_LOC": "130560008", "AÑO": 2016.0, "NOM_MUN": "Santiago Tulantepec de Lugo Guerrero", "NOM_LOC": "Ventoquipa", "Fuente de abastecimiento": "Manantial Ventoquipa", "Coliformes Totales (Ausencia o Presencia/100mL)": "Presencia", "E. Coli (Ausencia o Presencia/100mL)": "Ausencia", "Arsenico (mg/L)": "0", "Bario (mg/L)": "0", "Cadmio (mg/L)": "ND", "Cobre (mg/L)": "0.82", "Hierro (mg/L)": "0", "Manganeso (mg/L)": "0", "Plomo (mg/L)": "0", "Zinc (mg/L)": "45689", "Cianuros (mg/L)": "1", "Cloro Residual (mg/L)": "0", "Cloruros (mg/L)": "45906", "Dureza Total (mg/L)": "126.66", "Fluoruros (mg/L)": "0.58", "Nitratos (mg/L)": "45749", "Nitritos (mg/L)": "0.01", "Ph": "7.55", "SDT (mg/L)": "92.3", "Sulfatos (mg/L)": "3", "Cloro Total (mg/L)": "0", "Conductividad (muS/cm)": "175.7", "Temperatura (°C)": "23", "ID": "Santiago Tulantepec de Lugo Guerrero_Ventoquipa_Manantial Ventoquipa" }, "geometry": { "type": "Point", "coordinates": [ -98.340655715102173, 20.033521153819486 ] } },
{ "type": "Feature", "properties": { "CVEGEO_LOC": "130560008", "AÑO": 2013.0, "NOM_MUN": "Santiago Tulantepec de Lugo Guerrero", "NOM_LOC": "Ventoquipa", "Fuente de abastecimiento": "Manantial Ventoquipa", "Coliformes Totales (Ausencia o Presencia/100mL)": "Presencia", "E. Coli (Ausencia o Presencia/100mL)": "Ausencia", "Arsenico (mg/L)": "0", "Bario (mg/L)": "0", "Cadmio (mg/L)": null, "Cobre (mg/L)": "0.1", "Hierro (mg/L)": "0", "Manganeso (mg/L)": "0", "Plomo (mg/L)": "0", "Zinc (mg/L)": "0.3", "Cianuros (mg/L)": "0.02", "Cloro Residual (mg/L)": "0.05", "Cloruros (mg/L)": "8.9", "Dureza Total (mg/L)": "63.33", "Fluoruros (mg/L)": "0", "Nitratos (mg/L)": "1", "Nitritos (mg/L)": "0.02", "Ph": "7.81", "SDT (mg/L)": "130.6", "Sulfatos (mg/L)": "1.5", "Cloro Total (mg/L)": "0.08", "Conductividad (muS/cm)": "152.8", "Temperatura (°C)": "20.8", "ID": "Santiago Tulantepec de Lugo Guerrero_Ventoquipa_Manantial Ventoquipa" }, "geometry": { "type": "Point", "coordinates": [ -98.340655715102173, 20.033521153819486 ] } },
{ "type": "Feature", "properties": { "CVEGEO_LOC": "130560008", "AÑO": 2014.0, "NOM_MUN": "Santiago Tulantepec de Lugo Guerrero", "NOM_LOC": "Ventoquipa", "Fuente de abastecimiento": "Tanque de Distribución", "Coliformes Totales (Ausencia o Presencia/100mL)": "Presencia", "E. Coli (Ausencia o Presencia/100mL)": "Ausencia", "Arsenico (mg/L)": "0", "Bario (mg/L)": "0", "Cadmio (mg/L)": null, "Cobre (mg/L)": "0.35", "Hierro (mg/L)": "0.08", "Manganeso (mg/L)": "0.1", "Plomo (mg/L)": "0.005", "Zinc (mg/L)": "0.03", "Cianuros (mg/L)": "0.005", "Cloro Residual (mg/L)": "0.74", "Cloruros (mg/L)": "4", "Dureza Total (mg/L)": "71.11", "Fluoruros (mg/L)": "0.3", "Nitratos (mg/L)": "4.5", "Nitritos (mg/L)": "0.007", "Ph": "7.56", "SDT (mg/L)": "81.1", "Sulfatos (mg/L)": "3", "Cloro Total (mg/L)": "0.83", "Conductividad (muS/cm)": "169.9", "Temperatura (°C)": "20.6", "ID": "Santiago Tulantepec de Lugo Guerrero_Ventoquipa_Tanque de Distribución" }, "geometry": { "type": "Point", "coordinates": [ -98.340861868643486, 20.0351978659398 ] } },
{ "type": "Feature", "properties": { "CVEGEO_LOC": "130560008", "AÑO": 2014.0, "NOM_MUN": "Santiago Tulantepec de Lugo Guerrero", "NOM_LOC": "Ventoquipa", "Fuente de abastecimiento": "Toma Domiciliaria", "Coliformes Totales (Ausencia o Presencia/100mL)": "Presencia", "E. Coli (Ausencia o Presencia/100mL)": "Ausencia", "Arsenico (mg/L)": "0", "Bario (mg/L)": "0.3", "Cadmio (mg/L)": null, "Cobre (mg/L)": "0.65", "Hierro (mg/L)": "0.05", "Manganeso (mg/L)": "0.3", "Plomo (mg/L)": "0.007", "Zinc (mg/L)": "0.04", "Cianuros (mg/L)": "0.007", "Cloro Residual (mg/L)": "0.62", "Cloruros (mg/L)": "4.4", "Dureza Total (mg/L)": "71.11", "Fluoruros (mg/L)": "0", "Nitratos (mg/L)": "4.5", "Nitritos (mg/L)": "0.005", "Ph": "7.5", "SDT (mg/L)": "81.7", "Sulfatos (mg/L)": "3", "Cloro Total (mg/L)": "0.71", "Conductividad (muS/cm)": "171.1", "Temperatura (°C)": "19.1", "ID": "Santiago Tulantepec de Lugo Guerrero_Ventoquipa_Toma Domiciliaria" }, "geometry": { "type": "Point", "coordinates": [ -98.33894710115041, 20.034968820218168 ] } },
{ "type": "Feature", "properties": { "CVEGEO_LOC": "130560016", "AÑO": 2014.0, "NOM_MUN": "Santiago Tulantepec de Lugo Guerrero", "NOM_LOC": "Paxtepec", "Fuente de abastecimiento": "Pozo Rancho Paxtepec", "Coliformes Totales (Ausencia o Presencia/100mL)": "Presencia", "E. Coli (Ausencia o Presencia/100mL)": "Ausencia", "Arsenico (mg/L)": "0", "Bario (mg/L)": "0", "Cadmio (mg/L)": null, "Cobre (mg/L)": "0.6", "Hierro (mg/L)": "0.15", "Manganeso (mg/L)": "0.1", "Plomo (mg/L)": "0.001", "Zinc (mg/L)": "0.04", "Cianuros (mg/L)": "0.004", "Cloro Residual (mg/L)": "0", "Cloruros (mg/L)": "7.3", "Dureza Total (mg/L)": "111.11", "Fluoruros (mg/L)": "0.14", "Nitratos (mg/L)": "2.4", "Nitritos (mg/L)": "0.01", "Ph": "7.3", "SDT (mg/L)": "85.1", "Sulfatos (mg/L)": "5", "Cloro Total (mg/L)": "0", "Conductividad (muS/cm)": "170.3", "Temperatura (°C)": "17.1", "ID": "Santiago Tulantepec de Lugo Guerrero_Paxtepec_Pozo Rancho Paxtepec" }, "geometry": { "type": "Point", "coordinates": [ -98.431578949861986, 20.051008074805086 ] } },
{ "type": "Feature", "properties": { "CVEGEO_LOC": "130560028", "AÑO": 2013.0, "NOM_MUN": "Santiago Tulantepec de Lugo Guerrero", "NOM_LOC": "La Joya", "Fuente de abastecimiento": "Pozo La Joya", "Coliformes Totales (Ausencia o Presencia/100mL)": "Presencia", "E. Coli (Ausencia o Presencia/100mL)": "Ausencia", "Arsenico (mg/L)": "0", "Bario (mg/L)": "0", "Cadmio (mg/L)": null, "Cobre (mg/L)": "0.03", "Hierro (mg/L)": "0", "Manganeso (mg/L)": "0", "Plomo (mg/L)": "0", "Zinc (mg/L)": "0.2", "Cianuros (mg/L)": "0.003", "Cloro Residual (mg/L)": "0.07", "Cloruros (mg/L)": "6.7", "Dureza Total (mg/L)": "54.44", "Fluoruros (mg/L)": "0", "Nitratos (mg/L)": "2.5", "Nitritos (mg/L)": "0.02", "Ph": "7.5", "SDT (mg/L)": "89", "Sulfatos (mg/L)": "6", "Cloro Total (mg/L)": "0", "Conductividad (muS/cm)": "141.6", "Temperatura (°C)": "22", "ID": "Santiago Tulantepec de Lugo Guerrero_La Joya_Pozo La Joya" }, "geometry": { "type": "Point", "coordinates": [ -98.375613024323314, 20.042744890639639 ] } },
{ "type": "Feature", "properties": { "CVEGEO_LOC": "130560028", "AÑO": 2016.0, "NOM_MUN": "Santiago Tulantepec de Lugo Guerrero", "NOM_LOC": "La Joya", "Fuente de abastecimiento": "Pozo La Joya", "Coliformes Totales (Ausencia o Presencia/100mL)": "Presencia", "E. Coli (Ausencia o Presencia/100mL)": "Ausencia", "Arsenico (mg/L)": "0", "Bario (mg/L)": "0", "Cadmio (mg/L)": "ND", "Cobre (mg/L)": "0.18", "Hierro (mg/L)": "0", "Manganeso (mg/L)": "0", "Plomo (mg/L)": "0", "Zinc (mg/L)": "0.04", "Cianuros (mg/L)": "3", "Cloro Residual (mg/L)": "0", "Cloruros (mg/L)": "5", "Dureza Total (mg/L)": "126.66", "Fluoruros (mg/L)": "0.4", "Nitratos (mg/L)": "45689", "Nitritos (mg/L)": "7", "Ph": "7.57", "SDT (mg/L)": "97.8", "Sulfatos (mg/L)": "1", "Cloro Total (mg/L)": "0", "Conductividad (muS/cm)": "188.7", "Temperatura (°C)": "20", "ID": "Santiago Tulantepec de Lugo Guerrero_La Joya_Pozo La Joya" }, "geometry": { "type": "Point", "coordinates": [ -98.375613024323314, 20.042744890639639 ] } },
{ "type": "Feature", "properties": { "CVEGEO_LOC": "130560036", "AÑO": 2018.0, "NOM_MUN": "Santiago Tulantepec de Lugo Guerrero", "NOM_LOC": "Unidades Habitacionales", "Fuente de abastecimiento": "Pozo Bosques Dos", "Coliformes Totales (Ausencia o Presencia/100mL)": "Presencia", "E. Coli (Ausencia o Presencia/100mL)": "Ausencia", "Arsenico (mg/L)": "0", "Bario (mg/L)": "0.1", "Cadmio (mg/L)": "0", "Cobre (mg/L)": "0", "Hierro (mg/L)": "0.35", "Manganeso (mg/L)": "0.01", "Plomo (mg/L)": "0", "Zinc (mg/L)": "0.4", "Cianuros (mg/L)": "0.003", "Cloro Residual (mg/L)": "0", "Cloruros (mg/L)": "72.3", "Dureza Total (mg/L)": "200", "Fluoruros (mg/L)": "0.6", "Nitratos (mg/L)": "0.2", "Nitritos (mg/L)": "0.001", "Ph": "6.3", "SDT (mg/L)": "160", "Sulfatos (mg/L)": "37", "Cloro Total (mg/L)": "0", "Conductividad (muS/cm)": "547", "Temperatura (°C)": "20.2", "ID": "Santiago Tulantepec de Lugo Guerrero_Unidades Habitacionales_Pozo Bosques Dos" }, "geometry": { "type": "Point", "coordinates": [ -98.419466507815912, 20.062523183540549 ] } },
{ "type": "Feature", "properties": { "CVEGEO_LOC": "130570024", "AÑO": 2014.0, "NOM_MUN": "Singuilucan", "NOM_LOC": "El Susto", "Fuente de abastecimiento": "Planta Potabilizadora", "Coliformes Totales (Ausencia o Presencia/100mL)": "Presencia", "E. Coli (Ausencia o Presencia/100mL)": "Ausencia", "Arsenico (mg/L)": "0", "Bario (mg/L)": "0", "Cadmio (mg/L)": null, "Cobre (mg/L)": "0.18", "Hierro (mg/L)": "0.11", "Manganeso (mg/L)": "0.01", "Plomo (mg/L)": "0", "Zinc (mg/L)": "0.05", "Cianuros (mg/L)": "0.006", "Cloro Residual (mg/L)": "0", "Cloruros (mg/L)": "6.9", "Dureza Total (mg/L)": "39.99", "Fluoruros (mg/L)": "0.35", "Nitratos (mg/L)": "1", "Nitritos (mg/L)": "0.011", "Ph": "8.5", "SDT (mg/L)": "65", "Sulfatos (mg/L)": "1", "Cloro Total (mg/L)": "0", "Conductividad (muS/cm)": "130", "Temperatura (°C)": "19.6", "ID": "Singuilucan_El Susto_Planta Potabilizadora" }, "geometry": { "type": "Point", "coordinates": [ -98.497371208164196, 20.05919130611392 ] } },
{ "type": "Feature", "properties": { "CVEGEO_LOC": "130580001", "AÑO": 2013.0, "NOM_MUN": "Tasquillo", "NOM_LOC": "Tasquillo", "Fuente de abastecimiento": "El Calvario", "Coliformes Totales (Ausencia o Presencia/100mL)": "Presencia", "E. Coli (Ausencia o Presencia/100mL)": "Ausencia", "Arsenico (mg/L)": "0", "Bario (mg/L)": "0", "Cadmio (mg/L)": null, "Cobre (mg/L)": "0.3", "Hierro (mg/L)": "0", "Manganeso (mg/L)": "0", "Plomo (mg/L)": "0", "Zinc (mg/L)": "0", "Cianuros (mg/L)": "0", "Cloro Residual (mg/L)": "0", "Cloruros (mg/L)": "136", "Dureza Total (mg/L)": "186.66", "Fluoruros (mg/L)": "0.4", "Nitratos (mg/L)": "0.01", "Nitritos (mg/L)": "0", "Ph": "7.1", "SDT (mg/L)": "341", "Sulfatos (mg/L)": "230", "Cloro Total (mg/L)": "0", "Conductividad (muS/cm)": "455", "Temperatura (°C)": "19.8", "ID": "Tasquillo_Tasquillo_El Calvario" }, "geometry": { "type": "Point", "coordinates": [ -99.309575697917637, 20.55562455203448 ] } },
{ "type": "Feature", "properties": { "CVEGEO_LOC": "130580001", "AÑO": 2012.0, "NOM_MUN": "Tasquillo", "NOM_LOC": "Tasquillo", "Fuente de abastecimiento": "Manantial Pozo Grande", "Coliformes Totales (Ausencia o Presencia/100mL)": "Presencia", "E. Coli (Ausencia o Presencia/100mL)": "Ausencia", "Arsenico (mg/L)": "0", "Bario (mg/L)": null, "Cadmio (mg/L)": null, "Cobre (mg/L)": "0.4", "Hierro (mg/L)": "0", "Manganeso (mg/L)": null, "Plomo (mg/L)": "0", "Zinc (mg/L)": "0.018", "Cianuros (mg/L)": "0", "Cloro Residual (mg/L)": "0", "Cloruros (mg/L)": "200", "Dureza Total (mg/L)": "299.997", "Fluoruros (mg/L)": "0.69", "Nitratos (mg/L)": "0", "Nitritos (mg/L)": "0", "Ph": "7.15", "SDT (mg/L)": "743", "Sulfatos (mg/L)": "330", "Cloro Total (mg/L)": "0", "Conductividad (muS/cm)": "1166", "Temperatura (°C)": "27.5", "ID": "Tasquillo_Tasquillo_Manantial Pozo Grande" }, "geometry": { "type": "Point", "coordinates": [ -99.306704183100038, 20.54797379980695 ] } },
{ "type": "Feature", "properties": { "CVEGEO_LOC": "130580001", "AÑO": 2013.0, "NOM_MUN": "Tasquillo", "NOM_LOC": "Tasquillo", "Fuente de abastecimiento": "Pozo San Isidro", "Coliformes Totales (Ausencia o Presencia/100mL)": "Presencia", "E. Coli (Ausencia o Presencia/100mL)": "Ausencia", "Arsenico (mg/L)": "0", "Bario (mg/L)": "0", "Cadmio (mg/L)": null, "Cobre (mg/L)": "0.3", "Hierro (mg/L)": "0", "Manganeso (mg/L)": "0", "Plomo (mg/L)": "0", "Zinc (mg/L)": "0.01", "Cianuros (mg/L)": "0", "Cloro Residual (mg/L)": "0", "Cloruros (mg/L)": "169", "Dureza Total (mg/L)": "236.66", "Fluoruros (mg/L)": "0.5", "Nitratos (mg/L)": "0", "Nitritos (mg/L)": "0", "Ph": "7.1", "SDT (mg/L)": "723.1", "Sulfatos (mg/L)": "328", "Cloro Total (mg/L)": "0", "Conductividad (muS/cm)": "1156", "Temperatura (°C)": "21.6", "ID": "Tasquillo_Tasquillo_Pozo San Isidro" }, "geometry": { "type": "Point", "coordinates": [ -99.313941840220437, 20.54427118835185 ] } },
{ "type": "Feature", "properties": { "CVEGEO_LOC": "130580001", "AÑO": 2015.0, "NOM_MUN": "Tasquillo", "NOM_LOC": "Tasquillo", "Fuente de abastecimiento": "Pozo San Isidro", "Coliformes Totales (Ausencia o Presencia/100mL)": "Presencia", "E. Coli (Ausencia o Presencia/100mL)": "Ausencia", "Arsenico (mg/L)": "0", "Bario (mg/L)": "0", "Cadmio (mg/L)": null, "Cobre (mg/L)": "0.37", "Hierro (mg/L)": "0.03", "Manganeso (mg/L)": "0", "Plomo (mg/L)": "0", "Zinc (mg/L)": "0.06", "Cianuros (mg/L)": "0", "Cloro Residual (mg/L)": "0", "Cloruros (mg/L)": "42.8", "Dureza Total (mg/L)": "326.66", "Fluoruros (mg/L)": "0.53", "Nitratos (mg/L)": "1.3", "Nitritos (mg/L)": "0.001", "Ph": "7", "SDT (mg/L)": "725", "Sulfatos (mg/L)": "96", "Cloro Total (mg/L)": "0", "Conductividad (muS/cm)": "27.2", "Temperatura (°C)": "26.8", "ID": "Tasquillo_Tasquillo_Pozo San Isidro" }, "geometry": { "type": "Point", "coordinates": [ -99.313941840220437, 20.54427118835185 ] } },
{ "type": "Feature", "properties": { "CVEGEO_LOC": "130580001", "AÑO": 2015.0, "NOM_MUN": "Tasquillo", "NOM_LOC": "Tasquillo", "Fuente de abastecimiento": "Pozo Vivero", "Coliformes Totales (Ausencia o Presencia/100mL)": "Presencia", "E. Coli (Ausencia o Presencia/100mL)": "Ausencia", "Arsenico (mg/L)": "0", "Bario (mg/L)": "0", "Cadmio (mg/L)": null, "Cobre (mg/L)": "0.03", "Hierro (mg/L)": "0", "Manganeso (mg/L)": "0", "Plomo (mg/L)": "0", "Zinc (mg/L)": "0.06", "Cianuros (mg/L)": "0", "Cloro Residual (mg/L)": "0", "Cloruros (mg/L)": "73.2", "Dureza Total (mg/L)": "304.44", "Fluoruros (mg/L)": "0.7", "Nitratos (mg/L)": "1.3", "Nitritos (mg/L)": "0.003", "Ph": "7.44", "SDT (mg/L)": "863", "Sulfatos (mg/L)": "97", "Cloro Total (mg/L)": "0", "Conductividad (muS/cm)": "23.9", "Temperatura (°C)": "26.5", "ID": "Tasquillo_Tasquillo_Pozo Vivero" }, "geometry": { "type": "Point", "coordinates": [ -99.317276340675718, 20.551891912990573 ] } },
{ "type": "Feature", "properties": { "CVEGEO_LOC": "130580002", "AÑO": 2017.0, "NOM_MUN": "Tasquillo", "NOM_LOC": "Arbolado", "Fuente de abastecimiento": "Manantial el Bindho", "Coliformes Totales (Ausencia o Presencia/100mL)": "Presencia", "E. Coli (Ausencia o Presencia/100mL)": "Ausencia", "Arsenico (mg/L)": "0", "Bario (mg/L)": "0", "Cadmio (mg/L)": null, "Cobre (mg/L)": "0.3", "Hierro (mg/L)": "0", "Manganeso (mg/L)": "0", "Plomo (mg/L)": "0", "Zinc (mg/L)": "0.03", "Cianuros (mg/L)": "0", "Cloro Residual (mg/L)": "0.04", "Cloruros (mg/L)": "117.3", "Dureza Total (mg/L)": "39.99", "Fluoruros (mg/L)": "0.46", "Nitratos (mg/L)": "4.7", "Nitritos (mg/L)": "0.007", "Ph": "7.05", "SDT (mg/L)": "1794", "Sulfatos (mg/L)": "119", "Cloro Total (mg/L)": "0", "Conductividad (muS/cm)": "1437", "Temperatura (°C)": "23.7", "ID": "Tasquillo_Arbolado_Manantial el Bindho" }, "geometry": { "type": "Point", "coordinates": [ -99.332182251939827, 20.559860854237641 ] } },
{ "type": "Feature", "properties": { "CVEGEO_LOC": "130580003", "AÑO": 2017.0, "NOM_MUN": "Tasquillo", "NOM_LOC": "Bondhí", "Fuente de abastecimiento": "Pozo Bondhi", "Coliformes Totales (Ausencia o Presencia/100mL)": "ND", "E. Coli (Ausencia o Presencia/100mL)": "ND", "Arsenico (mg/L)": "0", "Bario (mg/L)": "0", "Cadmio (mg/L)": null, "Cobre (mg/L)": "0", "Hierro (mg/L)": "0.02", "Manganeso (mg/L)": "0.1", "Plomo (mg/L)": "0", "Zinc (mg/L)": "0.03", "Cianuros (mg/L)": null, "Cloro Residual (mg/L)": null, "Cloruros (mg/L)": null, "Dureza Total (mg/L)": null, "Fluoruros (mg/L)": null, "Nitratos (mg/L)": null, "Nitritos (mg/L)": null, "Ph": null, "SDT (mg/L)": null, "Sulfatos (mg/L)": null, "Cloro Total (mg/L)": null, "Conductividad (muS/cm)": null, "Temperatura (°C)": null, "ID": "Tasquillo_Bondhí_Pozo Bondhi" }, "geometry": { "type": "Point", "coordinates": [ -99.294976040512083, 20.530347424871028 ] } },
{ "type": "Feature", "properties": { "CVEGEO_LOC": "130580003", "AÑO": 2020.0, "NOM_MUN": "Tasquillo", "NOM_LOC": "Bondhí", "Fuente de abastecimiento": "Pozo El Bondhi", "Coliformes Totales (Ausencia o Presencia/100mL)": "Presencia", "E. Coli (Ausencia o Presencia/100mL)": "Ausencia", "Arsenico (mg/L)": "0", "Bario (mg/L)": "0", "Cadmio (mg/L)": "0", "Cobre (mg/L)": "1.01", "Hierro (mg/L)": "0.12", "Manganeso (mg/L)": "0", "Plomo (mg/L)": "0", "Zinc (mg/L)": "0.02", "Cianuros (mg/L)": "0", "Cloro Residual (mg/L)": "0", "Cloruros (mg/L)": "62.5", "Dureza Total (mg/L)": "146.66", "Fluoruros (mg/L)": "0.76", "Nitratos (mg/L)": "2", "Nitritos (mg/L)": "0.005", "Ph": "8.48", "SDT (mg/L)": "247.8", "Sulfatos (mg/L)": "84", "Cloro Total (mg/L)": "0.38", "Conductividad (muS/cm)": "247.8", "Temperatura (°C)": "27.4", "ID": "Tasquillo_Bondhí_Pozo El Bondhi" }, "geometry": { "type": "Point", "coordinates": [ -99.298301277198505, 20.529347837301451 ] } },
{ "type": "Feature", "properties": { "CVEGEO_LOC": "130580012", "AÑO": 2015.0, "NOM_MUN": "Tasquillo", "NOM_LOC": "Huizachez", "Fuente de abastecimiento": "Pozo El Horno", "Coliformes Totales (Ausencia o Presencia/100mL)": "Presencia", "E. Coli (Ausencia o Presencia/100mL)": "Presencia", "Arsenico (mg/L)": "0", "Bario (mg/L)": "0", "Cadmio (mg/L)": null, "Cobre (mg/L)": "0.01", "Hierro (mg/L)": "0", "Manganeso (mg/L)": "0", "Plomo (mg/L)": "0.013", "Zinc (mg/L)": "0.1", "Cianuros (mg/L)": "0.003", "Cloro Residual (mg/L)": "0.1", "Cloruros (mg/L)": "35.9", "Dureza Total (mg/L)": "224.44", "Fluoruros (mg/L)": "0.79", "Nitratos (mg/L)": "2.1", "Nitritos (mg/L)": "0.004", "Ph": "8.08", "SDT (mg/L)": "654", "Sulfatos (mg/L)": "278", "Cloro Total (mg/L)": "0.2", "Conductividad (muS/cm)": "740", "Temperatura (°C)": "25.4", "ID": "Tasquillo_Huizachez_Pozo El Horno" }, "geometry": { "type": "Point", "coordinates": [ -99.414643451969852, 20.520713405751909 ] } },
{ "type": "Feature", "properties": { "CVEGEO_LOC": "130580017", "AÑO": 2016.0, "NOM_MUN": "Tasquillo", "NOM_LOC": "Portezuelo", "Fuente de abastecimiento": "Pozo El Durazno", "Coliformes Totales (Ausencia o Presencia/100mL)": "Presencia", "E. Coli (Ausencia o Presencia/100mL)": "Presencia", "Arsenico (mg/L)": "0", "Bario (mg/L)": "0", "Cadmio (mg/L)": "ND", "Cobre (mg/L)": "0", "Hierro (mg/L)": "0.01", "Manganeso (mg/L)": "0", "Plomo (mg/L)": "0", "Zinc (mg/L)": "0.05", "Cianuros (mg/L)": "0", "Cloro Residual (mg/L)": "0", "Cloruros (mg/L)": "41.5", "Dureza Total (mg/L)": "288.88", "Fluoruros (mg/L)": "0.48", "Nitratos (mg/L)": "0.7", "Nitritos (mg/L)": "0", "Ph": "45724", "SDT (mg/L)": "367", "Sulfatos (mg/L)": "55", "Cloro Total (mg/L)": "0", "Conductividad (muS/cm)": "753", "Temperatura (°C)": "45776", "ID": "Tasquillo_Portezuelo_Pozo El Durazno" }, "geometry": { "type": "Point", "coordinates": [ -99.311857444087153, 20.481041951107841 ] } },
{ "type": "Feature", "properties": { "CVEGEO_LOC": "130580025", "AÑO": 2012.0, "NOM_MUN": "Tasquillo", "NOM_LOC": "Tetzhú", "Fuente de abastecimiento": "Manantial Cuatolol", "Coliformes Totales (Ausencia o Presencia/100mL)": "Presencia", "E. Coli (Ausencia o Presencia/100mL)": "Ausencia", "Arsenico (mg/L)": "0", "Bario (mg/L)": null, "Cadmio (mg/L)": null, "Cobre (mg/L)": "0.593", "Hierro (mg/L)": "0", "Manganeso (mg/L)": null, "Plomo (mg/L)": "0", "Zinc (mg/L)": "0.025", "Cianuros (mg/L)": "0", "Cloro Residual (mg/L)": "0", "Cloruros (mg/L)": "182.5", "Dureza Total (mg/L)": "375.5518", "Fluoruros (mg/L)": "0.29", "Nitratos (mg/L)": "0.1", "Nitritos (mg/L)": "0", "Ph": "7.5", "SDT (mg/L)": "567", "Sulfatos (mg/L)": "275", "Cloro Total (mg/L)": "0", "Conductividad (muS/cm)": "615", "Temperatura (°C)": "26.3", "ID": "Tasquillo_Tetzhú_Manantial Cuatolol" }, "geometry": { "type": "Point", "coordinates": [ -99.344680975429426, 20.556927924116771 ] } },
{ "type": "Feature", "properties": { "CVEGEO_LOC": "130580036", "AÑO": 2016.0, "NOM_MUN": "Tasquillo", "NOM_LOC": "San Isidro", "Fuente de abastecimiento": "Pozo San Isidro", "Coliformes Totales (Ausencia o Presencia/100mL)": "Presencia", "E. Coli (Ausencia o Presencia/100mL)": "Presencia", "Arsenico (mg/L)": "0", "Bario (mg/L)": "0", "Cadmio (mg/L)": "ND", "Cobre (mg/L)": "0", "Hierro (mg/L)": "0", "Manganeso (mg/L)": "0", "Plomo (mg/L)": "0", "Zinc (mg/L)": "0.04", "Cianuros (mg/L)": "0", "Cloro Residual (mg/L)": "0.05", "Cloruros (mg/L)": "88.1", "Dureza Total (mg/L)": "291.1", "Fluoruros (mg/L)": "0.52", "Nitratos (mg/L)": "45778", "Nitritos (mg/L)": "0", "Ph": "45784", "SDT (mg/L)": "560", "Sulfatos (mg/L)": "103", "Cloro Total (mg/L)": "0", "Conductividad (muS/cm)": "1064", "Temperatura (°C)": "45894", "ID": "Tasquillo_San Isidro_Pozo San Isidro" }, "geometry": { "type": "Point", "coordinates": [ -99.327791354454234, 20.541555531941867 ] } },
{ "type": "Feature", "properties": { "CVEGEO_LOC": "130580036", "AÑO": 2014.0, "NOM_MUN": "Tasquillo", "NOM_LOC": "San Isidro", "Fuente de abastecimiento": "Pozo San Isidro", "Coliformes Totales (Ausencia o Presencia/100mL)": "Presencia", "E. Coli (Ausencia o Presencia/100mL)": "Ausencia", "Arsenico (mg/L)": "0", "Bario (mg/L)": "0", "Cadmio (mg/L)": null, "Cobre (mg/L)": "0.2", "Hierro (mg/L)": "0", "Manganeso (mg/L)": "0", "Plomo (mg/L)": "0", "Zinc (mg/L)": "0.01", "Cianuros (mg/L)": "0", "Cloro Residual (mg/L)": "0.2", "Cloruros (mg/L)": "161", "Dureza Total (mg/L)": "233.33", "Fluoruros (mg/L)": "0.6", "Nitratos (mg/L)": "0", "Nitritos (mg/L)": "0", "Ph": "7.36", "SDT (mg/L)": "9.11", "Sulfatos (mg/L)": "246", "Cloro Total (mg/L)": "0", "Conductividad (muS/cm)": "11.45", "Temperatura (°C)": "21.5", "ID": "Tasquillo_San Isidro_Pozo San Isidro" }, "geometry": { "type": "Point", "coordinates": [ -99.327791354454234, 20.541555531941867 ] } },
{ "type": "Feature", "properties": { "CVEGEO_LOC": "1305800450031800", "AÑO": 2014.0, "NOM_MUN": "Tasquillo", "NOM_LOC": "Frente al Vivero", "Fuente de abastecimiento": "Pozo El Vivero", "Coliformes Totales (Ausencia o Presencia/100mL)": "Presencia", "E. Coli (Ausencia o Presencia/100mL)": "Ausencia", "Arsenico (mg/L)": "0", "Bario (mg/L)": "0", "Cadmio (mg/L)": null, "Cobre (mg/L)": "0.5", "Hierro (mg/L)": "0", "Manganeso (mg/L)": "0", "Plomo (mg/L)": "0", "Zinc (mg/L)": "0.02", "Cianuros (mg/L)": "0", "Cloro Residual (mg/L)": "0.1", "Cloruros (mg/L)": "156", "Dureza Total (mg/L)": "365.55", "Fluoruros (mg/L)": "0.4", "Nitratos (mg/L)": "0.1", "Nitritos (mg/L)": "0", "Ph": "7.42", "SDT (mg/L)": "536", "Sulfatos (mg/L)": "165", "Cloro Total (mg/L)": "0", "Conductividad (muS/cm)": "1000", "Temperatura (°C)": "21.7", "ID": "Tasquillo_Frente al Vivero_Pozo El Vivero" }, "geometry": { "type": "Point", "coordinates": [ -99.316988706191808, 20.539035118643483 ] } },
{ "type": "Feature", "properties": { "CVEGEO_LOC": "130590001", "AÑO": 2021.0, "NOM_MUN": "Tecozautla", "NOM_LOC": "Tecozautla", "Fuente de abastecimiento": "Pozo 20 de Noviembre", "Coliformes Totales (Ausencia o Presencia/100mL)": "Presencia", "E. Coli (Ausencia o Presencia/100mL)": "Ausencia", "Arsenico (mg/L)": "0", "Bario (mg/L)": "0", "Cadmio (mg/L)": "0", "Cobre (mg/L)": "0.95", "Hierro (mg/L)": "0.01", "Manganeso (mg/L)": "0", "Plomo (mg/L)": "0", "Zinc (mg/L)": "0.04", "Cianuros (mg/L)": "0", "Cloro Residual (mg/L)": "0.11", "Cloruros (mg/L)": "26.5", "Dureza Total (mg/L)": "93.33", "Fluoruros (mg/L)": "0.81", "Nitratos (mg/L)": "3.4", "Nitritos (mg/L)": "0.007", "Ph": "7.27", "SDT (mg/L)": "229.5", "Sulfatos (mg/L)": "11", "Cloro Total (mg/L)": "0.5", "Conductividad (muS/cm)": "393", "Temperatura (°C)": "32.4", "ID": "Tecozautla_Tecozautla_Pozo 20 de Noviembre" }, "geometry": { "type": "Point", "coordinates": [ -99.635535645567188, 20.529242120472738 ] } },
{ "type": "Feature", "properties": { "CVEGEO_LOC": "130590001", "AÑO": 2023.0, "NOM_MUN": "Tecozautla", "NOM_LOC": "Tecozautla", "Fuente de abastecimiento": "Pozo 20 de Noviembre", "Coliformes Totales (Ausencia o Presencia/100mL)": "Presencia", "E. Coli (Ausencia o Presencia/100mL)": "Ausencia", "Arsenico (mg/L)": "0", "Bario (mg/L)": "0", "Cadmio (mg/L)": "0", "Cobre (mg/L)": "45839", "Hierro (mg/L)": "0", "Manganeso (mg/L)": "0", "Plomo (mg/L)": "0", "Zinc (mg/L)": "0.07", "Cianuros (mg/L)": "0", "Cloro Residual (mg/L)": "0.25", "Cloruros (mg/L)": "45753", "Dureza Total (mg/L)": "68.88", "Fluoruros (mg/L)": "0.47", "Nitratos (mg/L)": "45690", "Nitritos (mg/L)": "1", "Ph": "7.91", "SDT (mg/L)": "62.3", "Sulfatos (mg/L)": "15", "Cloro Total (mg/L)": "0.55", "Conductividad (muS/cm)": "337", "Temperatura (°C)": "34.6", "ID": "Tecozautla_Tecozautla_Pozo 20 de Noviembre" }, "geometry": { "type": "Point", "coordinates": [ -99.635535645567188, 20.529242120472738 ] } },
{ "type": "Feature", "properties": { "CVEGEO_LOC": "130590001", "AÑO": 2021.0, "NOM_MUN": "Tecozautla", "NOM_LOC": "Tecozautla", "Fuente de abastecimiento": "Pozo El Limoncito", "Coliformes Totales (Ausencia o Presencia/100mL)": "Presencia", "E. Coli (Ausencia o Presencia/100mL)": "Ausencia", "Arsenico (mg/L)": "0", "Bario (mg/L)": "0", "Cadmio (mg/L)": "0", "Cobre (mg/L)": "0.57", "Hierro (mg/L)": "0.02", "Manganeso (mg/L)": "0", "Plomo (mg/L)": "0", "Zinc (mg/L)": "0.03", "Cianuros (mg/L)": "0", "Cloro Residual (mg/L)": "0", "Cloruros (mg/L)": "33.9", "Dureza Total (mg/L)": "155.55", "Fluoruros (mg/L)": "0.97", "Nitratos (mg/L)": "4", "Nitritos (mg/L)": "0.003", "Ph": "7.17", "SDT (mg/L)": "120.1", "Sulfatos (mg/L)": "21", "Cloro Total (mg/L)": "0", "Conductividad (muS/cm)": "238", "Temperatura (°C)": "26.1", "ID": "Tecozautla_Tecozautla_Pozo El Limoncito" }, "geometry": { "type": "Point", "coordinates": [ -99.654361909254675, 20.535968868422202 ] } },
{ "type": "Feature", "properties": { "CVEGEO_LOC": "130590048", "AÑO": 2020.0, "NOM_MUN": "Tecozautla", "NOM_LOC": "Rancho Viejo", "Fuente de abastecimiento": "Manantial Bomanxotha", "Coliformes Totales (Ausencia o Presencia/100mL)": "Presencia", "E. Coli (Ausencia o Presencia/100mL)": "Presencia", "Arsenico (mg/L)": "0", "Bario (mg/L)": "0", "Cadmio (mg/L)": "0", "Cobre (mg/L)": "1.27", "Hierro (mg/L)": "0.02", "Manganeso (mg/L)": "0", "Plomo (mg/L)": "0", "Zinc (mg/L)": "0.02", "Cianuros (mg/L)": "0", "Cloro Residual (mg/L)": "0.14", "Cloruros (mg/L)": "3", "Dureza Total (mg/L)": "148.88", "Fluoruros (mg/L)": "45748", "Nitratos (mg/L)": "6.19", "Nitritos (mg/L)": "0.5", "Ph": "7.21", "SDT (mg/L)": "59.3", "Sulfatos (mg/L)": "4", "Cloro Total (mg/L)": "0", "Conductividad (muS/cm)": "285", "Temperatura (°C)": "33.3", "ID": "Tecozautla_Rancho Viejo_Manantial Bomanxotha" }, "geometry": { "type": "Point", "coordinates": [ -99.694419841818416, 20.560081657700383 ] } },
{ "type": "Feature", "properties": { "CVEGEO_LOC": "130590072", "AÑO": 2023.0, "NOM_MUN": "Tecozautla", "NOM_LOC": "La Cruz de Piedra", "Fuente de abastecimiento": "Pozo Corrales", "Coliformes Totales (Ausencia o Presencia/100mL)": "Presencia", "E. Coli (Ausencia o Presencia/100mL)": "Ausencia", "Arsenico (mg/L)": "0", "Bario (mg/L)": "0", "Cadmio (mg/L)": "0", "Cobre (mg/L)": "45901", "Hierro (mg/L)": "0", "Manganeso (mg/L)": "0", "Plomo (mg/L)": "0", "Zinc (mg/L)": "0.04", "Cianuros (mg/L)": "0", "Cloro Residual (mg/L)": "0.65", "Cloruros (mg/L)": "45917", "Dureza Total (mg/L)": "108.88", "Fluoruros (mg/L)": "0.36", "Nitratos (mg/L)": "45719", "Nitritos (mg/L)": "2", "Ph": "45696", "SDT (mg/L)": "83.1", "Sulfatos (mg/L)": "45", "Cloro Total (mg/L)": "0.6", "Conductividad (muS/cm)": "623", "Temperatura (°C)": "45835", "ID": "Tecozautla_La Cruz de Piedra_Pozo Corrales" }, "geometry": { "type": "Point", "coordinates": [ -99.747730796440578, 20.483583558092363 ] } },
{ "type": "Feature", "properties": { "CVEGEO_LOC": "130600001", "AÑO": 2012.0, "NOM_MUN": "Tenango de Doria", "NOM_LOC": "Tenango de Doria", "Fuente de abastecimiento": "Pozo Moxtongo", "Coliformes Totales (Ausencia o Presencia/100mL)": "Presencia", "E. Coli (Ausencia o Presencia/100mL)": "Presencia", "Arsenico (mg/L)": "0", "Bario (mg/L)": null, "Cadmio (mg/L)": null, "Cobre (mg/L)": "0.454", "Hierro (mg/L)": "0.059", "Manganeso (mg/L)": null, "Plomo (mg/L)": "0", "Zinc (mg/L)": "0.038", "Cianuros (mg/L)": "0.001", "Cloro Residual (mg/L)": "0", "Cloruros (mg/L)": "47.75", "Dureza Total (mg/L)": "31.1108", "Fluoruros (mg/L)": "0.1", "Nitratos (mg/L)": "3.5", "Nitritos (mg/L)": "0.0054", "Ph": "6.94", "SDT (mg/L)": "8.6", "Sulfatos (mg/L)": "0", "Cloro Total (mg/L)": "0", "Conductividad (muS/cm)": "18.33", "Temperatura (°C)": "17.3", "ID": "Tenango de Doria_Tenango de Doria_Pozo Moxtongo" }, "geometry": { "type": "Point", "coordinates": [ -98.2255457624793, 20.339813188936741 ] } },
{ "type": "Feature", "properties": { "CVEGEO_LOC": "130600001", "AÑO": 2012.0, "NOM_MUN": "Tenango de Doria", "NOM_LOC": "Tenango de Doria", "Fuente de abastecimiento": "Pozo San José Piedra Gorda", "Coliformes Totales (Ausencia o Presencia/100mL)": "Presencia", "E. Coli (Ausencia o Presencia/100mL)": "Ausencia", "Arsenico (mg/L)": "0", "Bario (mg/L)": null, "Cadmio (mg/L)": null, "Cobre (mg/L)": "0.307", "Hierro (mg/L)": "0.128", "Manganeso (mg/L)": null, "Plomo (mg/L)": "0", "Zinc (mg/L)": "0.036", "Cianuros (mg/L)": "0.004", "Cloro Residual (mg/L)": "0", "Cloruros (mg/L)": "41.25", "Dureza Total (mg/L)": "57.7772", "Fluoruros (mg/L)": "0.11", "Nitratos (mg/L)": "1.1", "Nitritos (mg/L)": "0.0068", "Ph": "6.958", "SDT (mg/L)": "24.8", "Sulfatos (mg/L)": "7.5", "Cloro Total (mg/L)": "0", "Conductividad (muS/cm)": "52.8", "Temperatura (°C)": "16.9", "ID": "Tenango de Doria_Tenango de Doria_Pozo San José Piedra Gorda" }, "geometry": { "type": "Point", "coordinates": [ -98.223815093560205, 20.337260252444167 ] } },
{ "type": "Feature", "properties": { "CVEGEO_LOC": "130600001", "AÑO": 2016.0, "NOM_MUN": "Tenango de Doria", "NOM_LOC": "Tenango de Doria", "Fuente de abastecimiento": "Tanque 2", "Coliformes Totales (Ausencia o Presencia/100mL)": "Presencia", "E. Coli (Ausencia o Presencia/100mL)": "Presencia", "Arsenico (mg/L)": "0", "Bario (mg/L)": "0", "Cadmio (mg/L)": "ND", "Cobre (mg/L)": "0", "Hierro (mg/L)": "0", "Manganeso (mg/L)": "0", "Plomo (mg/L)": "0", "Zinc (mg/L)": "0.02", "Cianuros (mg/L)": "2", "Cloro Residual (mg/L)": "0.07", "Cloruros (mg/L)": "87.1", "Dureza Total (mg/L)": "159.99", "Fluoruros (mg/L)": "0.6", "Nitratos (mg/L)": "0", "Nitritos (mg/L)": "2", "Ph": "45694", "SDT (mg/L)": "100.3", "Sulfatos (mg/L)": "40.8", "Cloro Total (mg/L)": "0.04", "Conductividad (muS/cm)": "242", "Temperatura (°C)": "45829", "ID": "Tenango de Doria_Tenango de Doria_Tanque 2" }, "geometry": { "type": "Point", "coordinates": [ -98.226514101484653, 20.336954160380749 ] } },
{ "type": "Feature", "properties": { "CVEGEO_LOC": "130600001", "AÑO": 2014.0, "NOM_MUN": "Tenango de Doria", "NOM_LOC": "Tenango de Doria", "Fuente de abastecimiento": "Tanque Cabecera Municipal", "Coliformes Totales (Ausencia o Presencia/100mL)": "Presencia", "E. Coli (Ausencia o Presencia/100mL)": "Ausencia", "Arsenico (mg/L)": "0", "Bario (mg/L)": "0", "Cadmio (mg/L)": null, "Cobre (mg/L)": "0.42", "Hierro (mg/L)": "0", "Manganeso (mg/L)": "0.1", "Plomo (mg/L)": "0", "Zinc (mg/L)": "0.05", "Cianuros (mg/L)": "0.002", "Cloro Residual (mg/L)": "0.02", "Cloruros (mg/L)": "6", "Dureza Total (mg/L)": "62.22", "Fluoruros (mg/L)": "0.26", "Nitratos (mg/L)": "1", "Nitritos (mg/L)": "0.003", "Ph": "7.6", "SDT (mg/L)": "18.3", "Sulfatos (mg/L)": "4", "Cloro Total (mg/L)": "0", "Conductividad (muS/cm)": "15.8", "Temperatura (°C)": "17.4", "ID": "Tenango de Doria_Tenango de Doria_Tanque Cabecera Municipal" }, "geometry": { "type": "Point", "coordinates": [ -98.228852023845917, 20.339163958956028 ] } },
{ "type": "Feature", "properties": { "CVEGEO_LOC": "130600001", "AÑO": 2013.0, "NOM_MUN": "Tenango de Doria", "NOM_LOC": "Tenango de Doria", "Fuente de abastecimiento": "Tanque de Almacenamiento", "Coliformes Totales (Ausencia o Presencia/100mL)": "Presencia", "E. Coli (Ausencia o Presencia/100mL)": "Ausencia", "Arsenico (mg/L)": "0", "Bario (mg/L)": "0", "Cadmio (mg/L)": null, "Cobre (mg/L)": "0.26", "Hierro (mg/L)": "0.01", "Manganeso (mg/L)": "0", "Plomo (mg/L)": "0", "Zinc (mg/L)": "0.025", "Cianuros (mg/L)": "0.001", "Cloro Residual (mg/L)": "0", "Cloruros (mg/L)": "30.3", "Dureza Total (mg/L)": "40.44", "Fluoruros (mg/L)": "0.2", "Nitratos (mg/L)": "0.91", "Nitritos (mg/L)": "0.0019", "Ph": "7.4", "SDT (mg/L)": "60.4", "Sulfatos (mg/L)": "0", "Cloro Total (mg/L)": "0", "Conductividad (muS/cm)": "150.01", "Temperatura (°C)": "20.1", "ID": "Tenango de Doria_Tenango de Doria_Tanque de Almacenamiento" }, "geometry": { "type": "Point", "coordinates": [ -98.228528860437137, 20.340885373483562 ] } },
{ "type": "Feature", "properties": { "CVEGEO_LOC": "130600001", "AÑO": 2015.0, "NOM_MUN": "Tenango de Doria", "NOM_LOC": "Tenango de Doria", "Fuente de abastecimiento": "Tanque de Almacenamiento", "Coliformes Totales (Ausencia o Presencia/100mL)": "Presencia", "E. Coli (Ausencia o Presencia/100mL)": "Ausencia", "Arsenico (mg/L)": "0", "Bario (mg/L)": "0", "Cadmio (mg/L)": null, "Cobre (mg/L)": "0.2", "Hierro (mg/L)": "0", "Manganeso (mg/L)": "0", "Plomo (mg/L)": "0", "Zinc (mg/L)": "0", "Cianuros (mg/L)": "0.001", "Cloro Residual (mg/L)": "0", "Cloruros (mg/L)": "33", "Dureza Total (mg/L)": "44.44", "Fluoruros (mg/L)": "0.4", "Nitratos (mg/L)": "0.7", "Nitritos (mg/L)": "0.001", "Ph": "7.4", "SDT (mg/L)": "58.2", "Sulfatos (mg/L)": "0", "Cloro Total (mg/L)": "0", "Conductividad (muS/cm)": "154", "Temperatura (°C)": "20.1", "ID": "Tenango de Doria_Tenango de Doria_Tanque de Almacenamiento" }, "geometry": { "type": "Point", "coordinates": [ -98.228528860437137, 20.340885373483562 ] } },
{ "type": "Feature", "properties": { "CVEGEO_LOC": "130600036", "AÑO": 2014.0, "NOM_MUN": "Tenango de Doria", "NOM_LOC": "Santa María Temaxcalapa", "Fuente de abastecimiento": "El Arroyo", "Coliformes Totales (Ausencia o Presencia/100mL)": "Presencia", "E. Coli (Ausencia o Presencia/100mL)": "Presencia", "Arsenico (mg/L)": "0", "Bario (mg/L)": "0", "Cadmio (mg/L)": null, "Cobre (mg/L)": "0.22", "Hierro (mg/L)": "0.02", "Manganeso (mg/L)": "0.1", "Plomo (mg/L)": "0", "Zinc (mg/L)": "0.04", "Cianuros (mg/L)": "0.004", "Cloro Residual (mg/L)": "0.02", "Cloruros (mg/L)": "1.5", "Dureza Total (mg/L)": "177.7", "Fluoruros (mg/L)": "0.11", "Nitratos (mg/L)": "2.3", "Nitritos (mg/L)": "0.004", "Ph": "7.4", "SDT (mg/L)": "138.4", "Sulfatos (mg/L)": "5", "Cloro Total (mg/L)": "0.09", "Conductividad (muS/cm)": "132.8", "Temperatura (°C)": "21.2", "ID": "Tenango de Doria_Santa María Temaxcalapa_El Arroyo" }, "geometry": { "type": "Point", "coordinates": [ -98.2008374153624, 20.381639336105746 ] } },
{ "type": "Feature", "properties": { "CVEGEO_LOC": "1306000410025800", "AÑO": 2016.0, "NOM_MUN": "Tenango de Doria", "NOM_LOC": "La Viejita", "Fuente de abastecimiento": "Escurrideros", "Coliformes Totales (Ausencia o Presencia/100mL)": "Presencia", "E. Coli (Ausencia o Presencia/100mL)": "Presencia", "Arsenico (mg/L)": "0", "Bario (mg/L)": "0", "Cadmio (mg/L)": "ND", "Cobre (mg/L)": "0", "Hierro (mg/L)": "0", "Manganeso (mg/L)": "0", "Plomo (mg/L)": "0", "Zinc (mg/L)": "0.03", "Cianuros (mg/L)": "3", "Cloro Residual (mg/L)": "0.06", "Cloruros (mg/L)": "45764", "Dureza Total (mg/L)": "139.99", "Fluoruros (mg/L)": "0.7", "Nitratos (mg/L)": "0.01", "Nitritos (mg/L)": "2", "Ph": "8.29", "SDT (mg/L)": "96", "Sulfatos (mg/L)": "37", "Cloro Total (mg/L)": "0.05", "Conductividad (muS/cm)": "234", "Temperatura (°C)": "45679", "ID": "Tenango de Doria_La Viejita_Escurrideros" }, "geometry": { "type": "Point", "coordinates": [ -98.268025582214676, 20.326123781363897 ] } },
{ "type": "Feature", "properties": { "CVEGEO_LOC": "130600054", "AÑO": 2013.0, "NOM_MUN": "Tenango de Doria", "NOM_LOC": "El Xindhó", "Fuente de abastecimiento": "Tanque de Almacenamiento", "Coliformes Totales (Ausencia o Presencia/100mL)": "Presencia", "E. Coli (Ausencia o Presencia/100mL)": "Presencia", "Arsenico (mg/L)": "0", "Bario (mg/L)": "0", "Cadmio (mg/L)": null, "Cobre (mg/L)": "0.31", "Hierro (mg/L)": "0.02", "Manganeso (mg/L)": "0", "Plomo (mg/L)": "0", "Zinc (mg/L)": "0.03", "Cianuros (mg/L)": "0.001", "Cloro Residual (mg/L)": "0", "Cloruros (mg/L)": "36.7", "Dureza Total (mg/L)": "33.45", "Fluoruros (mg/L)": "0.1", "Nitratos (mg/L)": "1.5", "Nitritos (mg/L)": "0.0026", "Ph": "7.6", "SDT (mg/L)": "49.1", "Sulfatos (mg/L)": "0", "Cloro Total (mg/L)": "0", "Conductividad (muS/cm)": "121.03", "Temperatura (°C)": "16.4", "ID": "Tenango de Doria_El Xindhó_Tanque de Almacenamiento" }, "geometry": { "type": "Point", "coordinates": [ -98.178178728937723, 20.375010764180374 ] } },
{ "type": "Feature", "properties": { "CVEGEO_LOC": "130600054", "AÑO": 2015.0, "NOM_MUN": "Tenango de Doria", "NOM_LOC": "El Xindhó", "Fuente de abastecimiento": "Tanque de Almacenamiento", "Coliformes Totales (Ausencia o Presencia/100mL)": "Presencia", "E. Coli (Ausencia o Presencia/100mL)": "Presencia", "Arsenico (mg/L)": "0", "Bario (mg/L)": "0", "Cadmio (mg/L)": null, "Cobre (mg/L)": "0.2", "Hierro (mg/L)": "0.01", "Manganeso (mg/L)": "0", "Plomo (mg/L)": "0", "Zinc (mg/L)": "0", "Cianuros (mg/L)": "0.001", "Cloro Residual (mg/L)": "0", "Cloruros (mg/L)": "37", "Dureza Total (mg/L)": "22.22", "Fluoruros (mg/L)": "0.7", "Nitratos (mg/L)": "0.98", "Nitritos (mg/L)": "0.002", "Ph": "7.6", "SDT (mg/L)": "48", "Sulfatos (mg/L)": "0", "Cloro Total (mg/L)": "0", "Conductividad (muS/cm)": "68.98", "Temperatura (°C)": "29.4", "ID": "Tenango de Doria_El Xindhó_Tanque de Almacenamiento" }, "geometry": { "type": "Point", "coordinates": [ -98.178178728937723, 20.375010764180374 ] } },
{ "type": "Feature", "properties": { "CVEGEO_LOC": "130610001", "AÑO": 2021.0, "NOM_MUN": "Tepeapulco", "NOM_LOC": "Tepeapulco", "Fuente de abastecimiento": "Av. 18 de Marzo. ampliación Pino Suarez No 71", "Coliformes Totales (Ausencia o Presencia/100mL)": "Presencia", "E. Coli (Ausencia o Presencia/100mL)": "ND", "Arsenico (mg/L)": "0", "Bario (mg/L)": "0", "Cadmio (mg/L)": "0", "Cobre (mg/L)": "0.68", "Hierro (mg/L)": "0.03", "Manganeso (mg/L)": "0.1", "Plomo (mg/L)": "0.01", "Zinc (mg/L)": "0.05", "Cianuros (mg/L)": "0", "Cloro Residual (mg/L)": "0", "Cloruros (mg/L)": "11.3", "Dureza Total (mg/L)": "139.99", "Fluoruros (mg/L)": "0.32", "Nitratos (mg/L)": "1", "Nitritos (mg/L)": "0.005", "Ph": "7.97", "SDT (mg/L)": "127", "Sulfatos (mg/L)": "0", "Cloro Total (mg/L)": "0", "Conductividad (muS/cm)": "460", "Temperatura (°C)": "20.8", "ID": "Tepeapulco_Tepeapulco_Av. 18 de Marzo. ampliación Pino Suarez No 71" }, "geometry": { "type": "Point", "coordinates": [ -98.553378805114903, 19.779971791667052 ] } },
{ "type": "Feature", "properties": { "CVEGEO_LOC": "130610001", "AÑO": 2021.0, "NOM_MUN": "Tepeapulco", "NOM_LOC": "Tepeapulco", "Fuente de abastecimiento": "Cajas Gemelas", "Coliformes Totales (Ausencia o Presencia/100mL)": "Presencia", "E. Coli (Ausencia o Presencia/100mL)": "ND", "Arsenico (mg/L)": "0", "Bario (mg/L)": "0", "Cadmio (mg/L)": "0", "Cobre (mg/L)": "0.08", "Hierro (mg/L)": "0.02", "Manganeso (mg/L)": "0", "Plomo (mg/L)": "0", "Zinc (mg/L)": "0.03", "Cianuros (mg/L)": "0", "Cloro Residual (mg/L)": "0", "Cloruros (mg/L)": "37.1", "Dureza Total (mg/L)": "166.66", "Fluoruros (mg/L)": "0.12", "Nitratos (mg/L)": "1.3", "Nitritos (mg/L)": "0.004", "Ph": "7.45", "SDT (mg/L)": "136", "Sulfatos (mg/L)": "1", "Cloro Total (mg/L)": "0", "Conductividad (muS/cm)": "452", "Temperatura (°C)": "21.4", "ID": "Tepeapulco_Tepeapulco_Cajas Gemelas" }, "geometry": { "type": "Point", "coordinates": [ -98.558714581824191, 19.782390407009828 ] } },
{ "type": "Feature", "properties": { "CVEGEO_LOC": "130610001", "AÑO": 2021.0, "NOM_MUN": "Tepeapulco", "NOM_LOC": "Tepeapulco", "Fuente de abastecimiento": "Calle Josefa Ortiz de Domínguez No 10", "Coliformes Totales (Ausencia o Presencia/100mL)": "ND", "E. Coli (Ausencia o Presencia/100mL)": "ND", "Arsenico (mg/L)": "0", "Bario (mg/L)": "0", "Cadmio (mg/L)": "0", "Cobre (mg/L)": "0", "Hierro (mg/L)": "0.01", "Manganeso (mg/L)": "0", "Plomo (mg/L)": "0", "Zinc (mg/L)": "0.06", "Cianuros (mg/L)": "0", "Cloro Residual (mg/L)": "0.24", "Cloruros (mg/L)": "25.9", "Dureza Total (mg/L)": "153.33", "Fluoruros (mg/L)": "0.28", "Nitratos (mg/L)": "3.1", "Nitritos (mg/L)": "0.001", "Ph": "7.53", "SDT (mg/L)": "129", "Sulfatos (mg/L)": "19", "Cloro Total (mg/L)": "0.83", "Conductividad (muS/cm)": "611", "Temperatura (°C)": "23", "ID": "Tepeapulco_Tepeapulco_Calle Josefa Ortiz de Domínguez No 10" }, "geometry": { "type": "Point", "coordinates": [ -98.556329669431648, 19.790635318000842 ] } },
{ "type": "Feature", "properties": { "CVEGEO_LOC": "130610001", "AÑO": 2021.0, "NOM_MUN": "Tepeapulco", "NOM_LOC": "Tepeapulco", "Fuente de abastecimiento": "Casa Medica Los Reyes", "Coliformes Totales (Ausencia o Presencia/100mL)": "Presencia", "E. Coli (Ausencia o Presencia/100mL)": "ND", "Arsenico (mg/L)": "0", "Bario (mg/L)": "0", "Cadmio (mg/L)": "0", "Cobre (mg/L)": "0.46", "Hierro (mg/L)": "0.08", "Manganeso (mg/L)": "0", "Plomo (mg/L)": "0", "Zinc (mg/L)": "0.02", "Cianuros (mg/L)": "0", "Cloro Residual (mg/L)": "0", "Cloruros (mg/L)": "13.4", "Dureza Total (mg/L)": "135.55", "Fluoruros (mg/L)": "0.18", "Nitratos (mg/L)": "1.1", "Nitritos (mg/L)": "0.004", "Ph": "7.29", "SDT (mg/L)": "129", "Sulfatos (mg/L)": "0", "Cloro Total (mg/L)": "0", "Conductividad (muS/cm)": "554", "Temperatura (°C)": "22.1", "ID": "Tepeapulco_Tepeapulco_Casa Medica Los Reyes" }, "geometry": { "type": "Point", "coordinates": [ -98.549112436738511, 19.787262523356169 ] } },
{ "type": "Feature", "properties": { "CVEGEO_LOC": "130610001", "AÑO": 2013.0, "NOM_MUN": "Tepeapulco", "NOM_LOC": "Tepeapulco", "Fuente de abastecimiento": "Pozo 5", "Coliformes Totales (Ausencia o Presencia/100mL)": "Presencia", "E. Coli (Ausencia o Presencia/100mL)": "Ausencia", "Arsenico (mg/L)": "0", "Bario (mg/L)": "0", "Cadmio (mg/L)": null, "Cobre (mg/L)": "0.03", "Hierro (mg/L)": "0.04", "Manganeso (mg/L)": "0", "Plomo (mg/L)": "0", "Zinc (mg/L)": "0.05", "Cianuros (mg/L)": "0.003", "Cloro Residual (mg/L)": "0", "Cloruros (mg/L)": "9.1", "Dureza Total (mg/L)": "173.33", "Fluoruros (mg/L)": "0.08", "Nitratos (mg/L)": "2.2", "Nitritos (mg/L)": "0.006", "Ph": "7.28", "SDT (mg/L)": "221", "Sulfatos (mg/L)": "7", "Cloro Total (mg/L)": "0", "Conductividad (muS/cm)": "457", "Temperatura (°C)": "30.2", "ID": "Tepeapulco_Tepeapulco_Pozo 5" }, "geometry": { "type": "Point", "coordinates": [ -98.547986945074555, 19.784411601001732 ] } },
{ "type": "Feature", "properties": { "CVEGEO_LOC": "130610005", "AÑO": 2013.0, "NOM_MUN": "Tepeapulco", "NOM_LOC": "Francisco Sarabia (Corralillos)", "Fuente de abastecimiento": "Pozo 1", "Coliformes Totales (Ausencia o Presencia/100mL)": "Presencia", "E. Coli (Ausencia o Presencia/100mL)": "Ausencia", "Arsenico (mg/L)": "0", "Bario (mg/L)": "0", "Cadmio (mg/L)": null, "Cobre (mg/L)": "0.09", "Hierro (mg/L)": "0", "Manganeso (mg/L)": "0", "Plomo (mg/L)": "0", "Zinc (mg/L)": "0.12", "Cianuros (mg/L)": "0.002", "Cloro Residual (mg/L)": "0", "Cloruros (mg/L)": "3.5", "Dureza Total (mg/L)": "122.22", "Fluoruros (mg/L)": "0.2", "Nitratos (mg/L)": "0.9", "Nitritos (mg/L)": "0", "Ph": "7.4", "SDT (mg/L)": "108.9", "Sulfatos (mg/L)": "2", "Cloro Total (mg/L)": "0.2", "Conductividad (muS/cm)": "227", "Temperatura (°C)": "28", "ID": "Tepeapulco_Francisco Sarabia (Corralillos)_Pozo 1" }, "geometry": { "type": "Point", "coordinates": [ -98.427772054096579, 19.869582732283359 ] } },
{ "type": "Feature", "properties": { "CVEGEO_LOC": "130610005", "AÑO": 2013.0, "NOM_MUN": "Tepeapulco", "NOM_LOC": "Francisco Sarabia (Corralillos)", "Fuente de abastecimiento": "Pozo 3", "Coliformes Totales (Ausencia o Presencia/100mL)": "Presencia", "E. Coli (Ausencia o Presencia/100mL)": "Presencia", "Arsenico (mg/L)": "0.01", "Bario (mg/L)": "0.11", "Cadmio (mg/L)": null, "Cobre (mg/L)": "0.2", "Hierro (mg/L)": "0", "Manganeso (mg/L)": "0.2", "Plomo (mg/L)": "0", "Zinc (mg/L)": "0", "Cianuros (mg/L)": "0.01", "Cloro Residual (mg/L)": "0.4", "Cloruros (mg/L)": "9.1", "Dureza Total (mg/L)": "157.77", "Fluoruros (mg/L)": "0.2", "Nitratos (mg/L)": "1.5", "Nitritos (mg/L)": "0.012", "Ph": "7.4", "SDT (mg/L)": "173.1", "Sulfatos (mg/L)": "25", "Cloro Total (mg/L)": "0.3", "Conductividad (muS/cm)": "359", "Temperatura (°C)": "24.4", "ID": "Tepeapulco_Francisco Sarabia (Corralillos)_Pozo 3" }, "geometry": { "type": "Point", "coordinates": [ -98.432462719201993, 19.868231516463361 ] } },
{ "type": "Feature", "properties": { "CVEGEO_LOC": "1306100200022800", "AÑO": 2013.0, "NOM_MUN": "Tepeapulco", "NOM_LOC": "La Estación Ocho", "Fuente de abastecimiento": "Pozo 4", "Coliformes Totales (Ausencia o Presencia/100mL)": "Presencia", "E. Coli (Ausencia o Presencia/100mL)": "Ausencia", "Arsenico (mg/L)": "0", "Bario (mg/L)": "0", "Cadmio (mg/L)": null, "Cobre (mg/L)": "0.01", "Hierro (mg/L)": "0", "Manganeso (mg/L)": "0.01", "Plomo (mg/L)": "0", "Zinc (mg/L)": "0.06", "Cianuros (mg/L)": "0.003", "Cloro Residual (mg/L)": "0.1", "Cloruros (mg/L)": "3.5", "Dureza Total (mg/L)": "133.33", "Fluoruros (mg/L)": "0.02", "Nitratos (mg/L)": "0.9", "Nitritos (mg/L)": "0.032", "Ph": "7.56", "SDT (mg/L)": "157.9", "Sulfatos (mg/L)": "7", "Cloro Total (mg/L)": "0.1", "Conductividad (muS/cm)": "328", "Temperatura (°C)": "24.4", "ID": "Tepeapulco_La Estación Ocho_Pozo 4" }, "geometry": { "type": "Point", "coordinates": [ -98.457740956897879, 19.8346485047405 ] } },
{ "type": "Feature", "properties": { "CVEGEO_LOC": "130620001", "AÑO": 2013.0, "NOM_MUN": "Tepehuacán de Guerrero", "NOM_LOC": "Tepehuacán de Guerrero", "Fuente de abastecimiento": "Tanque de Almacenamiento \"Ahuescalli\"", "Coliformes Totales (Ausencia o Presencia/100mL)": "Presencia", "E. Coli (Ausencia o Presencia/100mL)": "Ausencia", "Arsenico (mg/L)": "0", "Bario (mg/L)": "0", "Cadmio (mg/L)": null, "Cobre (mg/L)": "0.09", "Hierro (mg/L)": "0.02", "Manganeso (mg/L)": "0", "Plomo (mg/L)": "0", "Zinc (mg/L)": "0.15", "Cianuros (mg/L)": "0.001", "Cloro Residual (mg/L)": "0.05", "Cloruros (mg/L)": "52", "Dureza Total (mg/L)": "211", "Fluoruros (mg/L)": "0.28", "Nitratos (mg/L)": "0.7", "Nitritos (mg/L)": "0.0047", "Ph": "8.08", "SDT (mg/L)": "212", "Sulfatos (mg/L)": "18.3", "Cloro Total (mg/L)": "0", "Conductividad (muS/cm)": "595", "Temperatura (°C)": "17.9", "ID": "Tepehuacán de Guerrero_Tepehuacán de Guerrero_Tanque de Almacenamiento \"Ahuescalli\"" }, "geometry": { "type": "Point", "coordinates": [ -98.838558239359969, 21.01168772192225 ] } },
{ "type": "Feature", "properties": { "CVEGEO_LOC": "130620001", "AÑO": 2013.0, "NOM_MUN": "Tepehuacán de Guerrero", "NOM_LOC": "Tepehuacán de Guerrero", "Fuente de abastecimiento": "Tanque de Distribución", "Coliformes Totales (Ausencia o Presencia/100mL)": "Presencia", "E. Coli (Ausencia o Presencia/100mL)": "Ausencia", "Arsenico (mg/L)": "0", "Bario (mg/L)": "0", "Cadmio (mg/L)": null, "Cobre (mg/L)": "0.05", "Hierro (mg/L)": "0.001", "Manganeso (mg/L)": "0", "Plomo (mg/L)": "0", "Zinc (mg/L)": "0.1", "Cianuros (mg/L)": "0.001", "Cloro Residual (mg/L)": "0", "Cloruros (mg/L)": "46", "Dureza Total (mg/L)": "227", "Fluoruros (mg/L)": "0.33", "Nitratos (mg/L)": "0.9", "Nitritos (mg/L)": "0.0036", "Ph": "8.12", "SDT (mg/L)": "195", "Sulfatos (mg/L)": "20.5", "Cloro Total (mg/L)": "0", "Conductividad (muS/cm)": "214", "Temperatura (°C)": "18.4", "ID": "Tepehuacán de Guerrero_Tepehuacán de Guerrero_Tanque de Distribución" }, "geometry": { "type": "Point", "coordinates": [ -98.843848140357181, 21.014162604932558 ] } },
{ "type": "Feature", "properties": { "CVEGEO_LOC": "130620005", "AÑO": 2014.0, "NOM_MUN": "Tepehuacán de Guerrero", "NOM_LOC": "San Juan Ahuehueco", "Fuente de abastecimiento": "Tanque Puerto de San Juan", "Coliformes Totales (Ausencia o Presencia/100mL)": "Presencia", "E. Coli (Ausencia o Presencia/100mL)": "Presencia", "Arsenico (mg/L)": "0", "Bario (mg/L)": "0", "Cadmio (mg/L)": null, "Cobre (mg/L)": "0.11", "Hierro (mg/L)": "0", "Manganeso (mg/L)": "0", "Plomo (mg/L)": "0", "Zinc (mg/L)": "0.1", "Cianuros (mg/L)": "0.001", "Cloro Residual (mg/L)": "0.2", "Cloruros (mg/L)": "64.1", "Dureza Total (mg/L)": "203.33", "Fluoruros (mg/L)": "0.37", "Nitratos (mg/L)": "0.9", "Nitritos (mg/L)": "0.0056", "Ph": "7.17", "SDT (mg/L)": "122", "Sulfatos (mg/L)": "26", "Cloro Total (mg/L)": "0", "Conductividad (muS/cm)": "225", "Temperatura (°C)": "26", "ID": "Tepehuacán de Guerrero_San Juan Ahuehueco_Tanque Puerto de San Juan" }, "geometry": { "type": "Point", "coordinates": [ -98.907942517401509, 21.033691154719371 ] } },
{ "type": "Feature", "properties": { "CVEGEO_LOC": "130620006", "AÑO": 2016.0, "NOM_MUN": "Tepehuacán de Guerrero", "NOM_LOC": "Amola de Ocampo", "Fuente de abastecimiento": "Tanque Barrio de San Juan", "Coliformes Totales (Ausencia o Presencia/100mL)": "Presencia", "E. Coli (Ausencia o Presencia/100mL)": "Presencia", "Arsenico (mg/L)": "0", "Bario (mg/L)": "0", "Cadmio (mg/L)": "ND", "Cobre (mg/L)": "0.9", "Hierro (mg/L)": "0", "Manganeso (mg/L)": "0", "Plomo (mg/L)": "0", "Zinc (mg/L)": "0", "Cianuros (mg/L)": "3", "Cloro Residual (mg/L)": "0.2", "Cloruros (mg/L)": "66.1", "Dureza Total (mg/L)": "205.55", "Fluoruros (mg/L)": "0.39", "Nitratos (mg/L)": "0.11", "Nitritos (mg/L)": "58", "Ph": "45695", "SDT (mg/L)": "131", "Sulfatos (mg/L)": "29", "Cloro Total (mg/L)": "0.1", "Conductividad (muS/cm)": "230", "Temperatura (°C)": "45863", "ID": "Tepehuacán de Guerrero_Amola de Ocampo_Tanque Barrio de San Juan" }, "geometry": { "type": "Point", "coordinates": [ -98.895360458893634, 21.070427648336135 ] } },
{ "type": "Feature", "properties": { "CVEGEO_LOC": "130620008", "AÑO": 2019.0, "NOM_MUN": "Tepehuacán de Guerrero", "NOM_LOC": "San Miguel Ayotempa", "Fuente de abastecimiento": "Manantial el Chorrito", "Coliformes Totales (Ausencia o Presencia/100mL)": "Presencia", "E. Coli (Ausencia o Presencia/100mL)": "Presencia", "Arsenico (mg/L)": "0", "Bario (mg/L)": "0.01", "Cadmio (mg/L)": "0", "Cobre (mg/L)": "0", "Hierro (mg/L)": "0", "Manganeso (mg/L)": "0", "Plomo (mg/L)": "0", "Zinc (mg/L)": "0.02", "Cianuros (mg/L)": "0.001", "Cloro Residual (mg/L)": "0", "Cloruros (mg/L)": "2.6", "Dureza Total (mg/L)": "113.33", "Fluoruros (mg/L)": "0.4", "Nitratos (mg/L)": "6.1", "Nitritos (mg/L)": "0.03", "Ph": "6.7", "SDT (mg/L)": "156", "Sulfatos (mg/L)": "7.8", "Cloro Total (mg/L)": "0", "Conductividad (muS/cm)": "234", "Temperatura (°C)": "23.1", "ID": "Tepehuacán de Guerrero_San Miguel Ayotempa_Manantial el Chorrito" }, "geometry": { "type": "Point", "coordinates": [ -98.850486369441626, 20.976160490372443 ] } },
{ "type": "Feature", "properties": { "CVEGEO_LOC": "130620010", "AÑO": 2012.0, "NOM_MUN": "Tepehuacán de Guerrero", "NOM_LOC": "Cuatolol", "Fuente de abastecimiento": "Pozo Moxtongo", "Coliformes Totales (Ausencia o Presencia/100mL)": "Presencia", "E. Coli (Ausencia o Presencia/100mL)": "Ausencia", "Arsenico (mg/L)": "0.001", "Bario (mg/L)": null, "Cadmio (mg/L)": null, "Cobre (mg/L)": "0.373", "Hierro (mg/L)": "0.004", "Manganeso (mg/L)": "0.025", "Plomo (mg/L)": "0", "Zinc (mg/L)": "0.139", "Cianuros (mg/L)": "0.001", "Cloro Residual (mg/L)": "0.1", "Cloruros (mg/L)": "62.5", "Dureza Total (mg/L)": "222.22", "Fluoruros (mg/L)": "0.58", "Nitratos (mg/L)": "1", "Nitritos (mg/L)": "0.0075", "Ph": "7.47", "SDT (mg/L)": "189.9", "Sulfatos (mg/L)": "27.5", "Cloro Total (mg/L)": "0", "Conductividad (muS/cm)": "180.1", "Temperatura (°C)": "21.4", "ID": "Tepehuacán de Guerrero_Cuatolol_Pozo Moxtongo" }, "geometry": { "type": "Point", "coordinates": [ -98.82632238896764, 21.118444105553131 ] } },
{ "type": "Feature", "properties": { "CVEGEO_LOC": "130620011", "AÑO": 2015.0, "NOM_MUN": "Tepehuacán de Guerrero", "NOM_LOC": "Cuazáhuatl", "Fuente de abastecimiento": "Manantial Cazahuatl", "Coliformes Totales (Ausencia o Presencia/100mL)": "Presencia", "E. Coli (Ausencia o Presencia/100mL)": "Ausencia", "Arsenico (mg/L)": "0", "Bario (mg/L)": "0", "Cadmio (mg/L)": null, "Cobre (mg/L)": "0", "Hierro (mg/L)": "0", "Manganeso (mg/L)": "0", "Plomo (mg/L)": "0", "Zinc (mg/L)": "0.21", "Cianuros (mg/L)": "0", "Cloro Residual (mg/L)": "0", "Cloruros (mg/L)": "20", "Dureza Total (mg/L)": "166.66", "Fluoruros (mg/L)": "0.1", "Nitratos (mg/L)": "0.8", "Nitritos (mg/L)": "0.003", "Ph": "7.7", "SDT (mg/L)": "137.5", "Sulfatos (mg/L)": "1", "Cloro Total (mg/L)": "0", "Conductividad (muS/cm)": "230", "Temperatura (°C)": "18.2", "ID": "Tepehuacán de Guerrero_Cuazáhuatl_Manantial Cazahuatl" }, "geometry": { "type": "Point", "coordinates": [ -98.88726409889972, 21.015508624606582 ] } },
{ "type": "Feature", "properties": { "CVEGEO_LOC": "130620021", "AÑO": 2016.0, "NOM_MUN": "Tepehuacán de Guerrero", "NOM_LOC": "San Antonio", "Fuente de abastecimiento": "Tanque 1", "Coliformes Totales (Ausencia o Presencia/100mL)": "Presencia", "E. Coli (Ausencia o Presencia/100mL)": "Presencia", "Arsenico (mg/L)": "0", "Bario (mg/L)": "0", "Cadmio (mg/L)": "ND", "Cobre (mg/L)": "0", "Hierro (mg/L)": "0", "Manganeso (mg/L)": "0", "Plomo (mg/L)": "0", "Zinc (mg/L)": "0.01", "Cianuros (mg/L)": "2", "Cloro Residual (mg/L)": "0.04", "Cloruros (mg/L)": "86.4", "Dureza Total (mg/L)": "175.55", "Fluoruros (mg/L)": "0.7", "Nitratos (mg/L)": "0", "Nitritos (mg/L)": "1", "Ph": "8.29", "SDT (mg/L)": "111.31", "Sulfatos (mg/L)": "40.3", "Cloro Total (mg/L)": "0.06", "Conductividad (muS/cm)": "265", "Temperatura (°C)": "45919", "ID": "Tepehuacán de Guerrero_San Antonio_Tanque 1" }, "geometry": { "type": "Point", "coordinates": [ -98.899542073554983, 21.093731378058848 ] } },
{ "type": "Feature", "properties": { "CVEGEO_LOC": "130620025", "AÑO": 2012.0, "NOM_MUN": "Tepehuacán de Guerrero", "NOM_LOC": "Texcapa", "Fuente de abastecimiento": "Pozo San José Piedra Gorda", "Coliformes Totales (Ausencia o Presencia/100mL)": "Presencia", "E. Coli (Ausencia o Presencia/100mL)": "Ausencia", "Arsenico (mg/L)": "0.001", "Bario (mg/L)": null, "Cadmio (mg/L)": null, "Cobre (mg/L)": "0.272", "Hierro (mg/L)": "0.085", "Manganeso (mg/L)": "0", "Plomo (mg/L)": "0", "Zinc (mg/L)": "0.136", "Cianuros (mg/L)": "0.002", "Cloro Residual (mg/L)": "0.02", "Cloruros (mg/L)": "52.75", "Dureza Total (mg/L)": "275.5528", "Fluoruros (mg/L)": "0.52", "Nitratos (mg/L)": "0.9", "Nitritos (mg/L)": "0.0044", "Ph": "7.87", "SDT (mg/L)": "252", "Sulfatos (mg/L)": "25", "Cloro Total (mg/L)": "0", "Conductividad (muS/cm)": "245", "Temperatura (°C)": "22.3", "ID": "Tepehuacán de Guerrero_Texcapa_Pozo San José Piedra Gorda" }, "geometry": { "type": "Point", "coordinates": [ -98.853770482597383, 21.091229516844056 ] } },
{ "type": "Feature", "properties": { "CVEGEO_LOC": "130620029", "AÑO": 2015.0, "NOM_MUN": "Tepehuacán de Guerrero", "NOM_LOC": "Xilitla", "Fuente de abastecimiento": "Manantial Agua Bendita", "Coliformes Totales (Ausencia o Presencia/100mL)": "Presencia", "E. Coli (Ausencia o Presencia/100mL)": "Ausencia", "Arsenico (mg/L)": "0", "Bario (mg/L)": "0", "Cadmio (mg/L)": null, "Cobre (mg/L)": "0.78", "Hierro (mg/L)": "0", "Manganeso (mg/L)": "0", "Plomo (mg/L)": "0", "Zinc (mg/L)": "0.06", "Cianuros (mg/L)": "0", "Cloro Residual (mg/L)": "0.03", "Cloruros (mg/L)": "2", "Dureza Total (mg/L)": "44.44", "Fluoruros (mg/L)": "0.04", "Nitratos (mg/L)": "0.4", "Nitritos (mg/L)": "0.002", "Ph": "7.6", "SDT (mg/L)": "176.4", "Sulfatos (mg/L)": "0", "Cloro Total (mg/L)": "0", "Conductividad (muS/cm)": "210.15", "Temperatura (°C)": "17.5", "ID": "Tepehuacán de Guerrero_Xilitla_Manantial Agua Bendita" }, "geometry": { "type": "Point", "coordinates": [ -98.808872706646582, 21.07112596015628 ] } },
{ "type": "Feature", "properties": { "CVEGEO_LOC": "130620030", "AÑO": 2014.0, "NOM_MUN": "Tepehuacán de Guerrero", "NOM_LOC": "Zacualtipanito", "Fuente de abastecimiento": "Manantial", "Coliformes Totales (Ausencia o Presencia/100mL)": "Presencia", "E. Coli (Ausencia o Presencia/100mL)": "Presencia", "Arsenico (mg/L)": "0", "Bario (mg/L)": "0", "Cadmio (mg/L)": null, "Cobre (mg/L)": "0.1", "Hierro (mg/L)": "0", "Manganeso (mg/L)": "0", "Plomo (mg/L)": "0", "Zinc (mg/L)": "0.1", "Cianuros (mg/L)": "0.001", "Cloro Residual (mg/L)": "0.5", "Cloruros (mg/L)": "61.2", "Dureza Total (mg/L)": "17.7", "Fluoruros (mg/L)": "0.31", "Nitratos (mg/L)": "0.5", "Nitritos (mg/L)": "0.004", "Ph": "7.61", "SDT (mg/L)": "305", "Sulfatos (mg/L)": "21", "Cloro Total (mg/L)": "0", "Conductividad (muS/cm)": "733", "Temperatura (°C)": "23.4", "ID": "Tepehuacán de Guerrero_Zacualtipanito_Manantial" }, "geometry": { "type": "Point", "coordinates": [ -98.800033015281912, 21.15282954059375 ] } },
{ "type": "Feature", "properties": { "CVEGEO_LOC": "130620116", "AÑO": 2016.0, "NOM_MUN": "Tepehuacán de Guerrero", "NOM_LOC": "Acatlajapa", "Fuente de abastecimiento": "Manantial AlmoLo", "Coliformes Totales (Ausencia o Presencia/100mL)": "Presencia", "E. Coli (Ausencia o Presencia/100mL)": "Presencia", "Arsenico (mg/L)": "0", "Bario (mg/L)": "0", "Cadmio (mg/L)": "ND", "Cobre (mg/L)": "0.1", "Hierro (mg/L)": "0", "Manganeso (mg/L)": "0", "Plomo (mg/L)": "0", "Zinc (mg/L)": "0.1", "Cianuros (mg/L)": "1", "Cloro Residual (mg/L)": "0.1", "Cloruros (mg/L)": "56.2", "Dureza Total (mg/L)": "124.24", "Fluoruros (mg/L)": "0.29", "Nitratos (mg/L)": "0.4", "Nitritos (mg/L)": "37", "Ph": "7.55", "SDT (mg/L)": "295", "Sulfatos (mg/L)": "27", "Cloro Total (mg/L)": "0.1", "Conductividad (muS/cm)": "736", "Temperatura (°C)": "45771", "ID": "Tepehuacán de Guerrero_Acatlajapa_Manantial AlmoLo" }, "geometry": { "type": "Point", "coordinates": [ -98.872397751797479, 21.066044430493665 ] } },
{ "type": "Feature", "properties": { "CVEGEO_LOC": "130630001", "AÑO": 2021.0, "NOM_MUN": "Tepeji del Río de Ocampo", "NOM_LOC": "\r\nTepeji del Río de Ocampo", "Fuente de abastecimiento": "Pozo 1", "Coliformes Totales (Ausencia o Presencia/100mL)": "Presencia", "E. Coli (Ausencia o Presencia/100mL)": "ND", "Arsenico (mg/L)": "0", "Bario (mg/L)": "0", "Cadmio (mg/L)": "0", "Cobre (mg/L)": "0.51", "Hierro (mg/L)": "0", "Manganeso (mg/L)": "0.06", "Plomo (mg/L)": "0", "Zinc (mg/L)": "0.01", "Cianuros (mg/L)": "2", "Cloro Residual (mg/L)": "0.16", "Cloruros (mg/L)": "36.6", "Dureza Total (mg/L)": "288.88", "Fluoruros (mg/L)": "0.62", "Nitratos (mg/L)": "45748", "Nitritos (mg/L)": "17", "Ph": "6.85", "SDT (mg/L)": "196", "Sulfatos (mg/L)": "45", "Cloro Total (mg/L)": "0.02", "Conductividad (muS/cm)": "465", "Temperatura (°C)": "45802", "ID": "Tepeji del Río de Ocampo_ Tepeji del Río de Ocampo_Pozo 1" }, "geometry": { "type": "Point", "coordinates": [ -99.336600197261163, 19.912004371806084 ] } },
{ "type": "Feature", "properties": { "CVEGEO_LOC": "130630001", "AÑO": 2012.0, "NOM_MUN": "Tepeji del Río de Ocampo", "NOM_LOC": "Tepeji del Río de Ocampo", "Fuente de abastecimiento": "Pozo 3ra Manzana", "Coliformes Totales (Ausencia o Presencia/100mL)": "Presencia", "E. Coli (Ausencia o Presencia/100mL)": "Ausencia", "Arsenico (mg/L)": "0", "Bario (mg/L)": "0.5", "Cadmio (mg/L)": null, "Cobre (mg/L)": "0.298", "Hierro (mg/L)": "0.21", "Manganeso (mg/L)": "0", "Plomo (mg/L)": "0", "Zinc (mg/L)": "0.058", "Cianuros (mg/L)": "0.006", "Cloro Residual (mg/L)": "0", "Cloruros (mg/L)": "62", "Dureza Total (mg/L)": "104.4434", "Fluoruros (mg/L)": "0", "Nitratos (mg/L)": "0", "Nitritos (mg/L)": "0.0028", "Ph": "7.4", "SDT (mg/L)": "193.23", "Sulfatos (mg/L)": "0", "Cloro Total (mg/L)": "0", "Conductividad (muS/cm)": "245", "Temperatura (°C)": "22.5", "ID": "Tepeji del Río de Ocampo_Tepeji del Río de Ocampo_Pozo 3ra Manzana" }, "geometry": { "type": "Point", "coordinates": [ -99.345898073472483, 19.899564436186768 ] } },
{ "type": "Feature", "properties": { "CVEGEO_LOC": "130630001", "AÑO": 2012.0, "NOM_MUN": "Tepeji del Río de Ocampo", "NOM_LOC": "Tepeji del Río de Ocampo", "Fuente de abastecimiento": "Pozo El Torreón", "Coliformes Totales (Ausencia o Presencia/100mL)": "Presencia", "E. Coli (Ausencia o Presencia/100mL)": "Ausencia", "Arsenico (mg/L)": "0.001", "Bario (mg/L)": "0", "Cadmio (mg/L)": null, "Cobre (mg/L)": "0.38", "Hierro (mg/L)": "0.034", "Manganeso (mg/L)": "0.6", "Plomo (mg/L)": "0", "Zinc (mg/L)": "0.012", "Cianuros (mg/L)": "0.004", "Cloro Residual (mg/L)": "0.07", "Cloruros (mg/L)": "203.5", "Dureza Total (mg/L)": "211.109", "Fluoruros (mg/L)": "0.4", "Nitratos (mg/L)": "1.6", "Nitritos (mg/L)": "0.0058", "Ph": "6.24", "SDT (mg/L)": "347", "Sulfatos (mg/L)": "45", "Cloro Total (mg/L)": "0.03", "Conductividad (muS/cm)": "763", "Temperatura (°C)": "18.1", "ID": "Tepeji del Río de Ocampo_Tepeji del Río de Ocampo_Pozo El Torreón" }, "geometry": { "type": "Point", "coordinates": [ -99.347424509715637, 19.91773203765279 ] } },
{ "type": "Feature", "properties": { "CVEGEO_LOC": "130630003", "AÑO": 2021.0, "NOM_MUN": "Tepeji del Río de Ocampo", "NOM_LOC": "Cantera de Villagrán", "Fuente de abastecimiento": "Pozo 2", "Coliformes Totales (Ausencia o Presencia/100mL)": "Presencia", "E. Coli (Ausencia o Presencia/100mL)": "ND", "Arsenico (mg/L)": "0", "Bario (mg/L)": "0", "Cadmio (mg/L)": "0", "Cobre (mg/L)": "1.18", "Hierro (mg/L)": "0.05", "Manganeso (mg/L)": "0.02", "Plomo (mg/L)": "0", "Zinc (mg/L)": "0.07", "Cianuros (mg/L)": "8", "Cloro Residual (mg/L)": "0", "Cloruros (mg/L)": "45705", "Dureza Total (mg/L)": "199.99", "Fluoruros (mg/L)": "0.61", "Nitratos (mg/L)": "45691", "Nitritos (mg/L)": "38", "Ph": "6.97", "SDT (mg/L)": "207", "Sulfatos (mg/L)": "38", "Cloro Total (mg/L)": "0.55", "Conductividad (muS/cm)": "725", "Temperatura (°C)": "45803", "ID": "Tepeji del Río de Ocampo_Cantera de Villagrán_Pozo 2" }, "geometry": { "type": "Point", "coordinates": [ -99.305304551013748, 19.84501976154128 ] } },
{ "type": "Feature", "properties": { "CVEGEO_LOC": "130630016", "AÑO": 2017.0, "NOM_MUN": "Tepeji del Río de Ocampo", "NOM_LOC": "Santa María Quelites", "Fuente de abastecimiento": "Pozo Quelite", "Coliformes Totales (Ausencia o Presencia/100mL)": "Presencia", "E. Coli (Ausencia o Presencia/100mL)": "Ausencia", "Arsenico (mg/L)": "0", "Bario (mg/L)": "0", "Cadmio (mg/L)": null, "Cobre (mg/L)": "0.62", "Hierro (mg/L)": "0", "Manganeso (mg/L)": "0", "Plomo (mg/L)": "0", "Zinc (mg/L)": "0.06", "Cianuros (mg/L)": "0", "Cloro Residual (mg/L)": "0.18", "Cloruros (mg/L)": "69.8", "Dureza Total (mg/L)": "25.55", "Fluoruros (mg/L)": "0.55", "Nitratos (mg/L)": "0.9", "Nitritos (mg/L)": "0.002", "Ph": "7.31", "SDT (mg/L)": "865", "Sulfatos (mg/L)": "90", "Cloro Total (mg/L)": "0.04", "Conductividad (muS/cm)": "915", "Temperatura (°C)": "29.3", "ID": "Tepeji del Río de Ocampo_Santa María Quelites_Pozo Quelite" }, "geometry": { "type": "Point", "coordinates": [ -99.356929469190845, 19.847223929153934 ] } },
{ "type": "Feature", "properties": { "CVEGEO_LOC": "130630020", "AÑO": 2017.0, "NOM_MUN": "Tepeji del Río de Ocampo", "NOM_LOC": "Tianguistengo (La Romera)", "Fuente de abastecimiento": "Pozo las Peñas", "Coliformes Totales (Ausencia o Presencia/100mL)": "ND", "E. Coli (Ausencia o Presencia/100mL)": "ND", "Arsenico (mg/L)": "0", "Bario (mg/L)": "0", "Cadmio (mg/L)": null, "Cobre (mg/L)": "0.01", "Hierro (mg/L)": "0", "Manganeso (mg/L)": "0", "Plomo (mg/L)": "0", "Zinc (mg/L)": "0.02", "Cianuros (mg/L)": null, "Cloro Residual (mg/L)": null, "Cloruros (mg/L)": null, "Dureza Total (mg/L)": null, "Fluoruros (mg/L)": null, "Nitratos (mg/L)": null, "Nitritos (mg/L)": null, "Ph": null, "SDT (mg/L)": null, "Sulfatos (mg/L)": null, "Cloro Total (mg/L)": null, "Conductividad (muS/cm)": null, "Temperatura (°C)": null, "ID": "Tepeji del Río de Ocampo_Tianguistengo (La Romera)_Pozo las Peñas" }, "geometry": { "type": "Point", "coordinates": [ -99.321898390851459, 19.91265910181971 ] } },
{ "type": "Feature", "properties": { "CVEGEO_LOC": "130640001", "AÑO": 2012.0, "NOM_MUN": "Tepetitlán", "NOM_LOC": "Tepetitlán", "Fuente de abastecimiento": "Manantial El Pudhe", "Coliformes Totales (Ausencia o Presencia/100mL)": "Presencia", "E. Coli (Ausencia o Presencia/100mL)": "Ausencia", "Arsenico (mg/L)": "0", "Bario (mg/L)": null, "Cadmio (mg/L)": null, "Cobre (mg/L)": "0.159", "Hierro (mg/L)": "0", "Manganeso (mg/L)": null, "Plomo (mg/L)": "0", "Zinc (mg/L)": "0.028", "Cianuros (mg/L)": "0", "Cloro Residual (mg/L)": "0", "Cloruros (mg/L)": "162.5", "Dureza Total (mg/L)": "388.885", "Fluoruros (mg/L)": "0.46", "Nitratos (mg/L)": "0", "Nitritos (mg/L)": "0", "Ph": "7.08", "SDT (mg/L)": "583", "Sulfatos (mg/L)": "282.5", "Cloro Total (mg/L)": "0", "Conductividad (muS/cm)": "642", "Temperatura (°C)": "23.6", "ID": "Tepetitlán_Tepetitlán_Manantial El Pudhe" }, "geometry": { "type": "Point", "coordinates": [ -99.378708356736738, 20.184904708859598 ] } },
{ "type": "Feature", "properties": { "CVEGEO_LOC": "130640001", "AÑO": 2022.0, "NOM_MUN": "Tepetitlán", "NOM_LOC": "Tepetitlán", "Fuente de abastecimiento": "Manantial Manzanas I", "Coliformes Totales (Ausencia o Presencia/100mL)": "Presencia", "E. Coli (Ausencia o Presencia/100mL)": "Presencia", "Arsenico (mg/L)": "0.01", "Bario (mg/L)": "0.01", "Cadmio (mg/L)": "89", "Cobre (mg/L)": "2.32", "Hierro (mg/L)": "4.14", "Manganeso (mg/L)": "0.9", "Plomo (mg/L)": "25", "Zinc (mg/L)": "0.18", "Cianuros (mg/L)": "14", "Cloro Residual (mg/L)": "0.09", "Cloruros (mg/L)": "45665", "Dureza Total (mg/L)": "111.11", "Fluoruros (mg/L)": "0", "Nitratos (mg/L)": "45901", "Nitritos (mg/L)": "53", "Ph": "6.48", "SDT (mg/L)": "137", "Sulfatos (mg/L)": "0", "Cloro Total (mg/L)": "0.1", "Conductividad (muS/cm)": "257", "Temperatura (°C)": "45920", "ID": "Tepetitlán_Tepetitlán_Manantial Manzanas I" }, "geometry": { "type": "Point", "coordinates": [ -99.384115567939631, 20.185644817578755 ] } },
{ "type": "Feature", "properties": { "CVEGEO_LOC": "130640001", "AÑO": 2013.0, "NOM_MUN": "Tepetitlán", "NOM_LOC": "Tepetitlán", "Fuente de abastecimiento": "Pozo 3ra Manzana", "Coliformes Totales (Ausencia o Presencia/100mL)": "Presencia", "E. Coli (Ausencia o Presencia/100mL)": "Ausencia", "Arsenico (mg/L)": "0", "Bario (mg/L)": "0", "Cadmio (mg/L)": null, "Cobre (mg/L)": "0.1", "Hierro (mg/L)": "0", "Manganeso (mg/L)": "0", "Plomo (mg/L)": "0", "Zinc (mg/L)": "0.01", "Cianuros (mg/L)": "0", "Cloro Residual (mg/L)": "0", "Cloruros (mg/L)": "136.1", "Dureza Total (mg/L)": "218.88", "Fluoruros (mg/L)": "0.3", "Nitratos (mg/L)": "0", "Nitritos (mg/L)": "0", "Ph": "7.96", "SDT (mg/L)": "0", "Sulfatos (mg/L)": "143.1", "Cloro Total (mg/L)": "0", "Conductividad (muS/cm)": "2.38", "Temperatura (°C)": "17.3", "ID": "Tepetitlán_Tepetitlán_Pozo 3ra Manzana" }, "geometry": { "type": "Point", "coordinates": [ -99.382934049919498, 20.19101434215743 ] } },
{ "type": "Feature", "properties": { "CVEGEO_LOC": "130640003", "AÑO": 2014.0, "NOM_MUN": "Tepetitlán", "NOM_LOC": "General Pedro María Anaya", "Fuente de abastecimiento": "Pozo General Pedro María Anaya", "Coliformes Totales (Ausencia o Presencia/100mL)": "Presencia", "E. Coli (Ausencia o Presencia/100mL)": "Ausencia", "Arsenico (mg/L)": "0", "Bario (mg/L)": "0", "Cadmio (mg/L)": null, "Cobre (mg/L)": "0.03", "Hierro (mg/L)": "0.03", "Manganeso (mg/L)": "0", "Plomo (mg/L)": "0", "Zinc (mg/L)": "0.1", "Cianuros (mg/L)": "0.004", "Cloro Residual (mg/L)": "0.02", "Cloruros (mg/L)": "110.9", "Dureza Total (mg/L)": "210", "Fluoruros (mg/L)": "0.5", "Nitratos (mg/L)": "3.4", "Nitritos (mg/L)": "0.004", "Ph": "7.11", "SDT (mg/L)": "936", "Sulfatos (mg/L)": "200", "Cloro Total (mg/L)": "0", "Conductividad (muS/cm)": "1707", "Temperatura (°C)": "24.1", "ID": "Tepetitlán_General Pedro María Anaya_Pozo General Pedro María Anaya" }, "geometry": { "type": "Point", "coordinates": [ -99.353144626733069, 20.155794799466321 ] } },
{ "type": "Feature", "properties": { "CVEGEO_LOC": "130640006", "AÑO": 2012.0, "NOM_MUN": "Tepetitlán", "NOM_LOC": "La Loma", "Fuente de abastecimiento": "Cárcamo Las Cruces", "Coliformes Totales (Ausencia o Presencia/100mL)": "Presencia", "E. Coli (Ausencia o Presencia/100mL)": "Ausencia", "Arsenico (mg/L)": "0", "Bario (mg/L)": null, "Cadmio (mg/L)": null, "Cobre (mg/L)": "0.407", "Hierro (mg/L)": "0.084", "Manganeso (mg/L)": null, "Plomo (mg/L)": "0", "Zinc (mg/L)": "0.03", "Cianuros (mg/L)": "0.002", "Cloro Residual (mg/L)": "0.1", "Cloruros (mg/L)": "133.5", "Dureza Total (mg/L)": "357.7742", "Fluoruros (mg/L)": "0.5", "Nitratos (mg/L)": "1.8", "Nitritos (mg/L)": "0.044", "Ph": "7.66", "SDT (mg/L)": "473", "Sulfatos (mg/L)": "70", "Cloro Total (mg/L)": "0.02", "Conductividad (muS/cm)": "956", "Temperatura (°C)": "23.6", "ID": "Tepetitlán_La Loma_Cárcamo Las Cruces" }, "geometry": { "type": "Point", "coordinates": [ -99.375160295003127, 20.168648171312142 ] } },
{ "type": "Feature", "properties": { "CVEGEO_LOC": "130640006", "AÑO": 2013.0, "NOM_MUN": "Tepetitlán", "NOM_LOC": "La Loma", "Fuente de abastecimiento": "Pozo Torreón", "Coliformes Totales (Ausencia o Presencia/100mL)": "Presencia", "E. Coli (Ausencia o Presencia/100mL)": "Ausencia", "Arsenico (mg/L)": "0", "Bario (mg/L)": "0", "Cadmio (mg/L)": null, "Cobre (mg/L)": "0.3", "Hierro (mg/L)": "0.07", "Manganeso (mg/L)": "0", "Plomo (mg/L)": "0", "Zinc (mg/L)": "0.03", "Cianuros (mg/L)": "0.002", "Cloro Residual (mg/L)": "0", "Cloruros (mg/L)": "135.4", "Dureza Total (mg/L)": "361.11", "Fluoruros (mg/L)": "0.4", "Nitratos (mg/L)": "1.2", "Nitritos (mg/L)": "0.03", "Ph": "7.63", "SDT (mg/L)": "363", "Sulfatos (mg/L)": "71", "Cloro Total (mg/L)": "0", "Conductividad (muS/cm)": "462", "Temperatura (°C)": "18.5", "ID": "Tepetitlán_La Loma_Pozo Torreón" }, "geometry": { "type": "Point", "coordinates": [ -99.384810053736629, 20.16791663922077 ] } },
{ "type": "Feature", "properties": { "CVEGEO_LOC": "130640008", "AÑO": 2014.0, "NOM_MUN": "Tepetitlán", "NOM_LOC": "San Pedro Nextlalpan", "Fuente de abastecimiento": "Pozo El Torreón", "Coliformes Totales (Ausencia o Presencia/100mL)": "Presencia", "E. Coli (Ausencia o Presencia/100mL)": "Ausencia", "Arsenico (mg/L)": "0", "Bario (mg/L)": "0", "Cadmio (mg/L)": null, "Cobre (mg/L)": "0.2", "Hierro (mg/L)": "0.04", "Manganeso (mg/L)": "0", "Plomo (mg/L)": "0", "Zinc (mg/L)": "0.03", "Cianuros (mg/L)": "0.002", "Cloro Residual (mg/L)": "0", "Cloruros (mg/L)": "132.1", "Dureza Total (mg/L)": "337.77", "Fluoruros (mg/L)": "0.5", "Nitratos (mg/L)": "0.9", "Nitritos (mg/L)": "0.04", "Ph": "7.57", "SDT (mg/L)": "437", "Sulfatos (mg/L)": "60", "Cloro Total (mg/L)": "0", "Conductividad (muS/cm)": "698", "Temperatura (°C)": "22.7", "ID": "Tepetitlán_San Pedro Nextlalpan_Pozo El Torreón" }, "geometry": { "type": "Point", "coordinates": [ -99.388057165553704, 20.155002849333798 ] } },
{ "type": "Feature", "properties": { "CVEGEO_LOC": "130640008", "AÑO": 2015.0, "NOM_MUN": "Tepetitlán", "NOM_LOC": "San Pedro Nextlalpan", "Fuente de abastecimiento": "Pozo Torreón", "Coliformes Totales (Ausencia o Presencia/100mL)": "Presencia", "E. Coli (Ausencia o Presencia/100mL)": "Ausencia", "Arsenico (mg/L)": "0.023", "Bario (mg/L)": "0.3", "Cadmio (mg/L)": null, "Cobre (mg/L)": "0.02", "Hierro (mg/L)": "0", "Manganeso (mg/L)": "0.2", "Plomo (mg/L)": "0.01", "Zinc (mg/L)": "0", "Cianuros (mg/L)": "0", "Cloro Residual (mg/L)": "0", "Cloruros (mg/L)": "124", "Dureza Total (mg/L)": "386.66", "Fluoruros (mg/L)": "0.59", "Nitratos (mg/L)": "0.5", "Nitritos (mg/L)": "0.007", "Ph": "7.52", "SDT (mg/L)": "476", "Sulfatos (mg/L)": "51", "Cloro Total (mg/L)": "0", "Conductividad (muS/cm)": "474", "Temperatura (°C)": "23.8", "ID": "Tepetitlán_San Pedro Nextlalpan_Pozo Torreón" }, "geometry": { "type": "Point", "coordinates": [ -99.382647421047238, 20.149858482913107 ] } },
{ "type": "Feature", "properties": { "CVEGEO_LOC": "130640008", "AÑO": 2015.0, "NOM_MUN": "Tepetitlán", "NOM_LOC": "San Pedro Nextlalpan", "Fuente de abastecimiento": "Tanque de Rebombeo", "Coliformes Totales (Ausencia o Presencia/100mL)": "Presencia", "E. Coli (Ausencia o Presencia/100mL)": "Ausencia", "Arsenico (mg/L)": "0.03", "Bario (mg/L)": "0.6", "Cadmio (mg/L)": null, "Cobre (mg/L)": "1.1", "Hierro (mg/L)": "0", "Manganeso (mg/L)": "0.3", "Plomo (mg/L)": "0.013", "Zinc (mg/L)": "0.01", "Cianuros (mg/L)": "0", "Cloro Residual (mg/L)": "0.3", "Cloruros (mg/L)": "136.6", "Dureza Total (mg/L)": "391.1", "Fluoruros (mg/L)": "0.75", "Nitratos (mg/L)": "9.2", "Nitritos (mg/L)": "0.005", "Ph": "7.16", "SDT (mg/L)": "471", "Sulfatos (mg/L)": "48", "Cloro Total (mg/L)": "0.2", "Conductividad (muS/cm)": "479", "Temperatura (°C)": "24.2", "ID": "Tepetitlán_San Pedro Nextlalpan_Tanque de Rebombeo" }, "geometry": { "type": "Point", "coordinates": [ -99.386523691155034, 20.145879038148365 ] } },
{ "type": "Feature", "properties": { "CVEGEO_LOC": "130640008", "AÑO": 2015.0, "NOM_MUN": "Tepetitlán", "NOM_LOC": "San Pedro Nextlalpan", "Fuente de abastecimiento": "Toma Domiciliaria", "Coliformes Totales (Ausencia o Presencia/100mL)": "Presencia", "E. Coli (Ausencia o Presencia/100mL)": "Ausencia", "Arsenico (mg/L)": "0.01", "Bario (mg/L)": "0.1", "Cadmio (mg/L)": null, "Cobre (mg/L)": "0.06", "Hierro (mg/L)": "0", "Manganeso (mg/L)": "0.1", "Plomo (mg/L)": "0.001", "Zinc (mg/L)": "0.01", "Cianuros (mg/L)": "0", "Cloro Residual (mg/L)": "1.6", "Cloruros (mg/L)": "109.5", "Dureza Total (mg/L)": "395.55", "Fluoruros (mg/L)": "0.58", "Nitratos (mg/L)": "0.9", "Nitritos (mg/L)": "0.004", "Ph": "7.39", "SDT (mg/L)": "465", "Sulfatos (mg/L)": "38", "Cloro Total (mg/L)": "1.9", "Conductividad (muS/cm)": "472", "Temperatura (°C)": "21.9", "ID": "Tepetitlán_San Pedro Nextlalpan_Toma Domiciliaria" }, "geometry": { "type": "Point", "coordinates": [ -99.395280021888254, 20.150207827810469 ] } },
{ "type": "Feature", "properties": { "CVEGEO_LOC": "130640016", "AÑO": 2016.0, "NOM_MUN": "Tepetitlán", "NOM_LOC": "La Ermita", "Fuente de abastecimiento": "Pozo Torreón", "Coliformes Totales (Ausencia o Presencia/100mL)": "Presencia", "E. Coli (Ausencia o Presencia/100mL)": "Ausencia", "Arsenico (mg/L)": "0", "Bario (mg/L)": "0", "Cadmio (mg/L)": "ND", "Cobre (mg/L)": "0.16", "Hierro (mg/L)": "0.02", "Manganeso (mg/L)": "0.15", "Plomo (mg/L)": "0", "Zinc (mg/L)": "0.07", "Cianuros (mg/L)": "3", "Cloro Residual (mg/L)": "0.1", "Cloruros (mg/L)": "73.4", "Dureza Total (mg/L)": "384.44", "Fluoruros (mg/L)": "0.47", "Nitratos (mg/L)": "45691", "Nitritos (mg/L)": "22", "Ph": "7.66", "SDT (mg/L)": "458", "Sulfatos (mg/L)": "50", "Cloro Total (mg/L)": "0", "Conductividad (muS/cm)": "674", "Temperatura (°C)": "45770", "ID": "Tepetitlán_La Ermita_Pozo Torreón" }, "geometry": { "type": "Point", "coordinates": [ -99.379051070791206, 20.161996712531035 ] } },
{ "type": "Feature", "properties": { "CVEGEO_LOC": "130640020", "AÑO": 2016.0, "NOM_MUN": "Tepetitlán", "NOM_LOC": "La Cuarta Manzana", "Fuente de abastecimiento": "Pozo 4ta. Manzana", "Coliformes Totales (Ausencia o Presencia/100mL)": "Presencia", "E. Coli (Ausencia o Presencia/100mL)": "Ausencia", "Arsenico (mg/L)": "0", "Bario (mg/L)": "0", "Cadmio (mg/L)": "ND", "Cobre (mg/L)": "0.05", "Hierro (mg/L)": "0", "Manganeso (mg/L)": "0", "Plomo (mg/L)": "0", "Zinc (mg/L)": "0.08", "Cianuros (mg/L)": "2", "Cloro Residual (mg/L)": "0.1", "Cloruros (mg/L)": "107.8", "Dureza Total (mg/L)": "422.21", "Fluoruros (mg/L)": "0.53", "Nitratos (mg/L)": "45905", "Nitritos (mg/L)": "7", "Ph": "7.41", "SDT (mg/L)": "663", "Sulfatos (mg/L)": "95", "Cloro Total (mg/L)": "0", "Conductividad (muS/cm)": "951", "Temperatura (°C)": "24", "ID": "Tepetitlán_La Cuarta Manzana_Pozo 4ta. Manzana" }, "geometry": { "type": "Point", "coordinates": [ -99.390058126962913, 20.180510088739808 ] } },
{ "type": "Feature", "properties": { "CVEGEO_LOC": "130650001", "AÑO": 2014.0, "NOM_MUN": "Tetepango", "NOM_LOC": "Tetepango", "Fuente de abastecimiento": "Pozo del Parque", "Coliformes Totales (Ausencia o Presencia/100mL)": "Presencia", "E. Coli (Ausencia o Presencia/100mL)": "Ausencia", "Arsenico (mg/L)": "0", "Bario (mg/L)": "0", "Cadmio (mg/L)": null, "Cobre (mg/L)": "0", "Hierro (mg/L)": "0", "Manganeso (mg/L)": "0", "Plomo (mg/L)": "0", "Zinc (mg/L)": "0.17", "Cianuros (mg/L)": "0.005", "Cloro Residual (mg/L)": "0", "Cloruros (mg/L)": "30", "Dureza Total (mg/L)": "360.01", "Fluoruros (mg/L)": "0", "Nitratos (mg/L)": "1.2", "Nitritos (mg/L)": "0.007", "Ph": "7.5", "SDT (mg/L)": "601.3", "Sulfatos (mg/L)": "70.4", "Cloro Total (mg/L)": "0", "Conductividad (muS/cm)": "1340", "Temperatura (°C)": "19.7", "ID": "Tetepango_Tetepango_Pozo del Parque" }, "geometry": { "type": "Point", "coordinates": [ -99.159058457901097, 20.101404199678512 ] } },
{ "type": "Feature", "properties": { "CVEGEO_LOC": "130650001", "AÑO": 2014.0, "NOM_MUN": "Tetepango", "NOM_LOC": "Tetepango", "Fuente de abastecimiento": "Pozo La Noria", "Coliformes Totales (Ausencia o Presencia/100mL)": "Presencia", "E. Coli (Ausencia o Presencia/100mL)": "Ausencia", "Arsenico (mg/L)": "0", "Bario (mg/L)": "0", "Cadmio (mg/L)": null, "Cobre (mg/L)": "1", "Hierro (mg/L)": "0", "Manganeso (mg/L)": "0", "Plomo (mg/L)": "0", "Zinc (mg/L)": "0.06", "Cianuros (mg/L)": "0.006", "Cloro Residual (mg/L)": "0", "Cloruros (mg/L)": "45", "Dureza Total (mg/L)": "401.11", "Fluoruros (mg/L)": "0", "Nitratos (mg/L)": "1.2", "Nitritos (mg/L)": "0.005", "Ph": "7.24", "SDT (mg/L)": "461", "Sulfatos (mg/L)": "40", "Cloro Total (mg/L)": "0", "Conductividad (muS/cm)": "1289", "Temperatura (°C)": "20.1", "ID": "Tetepango_Tetepango_Pozo La Noria" }, "geometry": { "type": "Point", "coordinates": [ -99.145457804670372, 20.101897690459907 ] } },
{ "type": "Feature", "properties": { "CVEGEO_LOC": "130660001", "AÑO": 2012.0, "NOM_MUN": "Villa de Tezontepec", "NOM_LOC": "Tezontepec", "Fuente de abastecimiento": "Manantial Barrio Tlamaya", "Coliformes Totales (Ausencia o Presencia/100mL)": "Presencia", "E. Coli (Ausencia o Presencia/100mL)": "Ausencia", "Arsenico (mg/L)": "0.001", "Bario (mg/L)": "0.005", "Cadmio (mg/L)": null, "Cobre (mg/L)": "0.011", "Hierro (mg/L)": "0.03", "Manganeso (mg/L)": "0", "Plomo (mg/L)": "0", "Zinc (mg/L)": "0.053", "Cianuros (mg/L)": "0.005", "Cloro Residual (mg/L)": "0", "Cloruros (mg/L)": "79", "Dureza Total (mg/L)": "422.218", "Fluoruros (mg/L)": "0.23", "Nitratos (mg/L)": "17", "Nitritos (mg/L)": "0.0034", "Ph": "6.77", "SDT (mg/L)": "735", "Sulfatos (mg/L)": "0", "Cloro Total (mg/L)": "0", "Conductividad (muS/cm)": "1108", "Temperatura (°C)": "25.4", "ID": "Villa de Tezontepec_Tezontepec_Manantial Barrio Tlamaya" }, "geometry": { "type": "Point", "coordinates": [ -98.816524518553365, 19.878111209559695 ] } },
{ "type": "Feature", "properties": { "CVEGEO_LOC": "130660001", "AÑO": 2012.0, "NOM_MUN": "Villa de Tezontepec", "NOM_LOC": "Tezontepec", "Fuente de abastecimiento": "Manantial Tenexaco", "Coliformes Totales (Ausencia o Presencia/100mL)": "Presencia", "E. Coli (Ausencia o Presencia/100mL)": "Ausencia", "Arsenico (mg/L)": "0.001", "Bario (mg/L)": "0.004", "Cadmio (mg/L)": null, "Cobre (mg/L)": "0.021", "Hierro (mg/L)": "0.02", "Manganeso (mg/L)": "0", "Plomo (mg/L)": "0", "Zinc (mg/L)": "0.062", "Cianuros (mg/L)": "6e-04", "Cloro Residual (mg/L)": "0", "Cloruros (mg/L)": "108.5", "Dureza Total (mg/L)": "633.327", "Fluoruros (mg/L)": "0.25", "Nitratos (mg/L)": "4.3", "Nitritos (mg/L)": "0.0078", "Ph": "6.1", "SDT (mg/L)": "122.3", "Sulfatos (mg/L)": "145", "Cloro Total (mg/L)": "0.02", "Conductividad (muS/cm)": "1733", "Temperatura (°C)": "26.3", "ID": "Villa de Tezontepec_Tezontepec_Manantial Tenexaco" }, "geometry": { "type": "Point", "coordinates": [ -98.823929068229432, 19.885156713323667 ] } },
{ "type": "Feature", "properties": { "CVEGEO_LOC": "130670001", "AÑO": 2014.0, "NOM_MUN": "Tezontepec de Aldama", "NOM_LOC": "Tezontepec de Aldama", "Fuente de abastecimiento": "Galería Filtrante Puede", "Coliformes Totales (Ausencia o Presencia/100mL)": "Presencia", "E. Coli (Ausencia o Presencia/100mL)": "Ausencia", "Arsenico (mg/L)": "0", "Bario (mg/L)": "0", "Cadmio (mg/L)": null, "Cobre (mg/L)": "0.08", "Hierro (mg/L)": "0.02", "Manganeso (mg/L)": "0", "Plomo (mg/L)": "0", "Zinc (mg/L)": "0.04", "Cianuros (mg/L)": "0.005", "Cloro Residual (mg/L)": "0.1", "Cloruros (mg/L)": "78.2", "Dureza Total (mg/L)": "111.11", "Fluoruros (mg/L)": "0.33", "Nitratos (mg/L)": "2.9", "Nitritos (mg/L)": "0.011", "Ph": "7.19", "SDT (mg/L)": "887", "Sulfatos (mg/L)": "116", "Cloro Total (mg/L)": "0", "Conductividad (muS/cm)": "885", "Temperatura (°C)": "21.7", "ID": "Tezontepec de Aldama_Tezontepec de Aldama_Galería Filtrante Puede" }, "geometry": { "type": "Point", "coordinates": [ -99.271748403719414, 20.180602741403739 ] } },
{ "type": "Feature", "properties": { "CVEGEO_LOC": "130670011", "AÑO": 2021.0, "NOM_MUN": "Tezontepec de Aldama", "NOM_LOC": "San Juan Achichilco", "Fuente de abastecimiento": "Cárcamo San Juan Achichilco (profunda)", "Coliformes Totales (Ausencia o Presencia/100mL)": "Presencia", "E. Coli (Ausencia o Presencia/100mL)": "Presencia", "Arsenico (mg/L)": "0", "Bario (mg/L)": "0", "Cadmio (mg/L)": "0", "Cobre (mg/L)": "1.04", "Hierro (mg/L)": "0.01", "Manganeso (mg/L)": "0", "Plomo (mg/L)": "0", "Zinc (mg/L)": "0.03", "Cianuros (mg/L)": "0", "Cloro Residual (mg/L)": "0.01", "Cloruros (mg/L)": "142", "Dureza Total (mg/L)": "146.66", "Fluoruros (mg/L)": "0.11", "Nitratos (mg/L)": "7.7", "Nitritos (mg/L)": "0.008", "Ph": "7.09", "SDT (mg/L)": "97.7", "Sulfatos (mg/L)": "123", "Cloro Total (mg/L)": "0", "Conductividad (muS/cm)": "1407", "Temperatura (°C)": "26.4", "ID": "Tezontepec de Aldama_San Juan Achichilco_Cárcamo San Juan Achichilco (profunda)" }, "geometry": { "type": "Point", "coordinates": [ -99.313135039719413, 20.181413454537307 ] } },
{ "type": "Feature", "properties": { "CVEGEO_LOC": "130670011", "AÑO": 2021.0, "NOM_MUN": "Tezontepec de Aldama", "NOM_LOC": "San Juan Achichilco", "Fuente de abastecimiento": "Cárcamo San Juan Achichilco (Superficial)", "Coliformes Totales (Ausencia o Presencia/100mL)": "Presencia", "E. Coli (Ausencia o Presencia/100mL)": "Presencia", "Arsenico (mg/L)": "0", "Bario (mg/L)": "0.1", "Cadmio (mg/L)": "0", "Cobre (mg/L)": "0.91", "Hierro (mg/L)": "0.03", "Manganeso (mg/L)": "0", "Plomo (mg/L)": "0", "Zinc (mg/L)": "0.03", "Cianuros (mg/L)": "0", "Cloro Residual (mg/L)": "0.02", "Cloruros (mg/L)": "131.5", "Dureza Total (mg/L)": "122.22", "Fluoruros (mg/L)": "0.33", "Nitratos (mg/L)": "7.2", "Nitritos (mg/L)": "0.004", "Ph": "6.92", "SDT (mg/L)": "96.5", "Sulfatos (mg/L)": "122", "Cloro Total (mg/L)": "0.01", "Conductividad (muS/cm)": "1366", "Temperatura (°C)": "26.4", "ID": "Tezontepec de Aldama_San Juan Achichilco_Cárcamo San Juan Achichilco (Superficial)" }, "geometry": { "type": "Point", "coordinates": [ -99.309260537046896, 20.178808189128937 ] } },
{ "type": "Feature", "properties": { "CVEGEO_LOC": "130670014", "AÑO": 2016.0, "NOM_MUN": "Tezontepec de Aldama", "NOM_LOC": "Manantiales de Cerro Colorado", "Fuente de abastecimiento": "Manantial Cerro Colorado", "Coliformes Totales (Ausencia o Presencia/100mL)": "Presencia", "E. Coli (Ausencia o Presencia/100mL)": "Ausencia", "Arsenico (mg/L)": "0", "Bario (mg/L)": "0", "Cadmio (mg/L)": "ND", "Cobre (mg/L)": "0.06", "Hierro (mg/L)": "0", "Manganeso (mg/L)": "0", "Plomo (mg/L)": "1", "Zinc (mg/L)": "0.09", "Cianuros (mg/L)": "1", "Cloro Residual (mg/L)": "0", "Cloruros (mg/L)": "37.2", "Dureza Total (mg/L)": "233.33", "Fluoruros (mg/L)": "0.2", "Nitratos (mg/L)": "45839", "Nitritos (mg/L)": "6", "Ph": "45998", "SDT (mg/L)": "914", "Sulfatos (mg/L)": "88", "Cloro Total (mg/L)": "0", "Conductividad (muS/cm)": "277", "Temperatura (°C)": "45741", "ID": "Tezontepec de Aldama_Manantiales de Cerro Colorado_Manantial Cerro Colorado" }, "geometry": { "type": "Point", "coordinates": [ -99.260557524552823, 20.117582996490178 ] } },
{ "type": "Feature", "properties": { "CVEGEO_LOC": "130670017", "AÑO": 2017.0, "NOM_MUN": "Tezontepec de Aldama", "NOM_LOC": "San Juan [Colonia]", "Fuente de abastecimiento": "Manantial El Borbollon", "Coliformes Totales (Ausencia o Presencia/100mL)": "Presencia", "E. Coli (Ausencia o Presencia/100mL)": "Presencia", "Arsenico (mg/L)": "0", "Bario (mg/L)": "0", "Cadmio (mg/L)": null, "Cobre (mg/L)": "0.15", "Hierro (mg/L)": "0.11", "Manganeso (mg/L)": "0", "Plomo (mg/L)": "0", "Zinc (mg/L)": "0.02", "Cianuros (mg/L)": "0", "Cloro Residual (mg/L)": "0.1", "Cloruros (mg/L)": "55.4", "Dureza Total (mg/L)": "0.02", "Fluoruros (mg/L)": "0.64", "Nitratos (mg/L)": "2.3", "Nitritos (mg/L)": "0", "Ph": "7.45", "SDT (mg/L)": "436", "Sulfatos (mg/L)": "83", "Cloro Total (mg/L)": "0.02", "Conductividad (muS/cm)": "721", "Temperatura (°C)": "28.6", "ID": "Tezontepec de Aldama_San Juan [Colonia]_Manantial El Borbollon" }, "geometry": { "type": "Point", "coordinates": [ -99.2814942453399, 20.189044392950212 ] } },
{ "type": "Feature", "properties": { "CVEGEO_LOC": "130670017", "AÑO": 2012.0, "NOM_MUN": "Tezontepec de Aldama", "NOM_LOC": "San Juan [Colonia]", "Fuente de abastecimiento": "Tanque El Arco", "Coliformes Totales (Ausencia o Presencia/100mL)": "Presencia", "E. Coli (Ausencia o Presencia/100mL)": "Ausencia", "Arsenico (mg/L)": "0", "Bario (mg/L)": "0.3", "Cadmio (mg/L)": null, "Cobre (mg/L)": "0.022", "Hierro (mg/L)": "0.02", "Manganeso (mg/L)": "0", "Plomo (mg/L)": "0", "Zinc (mg/L)": "0.07", "Cianuros (mg/L)": "0.005", "Cloro Residual (mg/L)": "0", "Cloruros (mg/L)": "251.5", "Dureza Total (mg/L)": "484.4396", "Fluoruros (mg/L)": "0", "Nitratos (mg/L)": "0", "Nitritos (mg/L)": "0.0067", "Ph": "6.8", "SDT (mg/L)": "0", "Sulfatos (mg/L)": "220", "Cloro Total (mg/L)": "0.01", "Conductividad (muS/cm)": "1833", "Temperatura (°C)": "22.6", "ID": "Tezontepec de Aldama_San Juan [Colonia]_Tanque El Arco" }, "geometry": { "type": "Point", "coordinates": [ -99.283513883462547, 20.190372922152346 ] } },
{ "type": "Feature", "properties": { "CVEGEO_LOC": "130670044", "AÑO": 2014.0, "NOM_MUN": "Tezontepec de Aldama", "NOM_LOC": "Binola", "Fuente de abastecimiento": "Pozo Binola", "Coliformes Totales (Ausencia o Presencia/100mL)": "Presencia", "E. Coli (Ausencia o Presencia/100mL)": "Ausencia", "Arsenico (mg/L)": "0", "Bario (mg/L)": "0", "Cadmio (mg/L)": null, "Cobre (mg/L)": "0.15", "Hierro (mg/L)": "0.01", "Manganeso (mg/L)": "0", "Plomo (mg/L)": "0", "Zinc (mg/L)": "0.05", "Cianuros (mg/L)": "0.005", "Cloro Residual (mg/L)": "0.1", "Cloruros (mg/L)": "10.9", "Dureza Total (mg/L)": "308.88", "Fluoruros (mg/L)": "0.41", "Nitratos (mg/L)": "1.8", "Nitritos (mg/L)": "0.005", "Ph": "7.1", "SDT (mg/L)": "841", "Sulfatos (mg/L)": "115", "Cloro Total (mg/L)": "0.1", "Conductividad (muS/cm)": "827", "Temperatura (°C)": "22.8", "ID": "Tezontepec de Aldama_Binola_Pozo Binola" }, "geometry": { "type": "Point", "coordinates": [ -99.342484641989216, 20.177127396798738 ] } },
{ "type": "Feature", "properties": { "CVEGEO_LOC": "130680001", "AÑO": 2016.0, "NOM_MUN": "Tianguistengo", "NOM_LOC": "Tianguistengo", "Fuente de abastecimiento": "Manantial Chichitla", "Coliformes Totales (Ausencia o Presencia/100mL)": "Presencia", "E. Coli (Ausencia o Presencia/100mL)": "Presencia", "Arsenico (mg/L)": "0", "Bario (mg/L)": "0", "Cadmio (mg/L)": "ND", "Cobre (mg/L)": "0", "Hierro (mg/L)": "0", "Manganeso (mg/L)": "0", "Plomo (mg/L)": "0", "Zinc (mg/L)": "0.02", "Cianuros (mg/L)": "1", "Cloro Residual (mg/L)": "0.01", "Cloruros (mg/L)": "45875", "Dureza Total (mg/L)": "168.87", "Fluoruros (mg/L)": "0.26", "Nitratos (mg/L)": "45658", "Nitritos (mg/L)": "3", "Ph": "45906", "SDT (mg/L)": "100.1", "Sulfatos (mg/L)": "0.6", "Cloro Total (mg/L)": "0.02", "Conductividad (muS/cm)": "274", "Temperatura (°C)": "45892", "ID": "Tianguistengo_Tianguistengo_Manantial Chichitla" }, "geometry": { "type": "Point", "coordinates": [ -98.63560240178505, 20.726084980523574 ] } },
{ "type": "Feature", "properties": { "CVEGEO_LOC": "130680001", "AÑO": 2015.0, "NOM_MUN": "Tianguistengo", "NOM_LOC": "Tianguistengo", "Fuente de abastecimiento": "Manantial Don Alfredo", "Coliformes Totales (Ausencia o Presencia/100mL)": "Presencia", "E. Coli (Ausencia o Presencia/100mL)": "Ausencia", "Arsenico (mg/L)": "0", "Bario (mg/L)": "0", "Cadmio (mg/L)": null, "Cobre (mg/L)": "0.64", "Hierro (mg/L)": "0", "Manganeso (mg/L)": "0", "Plomo (mg/L)": "0", "Zinc (mg/L)": "0.09", "Cianuros (mg/L)": "0", "Cloro Residual (mg/L)": "0.01", "Cloruros (mg/L)": "1.3", "Dureza Total (mg/L)": "53.33", "Fluoruros (mg/L)": "0.06", "Nitratos (mg/L)": "0.2", "Nitritos (mg/L)": "0", "Ph": "7.6", "SDT (mg/L)": "236.9", "Sulfatos (mg/L)": "0", "Cloro Total (mg/L)": "0", "Conductividad (muS/cm)": "401.5", "Temperatura (°C)": "23.4", "ID": "Tianguistengo_Tianguistengo_Manantial Don Alfredo" }, "geometry": { "type": "Point", "coordinates": [ -98.633418585117056, 20.728221653794431 ] } },
{ "type": "Feature", "properties": { "CVEGEO_LOC": "130680001", "AÑO": 2014.0, "NOM_MUN": "Tianguistengo", "NOM_LOC": "Tianguistengo", "Fuente de abastecimiento": "Manantial El Cajete", "Coliformes Totales (Ausencia o Presencia/100mL)": "Presencia", "E. Coli (Ausencia o Presencia/100mL)": "Presencia", "Arsenico (mg/L)": "0", "Bario (mg/L)": "0", "Cadmio (mg/L)": null, "Cobre (mg/L)": "0.24", "Hierro (mg/L)": "0", "Manganeso (mg/L)": "0", "Plomo (mg/L)": "0", "Zinc (mg/L)": "0.03", "Cianuros (mg/L)": "0.002", "Cloro Residual (mg/L)": "0", "Cloruros (mg/L)": "3.2", "Dureza Total (mg/L)": "122.22", "Fluoruros (mg/L)": "0.12", "Nitratos (mg/L)": "0.4", "Nitritos (mg/L)": "0.002", "Ph": "8.14", "SDT (mg/L)": "88.7", "Sulfatos (mg/L)": "3", "Cloro Total (mg/L)": "0", "Conductividad (muS/cm)": "76.9", "Temperatura (°C)": "22", "ID": "Tianguistengo_Tianguistengo_Manantial El Cajete" }, "geometry": { "type": "Point", "coordinates": [ -98.630135121730603, 20.728954382215903 ] } },
{ "type": "Feature", "properties": { "CVEGEO_LOC": "130680001", "AÑO": 2015.0, "NOM_MUN": "Tianguistengo", "NOM_LOC": "Tianguistengo", "Fuente de abastecimiento": "Manantial El Venado", "Coliformes Totales (Ausencia o Presencia/100mL)": "Presencia", "E. Coli (Ausencia o Presencia/100mL)": "Ausencia", "Arsenico (mg/L)": "0", "Bario (mg/L)": "0", "Cadmio (mg/L)": null, "Cobre (mg/L)": "0.67", "Hierro (mg/L)": "0", "Manganeso (mg/L)": "0", "Plomo (mg/L)": "0", "Zinc (mg/L)": "0.07", "Cianuros (mg/L)": "0.002", "Cloro Residual (mg/L)": "0", "Cloruros (mg/L)": "1.4", "Dureza Total (mg/L)": "66.66", "Fluoruros (mg/L)": "0.19", "Nitratos (mg/L)": "0.2", "Nitritos (mg/L)": "0", "Ph": "7.4", "SDT (mg/L)": "181.3", "Sulfatos (mg/L)": "0", "Cloro Total (mg/L)": "0", "Conductividad (muS/cm)": "361.7", "Temperatura (°C)": "23.4", "ID": "Tianguistengo_Tianguistengo_Manantial El Venado" }, "geometry": { "type": "Point", "coordinates": [ -98.627762591795474, 20.72737246373427 ] } },
{ "type": "Feature", "properties": { "CVEGEO_LOC": "130680001", "AÑO": 2014.0, "NOM_MUN": "Tianguistengo", "NOM_LOC": "Tianguistengo", "Fuente de abastecimiento": "Manantial Tepeco", "Coliformes Totales (Ausencia o Presencia/100mL)": "Presencia", "E. Coli (Ausencia o Presencia/100mL)": "Presencia", "Arsenico (mg/L)": "0", "Bario (mg/L)": "0", "Cadmio (mg/L)": null, "Cobre (mg/L)": "0", "Hierro (mg/L)": "0", "Manganeso (mg/L)": "0", "Plomo (mg/L)": "0", "Zinc (mg/L)": "0.03", "Cianuros (mg/L)": "0.001", "Cloro Residual (mg/L)": "0", "Cloruros (mg/L)": "5.2", "Dureza Total (mg/L)": "168.88", "Fluoruros (mg/L)": "0.25", "Nitratos (mg/L)": "1.3", "Nitritos (mg/L)": "0.003", "Ph": "7.1", "SDT (mg/L)": "100.2", "Sulfatos (mg/L)": "6", "Cloro Total (mg/L)": "0", "Conductividad (muS/cm)": "75.2", "Temperatura (°C)": "22.5", "ID": "Tianguistengo_Tianguistengo_Manantial Tepeco" }, "geometry": { "type": "Point", "coordinates": [ -98.62567977844958, 20.725896233166132 ] } },
{ "type": "Feature", "properties": { "CVEGEO_LOC": "130680001", "AÑO": 2016.0, "NOM_MUN": "Tianguistengo", "NOM_LOC": "Tianguistengo", "Fuente de abastecimiento": "Manantial Tepexapan", "Coliformes Totales (Ausencia o Presencia/100mL)": "Presencia", "E. Coli (Ausencia o Presencia/100mL)": "Presencia", "Arsenico (mg/L)": "0", "Bario (mg/L)": "0", "Cadmio (mg/L)": "ND", "Cobre (mg/L)": "0.1", "Hierro (mg/L)": "0", "Manganeso (mg/L)": "0", "Plomo (mg/L)": "0", "Zinc (mg/L)": "0.02", "Cianuros (mg/L)": "1", "Cloro Residual (mg/L)": "0", "Cloruros (mg/L)": "45753", "Dureza Total (mg/L)": "122.22", "Fluoruros (mg/L)": "0.2", "Nitratos (mg/L)": "0.3", "Nitritos (mg/L)": "2", "Ph": "45814", "SDT (mg/L)": "80.8", "Sulfatos (mg/L)": "45872", "Cloro Total (mg/L)": "0", "Conductividad (muS/cm)": "278", "Temperatura (°C)": "45893", "ID": "Tianguistengo_Tianguistengo_Manantial Tepexapan" }, "geometry": { "type": "Point", "coordinates": [ -98.626765683947681, 20.725093999785429 ] } },
{ "type": "Feature", "properties": { "CVEGEO_LOC": "130680001", "AÑO": 2012.0, "NOM_MUN": "Tianguistengo", "NOM_LOC": "Tianguistengo", "Fuente de abastecimiento": "Pozo 2 San Antonio", "Coliformes Totales (Ausencia o Presencia/100mL)": "Presencia", "E. Coli (Ausencia o Presencia/100mL)": "Presencia", "Arsenico (mg/L)": "0", "Bario (mg/L)": null, "Cadmio (mg/L)": null, "Cobre (mg/L)": "0.022", "Hierro (mg/L)": "0.163", "Manganeso (mg/L)": null, "Plomo (mg/L)": "0.001", "Zinc (mg/L)": "0.085", "Cianuros (mg/L)": "0.004", "Cloro Residual (mg/L)": "0.03", "Cloruros (mg/L)": "43.25", "Dureza Total (mg/L)": "77.777", "Fluoruros (mg/L)": "0.1", "Nitratos (mg/L)": "4.9", "Nitritos (mg/L)": "0.0064", "Ph": "6.33", "SDT (mg/L)": "10.8", "Sulfatos (mg/L)": "7.5", "Cloro Total (mg/L)": "0.02", "Conductividad (muS/cm)": "21.2", "Temperatura (°C)": "17.9", "ID": "Tianguistengo_Tianguistengo_Pozo 2 San Antonio" }, "geometry": { "type": "Point", "coordinates": [ -98.629075581729992, 20.725486801810519 ] } },
{ "type": "Feature", "properties": { "CVEGEO_LOC": "130680001", "AÑO": 2013.0, "NOM_MUN": "Tianguistengo", "NOM_LOC": "Tianguistengo", "Fuente de abastecimiento": "Tanque Los Arcos", "Coliformes Totales (Ausencia o Presencia/100mL)": "Presencia", "E. Coli (Ausencia o Presencia/100mL)": "Ausencia", "Arsenico (mg/L)": "0", "Bario (mg/L)": "0", "Cadmio (mg/L)": null, "Cobre (mg/L)": "0.017", "Hierro (mg/L)": "0.12", "Manganeso (mg/L)": "0", "Plomo (mg/L)": "0", "Zinc (mg/L)": "0.07", "Cianuros (mg/L)": "0.002", "Cloro Residual (mg/L)": "0", "Cloruros (mg/L)": "45.1", "Dureza Total (mg/L)": "65.55", "Fluoruros (mg/L)": "0", "Nitratos (mg/L)": "3.2", "Nitritos (mg/L)": "0.0052", "Ph": "7.19", "SDT (mg/L)": "12.8", "Sulfatos (mg/L)": "7.2", "Cloro Total (mg/L)": "0", "Conductividad (muS/cm)": "90.1", "Temperatura (°C)": "17.3", "ID": "Tianguistengo_Tianguistengo_Tanque Los Arcos" }, "geometry": { "type": "Point", "coordinates": [ -98.632507764903963, 20.725695371881482 ] } },
{ "type": "Feature", "properties": { "CVEGEO_LOC": "1306800040038800", "AÑO": 2012.0, "NOM_MUN": "Tianguistengo", "NOM_LOC": "Las Cantinas (San José de las Cruces)", "Fuente de abastecimiento": "Pozo San Antonio", "Coliformes Totales (Ausencia o Presencia/100mL)": "Presencia", "E. Coli (Ausencia o Presencia/100mL)": "Presencia", "Arsenico (mg/L)": "0", "Bario (mg/L)": "ND", "Cadmio (mg/L)": "ND", "Cobre (mg/L)": "15", "Hierro (mg/L)": "59", "Manganeso (mg/L)": "ND", "Plomo (mg/L)": "2", "Zinc (mg/L)": "33", "Cianuros (mg/L)": "5", "Cloro Residual (mg/L)": "0.11", "Cloruros (mg/L)": "44", "Dureza Total (mg/L)": "88888", "Fluoruros (mg/L)": "0.19", "Nitratos (mg/L)": "45748", "Nitritos (mg/L)": "102", "Ph": "7.46", "SDT (mg/L)": "21", "Sulfatos (mg/L)": "45794", "Cloro Total (mg/L)": "0.12", "Conductividad (muS/cm)": "41.1", "Temperatura (°C)": "45794", "ID": "Tianguistengo_Las Cantinas (San José de las Cruces)_Pozo San Antonio" }, "geometry": { "type": "Point", "coordinates": [ -98.636882209004213, 20.721547439781865 ] } },
{ "type": "Feature", "properties": { "CVEGEO_LOC": "1306800040038800", "AÑO": 2013.0, "NOM_MUN": "Tianguistengo", "NOM_LOC": "Las Cantinas (San José de las Cruces)", "Fuente de abastecimiento": "Tanque San José Las Cruces", "Coliformes Totales (Ausencia o Presencia/100mL)": "Presencia", "E. Coli (Ausencia o Presencia/100mL)": "Ausencia", "Arsenico (mg/L)": "0", "Bario (mg/L)": "0", "Cadmio (mg/L)": "ND", "Cobre (mg/L)": "182", "Hierro (mg/L)": "0", "Manganeso (mg/L)": "0", "Plomo (mg/L)": "182", "Zinc (mg/L)": "0", "Cianuros (mg/L)": "2", "Cloro Residual (mg/L)": "0.04", "Cloruros (mg/L)": "40", "Dureza Total (mg/L)": "90", "Fluoruros (mg/L)": "0.1", "Nitratos (mg/L)": "1", "Nitritos (mg/L)": "9", "Ph": "7.98", "SDT (mg/L)": "45795", "Sulfatos (mg/L)": "45852", "Cloro Total (mg/L)": "0", "Conductividad (muS/cm)": "16.94", "Temperatura (°C)": "45886", "ID": "Tianguistengo_Las Cantinas (San José de las Cruces)_Tanque San José Las Cruces" }, "geometry": { "type": "Point", "coordinates": [ -98.63688112438615, 20.721999227560339 ] } },
{ "type": "Feature", "properties": { "CVEGEO_LOC": "130680045", "AÑO": 2016.0, "NOM_MUN": "Tianguistengo", "NOM_LOC": "Tlahuiltepa", "Fuente de abastecimiento": "Manantial El Venero", "Coliformes Totales (Ausencia o Presencia/100mL)": "Presencia", "E. Coli (Ausencia o Presencia/100mL)": "Presencia", "Arsenico (mg/L)": "0", "Bario (mg/L)": "0", "Cadmio (mg/L)": null, "Cobre (mg/L)": "0.01", "Hierro (mg/L)": "0", "Manganeso (mg/L)": "0", "Plomo (mg/L)": "0", "Zinc (mg/L)": "0.02", "Cianuros (mg/L)": "0.001", "Cloro Residual (mg/L)": "0", "Cloruros (mg/L)": "2.6", "Dureza Total (mg/L)": "259.99", "Fluoruros (mg/L)": "0.09", "Nitratos (mg/L)": "0.9", "Nitritos (mg/L)": "0.001", "Ph": "7.03", "SDT (mg/L)": "224", "Sulfatos (mg/L)": "0", "Cloro Total (mg/L)": "0.01", "Conductividad (muS/cm)": "27.6", "Temperatura (°C)": "24.3", "ID": "Tianguistengo_Tlahuiltepa_Manantial El Venero" }, "geometry": { "type": "Point", "coordinates": [ -98.585951760825395, 20.836231703086057 ] } },
{ "type": "Feature", "properties": { "CVEGEO_LOC": "1306800450023800", "AÑO": 2016.0, "NOM_MUN": "Tianguistengo", "NOM_LOC": "Tlahuiltepa", "Fuente de abastecimiento": "Pozo La Cruz", "Coliformes Totales (Ausencia o Presencia/100mL)": "Presencia", "E. Coli (Ausencia o Presencia/100mL)": "Presencia", "Arsenico (mg/L)": "0", "Bario (mg/L)": "0", "Cadmio (mg/L)": null, "Cobre (mg/L)": "1", "Hierro (mg/L)": "0.05", "Manganeso (mg/L)": "0", "Plomo (mg/L)": "0", "Zinc (mg/L)": "0.04", "Cianuros (mg/L)": "0.001", "Cloro Residual (mg/L)": "0", "Cloruros (mg/L)": "75", "Dureza Total (mg/L)": "225.25", "Fluoruros (mg/L)": "0.8", "Nitratos (mg/L)": "2.9", "Nitritos (mg/L)": "0.007", "Ph": "7.35", "SDT (mg/L)": "220", "Sulfatos (mg/L)": "125", "Cloro Total (mg/L)": "0", "Conductividad (muS/cm)": "935", "Temperatura (°C)": "21.9", "ID": "Tianguistengo_Tlahuiltepa_Pozo La Cruz" }, "geometry": { "type": "Point", "coordinates": [ -98.585672504039664, 20.83611419372901 ] } },
{ "type": "Feature", "properties": { "CVEGEO_LOC": "130690001", "AÑO": 2012.0, "NOM_MUN": "Tizayuca", "NOM_LOC": "Tizayuca", "Fuente de abastecimiento": "Pozo 5 de Mayo", "Coliformes Totales (Ausencia o Presencia/100mL)": "Ausencia", "E. Coli (Ausencia o Presencia/100mL)": "Ausencia", "Arsenico (mg/L)": "0", "Bario (mg/L)": "0", "Cadmio (mg/L)": null, "Cobre (mg/L)": "0", "Hierro (mg/L)": "0.05", "Manganeso (mg/L)": "0.4", "Plomo (mg/L)": "0.017", "Zinc (mg/L)": "0.051", "Cianuros (mg/L)": "0", "Cloro Residual (mg/L)": "0.02", "Cloruros (mg/L)": "0", "Dureza Total (mg/L)": "244.442", "Fluoruros (mg/L)": "0", "Nitratos (mg/L)": "0", "Nitritos (mg/L)": "0", "Ph": "7.38", "SDT (mg/L)": "465", "Sulfatos (mg/L)": "7.5", "Cloro Total (mg/L)": "0", "Conductividad (muS/cm)": "604", "Temperatura (°C)": "22.1", "ID": "Tizayuca_Tizayuca_Pozo 5 de Mayo" }, "geometry": { "type": "Point", "coordinates": [ -98.971507556742125, 19.848660847916406 ] } },
{ "type": "Feature", "properties": { "CVEGEO_LOC": "130690001", "AÑO": 2017.0, "NOM_MUN": "Tizayuca", "NOM_LOC": "Tizayuca", "Fuente de abastecimiento": "Pozo Conalep", "Coliformes Totales (Ausencia o Presencia/100mL)": "ND", "E. Coli (Ausencia o Presencia/100mL)": "ND", "Arsenico (mg/L)": "0", "Bario (mg/L)": "0", "Cadmio (mg/L)": null, "Cobre (mg/L)": "0", "Hierro (mg/L)": "0", "Manganeso (mg/L)": "0", "Plomo (mg/L)": "0", "Zinc (mg/L)": "0.1", "Cianuros (mg/L)": null, "Cloro Residual (mg/L)": null, "Cloruros (mg/L)": null, "Dureza Total (mg/L)": null, "Fluoruros (mg/L)": null, "Nitratos (mg/L)": null, "Nitritos (mg/L)": null, "Ph": null, "SDT (mg/L)": null, "Sulfatos (mg/L)": null, "Cloro Total (mg/L)": null, "Conductividad (muS/cm)": null, "Temperatura (°C)": null, "ID": "Tizayuca_Tizayuca_Pozo Conalep" }, "geometry": { "type": "Point", "coordinates": [ -98.967054567045409, 19.837940608870447 ] } },
{ "type": "Feature", "properties": { "CVEGEO_LOC": "130690001", "AÑO": 2012.0, "NOM_MUN": "Tizayuca", "NOM_LOC": "Tizayuca", "Fuente de abastecimiento": "Pozo Miravalle", "Coliformes Totales (Ausencia o Presencia/100mL)": "Ausencia", "E. Coli (Ausencia o Presencia/100mL)": "Ausencia", "Arsenico (mg/L)": "0", "Bario (mg/L)": "0", "Cadmio (mg/L)": null, "Cobre (mg/L)": "0", "Hierro (mg/L)": "0.052", "Manganeso (mg/L)": "0.5", "Plomo (mg/L)": "0", "Zinc (mg/L)": "0.05", "Cianuros (mg/L)": "0", "Cloro Residual (mg/L)": "0", "Cloruros (mg/L)": "23.44", "Dureza Total (mg/L)": "315.5524", "Fluoruros (mg/L)": "0.3", "Nitratos (mg/L)": "0", "Nitritos (mg/L)": "0", "Ph": "6.69", "SDT (mg/L)": "754", "Sulfatos (mg/L)": "57.5", "Cloro Total (mg/L)": "0.35", "Conductividad (muS/cm)": "954", "Temperatura (°C)": "22", "ID": "Tizayuca_Tizayuca_Pozo Miravalle" }, "geometry": { "type": "Point", "coordinates": [ -98.970567077919085, 19.829164164619627 ] } },
{ "type": "Feature", "properties": { "CVEGEO_LOC": "130690001", "AÑO": 2012.0, "NOM_MUN": "Tizayuca", "NOM_LOC": "Tizayuca", "Fuente de abastecimiento": "Pozo No 1 Hacienda", "Coliformes Totales (Ausencia o Presencia/100mL)": "Presencia", "E. Coli (Ausencia o Presencia/100mL)": "Presencia", "Arsenico (mg/L)": "0", "Bario (mg/L)": "0", "Cadmio (mg/L)": null, "Cobre (mg/L)": "0", "Hierro (mg/L)": "0.06", "Manganeso (mg/L)": "0.8", "Plomo (mg/L)": "0", "Zinc (mg/L)": "0.002", "Cianuros (mg/L)": "0", "Cloro Residual (mg/L)": "0", "Cloruros (mg/L)": "27.5", "Dureza Total (mg/L)": "622.216", "Fluoruros (mg/L)": "0.47", "Nitratos (mg/L)": "0", "Nitritos (mg/L)": "0", "Ph": "6.97", "SDT (mg/L)": "125.9", "Sulfatos (mg/L)": "320", "Cloro Total (mg/L)": "0", "Conductividad (muS/cm)": "1780", "Temperatura (°C)": "21.9", "ID": "Tizayuca_Tizayuca_Pozo No 1 Hacienda" }, "geometry": { "type": "Point", "coordinates": [ -98.98363075161167, 19.828526200342381 ] } },
{ "type": "Feature", "properties": { "CVEGEO_LOC": "130690001", "AÑO": 2012.0, "NOM_MUN": "Tizayuca", "NOM_LOC": "Tizayuca", "Fuente de abastecimiento": "Pozo No 2 Hacienda", "Coliformes Totales (Ausencia o Presencia/100mL)": "Presencia", "E. Coli (Ausencia o Presencia/100mL)": "Ausencia", "Arsenico (mg/L)": "0", "Bario (mg/L)": "0", "Cadmio (mg/L)": null, "Cobre (mg/L)": "0", "Hierro (mg/L)": "0.059", "Manganeso (mg/L)": "0.5", "Plomo (mg/L)": "0", "Zinc (mg/L)": "0.063", "Cianuros (mg/L)": "0", "Cloro Residual (mg/L)": "0", "Cloruros (mg/L)": "27.5", "Dureza Total (mg/L)": "466.662", "Fluoruros (mg/L)": "0.46", "Nitratos (mg/L)": "0", "Nitritos (mg/L)": "0", "Ph": "6.95", "SDT (mg/L)": "984", "Sulfatos (mg/L)": "315", "Cloro Total (mg/L)": "0", "Conductividad (muS/cm)": "1434", "Temperatura (°C)": "22", "ID": "Tizayuca_Tizayuca_Pozo No 2 Hacienda" }, "geometry": { "type": "Point", "coordinates": [ -98.986023061243287, 19.836501241141313 ] } },
{ "type": "Feature", "properties": { "CVEGEO_LOC": "130690001", "AÑO": 2017.0, "NOM_MUN": "Tizayuca", "NOM_LOC": "Tizayuca", "Fuente de abastecimiento": "Toma Domiciliaria", "Coliformes Totales (Ausencia o Presencia/100mL)": "ND", "E. Coli (Ausencia o Presencia/100mL)": "ND", "Arsenico (mg/L)": "0", "Bario (mg/L)": "0", "Cadmio (mg/L)": null, "Cobre (mg/L)": "0", "Hierro (mg/L)": "0", "Manganeso (mg/L)": "0", "Plomo (mg/L)": "0", "Zinc (mg/L)": "0", "Cianuros (mg/L)": null, "Cloro Residual (mg/L)": null, "Cloruros (mg/L)": null, "Dureza Total (mg/L)": null, "Fluoruros (mg/L)": null, "Nitratos (mg/L)": null, "Nitritos (mg/L)": null, "Ph": null, "SDT (mg/L)": null, "Sulfatos (mg/L)": null, "Cloro Total (mg/L)": null, "Conductividad (muS/cm)": null, "Temperatura (°C)": null, "ID": "Tizayuca_Tizayuca_Toma Domiciliaria" }, "geometry": { "type": "Point", "coordinates": [ -98.981454164688842, 19.845502251012526 ] } },
{ "type": "Feature", "properties": { "CVEGEO_LOC": "130700001", "AÑO": 2012.0, "NOM_MUN": "Tlahuelilpan", "NOM_LOC": "Tlahuelilpan", "Fuente de abastecimiento": "Manantial El Chorro", "Coliformes Totales (Ausencia o Presencia/100mL)": "Presencia", "E. Coli (Ausencia o Presencia/100mL)": "Ausencia", "Arsenico (mg/L)": "0.001", "Bario (mg/L)": "0.3", "Cadmio (mg/L)": null, "Cobre (mg/L)": "0.013", "Hierro (mg/L)": "0.053", "Manganeso (mg/L)": "0", "Plomo (mg/L)": "0.002", "Zinc (mg/L)": "0.047", "Cianuros (mg/L)": "0.006", "Cloro Residual (mg/L)": "0", "Cloruros (mg/L)": "332", "Dureza Total (mg/L)": "522.217", "Fluoruros (mg/L)": "0.1", "Nitratos (mg/L)": "0", "Nitritos (mg/L)": "0.0044", "Ph": "6.78", "SDT (mg/L)": "0", "Sulfatos (mg/L)": "387.5", "Cloro Total (mg/L)": "0", "Conductividad (muS/cm)": "1989", "Temperatura (°C)": "22.6", "ID": "Tlahuelilpan_Tlahuelilpan_Manantial El Chorro" }, "geometry": { "type": "Point", "coordinates": [ -99.229252935648105, 20.135639656753266 ] } },
{ "type": "Feature", "properties": { "CVEGEO_LOC": "130700001", "AÑO": 2012.0, "NOM_MUN": "Tlahuelilpan", "NOM_LOC": "Tlahuelilpan", "Fuente de abastecimiento": "Manantial Zaragoza", "Coliformes Totales (Ausencia o Presencia/100mL)": "Presencia", "E. Coli (Ausencia o Presencia/100mL)": "Ausencia", "Arsenico (mg/L)": "0.001", "Bario (mg/L)": null, "Cadmio (mg/L)": null, "Cobre (mg/L)": "0.382", "Hierro (mg/L)": "0.101", "Manganeso (mg/L)": null, "Plomo (mg/L)": "0.002", "Zinc (mg/L)": "0.045", "Cianuros (mg/L)": "0.006", "Cloro Residual (mg/L)": "0.12", "Cloruros (mg/L)": "248.5", "Dureza Total (mg/L)": "257.7752", "Fluoruros (mg/L)": "0.1", "Nitratos (mg/L)": "2.1", "Nitritos (mg/L)": "0.0117", "Ph": "7.28", "SDT (mg/L)": "99.8", "Sulfatos (mg/L)": "180", "Cloro Total (mg/L)": "0.04", "Conductividad (muS/cm)": "973", "Temperatura (°C)": "22.9", "ID": "Tlahuelilpan_Tlahuelilpan_Manantial Zaragoza" }, "geometry": { "type": "Point", "coordinates": [ -99.225184341327065, 20.133967437692128 ] } },
{ "type": "Feature", "properties": { "CVEGEO_LOC": "130700001", "AÑO": 2017.0, "NOM_MUN": "Tlahuelilpan", "NOM_LOC": "Tlahuelilpan", "Fuente de abastecimiento": "Pozo 11", "Coliformes Totales (Ausencia o Presencia/100mL)": "Presencia", "E. Coli (Ausencia o Presencia/100mL)": "Presencia", "Arsenico (mg/L)": "0", "Bario (mg/L)": "0", "Cadmio (mg/L)": null, "Cobre (mg/L)": "0.04", "Hierro (mg/L)": "0", "Manganeso (mg/L)": "0", "Plomo (mg/L)": "0", "Zinc (mg/L)": "0", "Cianuros (mg/L)": "0.002", "Cloro Residual (mg/L)": "0.02", "Cloruros (mg/L)": "86.3", "Dureza Total (mg/L)": "466.6", "Fluoruros (mg/L)": "1.1", "Nitratos (mg/L)": "3.1", "Nitritos (mg/L)": "0.006", "Ph": "7.18", "SDT (mg/L)": "1558", "Sulfatos (mg/L)": "121", "Cloro Total (mg/L)": "0", "Conductividad (muS/cm)": "1638", "Temperatura (°C)": "22.7", "ID": "Tlahuelilpan_Tlahuelilpan_Pozo 11" }, "geometry": { "type": "Point", "coordinates": [ -99.225150434264293, 20.129473609964592 ] } },
{ "type": "Feature", "properties": { "CVEGEO_LOC": "130700001", "AÑO": 2017.0, "NOM_MUN": "Tlahuelilpan", "NOM_LOC": "Tlahuelilpan", "Fuente de abastecimiento": "Pozo Miravalle", "Coliformes Totales (Ausencia o Presencia/100mL)": "Presencia", "E. Coli (Ausencia o Presencia/100mL)": "Ausencia", "Arsenico (mg/L)": "0", "Bario (mg/L)": "0", "Cadmio (mg/L)": null, "Cobre (mg/L)": "0.3", "Hierro (mg/L)": "0", "Manganeso (mg/L)": "0.1", "Plomo (mg/L)": "0", "Zinc (mg/L)": "0.12", "Cianuros (mg/L)": "0.01", "Cloro Residual (mg/L)": "0.49", "Cloruros (mg/L)": "27.5", "Dureza Total (mg/L)": "222.22", "Fluoruros (mg/L)": "0.78", "Nitratos (mg/L)": "0.7", "Nitritos (mg/L)": "0.006", "Ph": "7.39", "SDT (mg/L)": "858", "Sulfatos (mg/L)": "73", "Cloro Total (mg/L)": "0.79", "Conductividad (muS/cm)": "1228", "Temperatura (°C)": "19.8", "ID": "Tlahuelilpan_Tlahuelilpan_Pozo Miravalle" }, "geometry": { "type": "Point", "coordinates": [ -99.225408829762429, 20.124887363478731 ] } },
{ "type": "Feature", "properties": { "CVEGEO_LOC": "130700001", "AÑO": 2015.0, "NOM_MUN": "Tlahuelilpan", "NOM_LOC": "Tlahuelilpan", "Fuente de abastecimiento": "Pozo Miravalle", "Coliformes Totales (Ausencia o Presencia/100mL)": "Presencia", "E. Coli (Ausencia o Presencia/100mL)": "Presencia", "Arsenico (mg/L)": "0", "Bario (mg/L)": "0", "Cadmio (mg/L)": null, "Cobre (mg/L)": "1.48", "Hierro (mg/L)": "0.03", "Manganeso (mg/L)": "0.1", "Plomo (mg/L)": "0", "Zinc (mg/L)": "0.07", "Cianuros (mg/L)": "0.002", "Cloro Residual (mg/L)": "0", "Cloruros (mg/L)": "44.3", "Dureza Total (mg/L)": "432.33", "Fluoruros (mg/L)": "0.59", "Nitratos (mg/L)": "3.4", "Nitritos (mg/L)": "0.004", "Ph": "7.1", "SDT (mg/L)": "378", "Sulfatos (mg/L)": "115", "Cloro Total (mg/L)": "0", "Conductividad (muS/cm)": "695", "Temperatura (°C)": "21", "ID": "Tlahuelilpan_Tlahuelilpan_Pozo Miravalle" }, "geometry": { "type": "Point", "coordinates": [ -99.225408829762429, 20.124887363478731 ] } },
{ "type": "Feature", "properties": { "CVEGEO_LOC": "130700001", "AÑO": 2013.0, "NOM_MUN": "Tlahuelilpan", "NOM_LOC": "Tlahuelilpan", "Fuente de abastecimiento": "Pozo Miravalle", "Coliformes Totales (Ausencia o Presencia/100mL)": "Presencia", "E. Coli (Ausencia o Presencia/100mL)": "Ausencia", "Arsenico (mg/L)": "0", "Bario (mg/L)": "0", "Cadmio (mg/L)": null, "Cobre (mg/L)": "0.01", "Hierro (mg/L)": "0.04", "Manganeso (mg/L)": "0", "Plomo (mg/L)": "0", "Zinc (mg/L)": "0.04", "Cianuros (mg/L)": "0.003", "Cloro Residual (mg/L)": "0", "Cloruros (mg/L)": "180.1", "Dureza Total (mg/L)": "480.21", "Fluoruros (mg/L)": "0.1", "Nitratos (mg/L)": "0", "Nitritos (mg/L)": "0.003", "Ph": "7.18", "SDT (mg/L)": "0", "Sulfatos (mg/L)": "245", "Cloro Total (mg/L)": "0", "Conductividad (muS/cm)": "18.31", "Temperatura (°C)": "17.9", "ID": "Tlahuelilpan_Tlahuelilpan_Pozo Miravalle" }, "geometry": { "type": "Point", "coordinates": [ -99.225408829762429, 20.124887363478731 ] } },
{ "type": "Feature", "properties": { "CVEGEO_LOC": "130700001", "AÑO": 2014.0, "NOM_MUN": "Tlahuelilpan", "NOM_LOC": "Tlahuelilpan", "Fuente de abastecimiento": "Pozo Miravalle 3", "Coliformes Totales (Ausencia o Presencia/100mL)": "Presencia", "E. Coli (Ausencia o Presencia/100mL)": "Presencia", "Arsenico (mg/L)": "0.001", "Bario (mg/L)": "0", "Cadmio (mg/L)": null, "Cobre (mg/L)": "0.32", "Hierro (mg/L)": "0.01", "Manganeso (mg/L)": "0.1", "Plomo (mg/L)": "0", "Zinc (mg/L)": "0.04", "Cianuros (mg/L)": "0.006", "Cloro Residual (mg/L)": "0.1", "Cloruros (mg/L)": "47", "Dureza Total (mg/L)": "177.77", "Fluoruros (mg/L)": "0.95", "Nitratos (mg/L)": "1.5", "Nitritos (mg/L)": "0.006", "Ph": "6.93", "SDT (mg/L)": "919", "Sulfatos (mg/L)": "121", "Cloro Total (mg/L)": "0", "Conductividad (muS/cm)": "937", "Temperatura (°C)": "24.2", "ID": "Tlahuelilpan_Tlahuelilpan_Pozo Miravalle 3" }, "geometry": { "type": "Point", "coordinates": [ -99.230007408893997, 20.125100895076571 ] } },
{ "type": "Feature", "properties": { "CVEGEO_LOC": "130700001", "AÑO": 2016.0, "NOM_MUN": "Tlahuelilpan", "NOM_LOC": "Tlahuelilpan", "Fuente de abastecimiento": "Pozo No. 3", "Coliformes Totales (Ausencia o Presencia/100mL)": "Presencia", "E. Coli (Ausencia o Presencia/100mL)": "Presencia", "Arsenico (mg/L)": "0", "Bario (mg/L)": "0", "Cadmio (mg/L)": "ND", "Cobre (mg/L)": "45658", "Hierro (mg/L)": "0.03", "Manganeso (mg/L)": "0", "Plomo (mg/L)": "0", "Zinc (mg/L)": "0.08", "Cianuros (mg/L)": "2", "Cloro Residual (mg/L)": "0", "Cloruros (mg/L)": "53.4", "Dureza Total (mg/L)": "322.22", "Fluoruros (mg/L)": "0.53", "Nitratos (mg/L)": "45902", "Nitritos (mg/L)": "5", "Ph": "7.16", "SDT (mg/L)": "297", "Sulfatos (mg/L)": "118", "Cloro Total (mg/L)": "0", "Conductividad (muS/cm)": "940", "Temperatura (°C)": "45889", "ID": "Tlahuelilpan_Tlahuelilpan_Pozo No. 3" }, "geometry": { "type": "Point", "coordinates": [ -99.232427105005002, 20.130714392433529 ] } },
{ "type": "Feature", "properties": { "CVEGEO_LOC": "130700001", "AÑO": 2014.0, "NOM_MUN": "Tlahuelilpan", "NOM_LOC": "Tlahuelilpan", "Fuente de abastecimiento": "Pozo San Primitivo", "Coliformes Totales (Ausencia o Presencia/100mL)": "Presencia", "E. Coli (Ausencia o Presencia/100mL)": "Presencia", "Arsenico (mg/L)": "0.002", "Bario (mg/L)": "0", "Cadmio (mg/L)": null, "Cobre (mg/L)": "0.1", "Hierro (mg/L)": "0.02", "Manganeso (mg/L)": "0.1", "Plomo (mg/L)": "0.01", "Zinc (mg/L)": "0.05", "Cianuros (mg/L)": "0.005", "Cloro Residual (mg/L)": "0.1", "Cloruros (mg/L)": "60.8", "Dureza Total (mg/L)": "128.88", "Fluoruros (mg/L)": "0.6", "Nitratos (mg/L)": "1.8", "Nitritos (mg/L)": "0.006", "Ph": "6.95", "SDT (mg/L)": "977", "Sulfatos (mg/L)": "109", "Cloro Total (mg/L)": "0.1", "Conductividad (muS/cm)": "982", "Temperatura (°C)": "21.5", "ID": "Tlahuelilpan_Tlahuelilpan_Pozo San Primitivo" }, "geometry": { "type": "Point", "coordinates": [ -99.231735620441555, 20.136219596927685 ] } },
{ "type": "Feature", "properties": { "CVEGEO_LOC": "130700001", "AÑO": 2013.0, "NOM_MUN": "Tlahuelilpan", "NOM_LOC": "Tlahuelilpan", "Fuente de abastecimiento": "Pozo San Primitivo", "Coliformes Totales (Ausencia o Presencia/100mL)": "Presencia", "E. Coli (Ausencia o Presencia/100mL)": "Ausencia", "Arsenico (mg/L)": "0", "Bario (mg/L)": "0", "Cadmio (mg/L)": null, "Cobre (mg/L)": "0.3", "Hierro (mg/L)": "0.02", "Manganeso (mg/L)": "0", "Plomo (mg/L)": "0", "Zinc (mg/L)": "0.04", "Cianuros (mg/L)": "0.003", "Cloro Residual (mg/L)": "0", "Cloruros (mg/L)": "195.4", "Dureza Total (mg/L)": "260.01", "Fluoruros (mg/L)": "0.1", "Nitratos (mg/L)": "1.8", "Nitritos (mg/L)": "0.01", "Ph": "7.18", "SDT (mg/L)": "301.9", "Sulfatos (mg/L)": "175", "Cloro Total (mg/L)": "0", "Conductividad (muS/cm)": "902", "Temperatura (°C)": "17.5", "ID": "Tlahuelilpan_Tlahuelilpan_Pozo San Primitivo" }, "geometry": { "type": "Point", "coordinates": [ -99.231735620441555, 20.136219596927685 ] } },
{ "type": "Feature", "properties": { "CVEGEO_LOC": "130700014", "AÑO": 2015.0, "NOM_MUN": "Tlahuelilpan", "NOM_LOC": "Cerro de la Cruz [Colonia]", "Fuente de abastecimiento": "Pozo de la Cruz", "Coliformes Totales (Ausencia o Presencia/100mL)": "Presencia", "E. Coli (Ausencia o Presencia/100mL)": "Presencia", "Arsenico (mg/L)": "0", "Bario (mg/L)": "0", "Cadmio (mg/L)": null, "Cobre (mg/L)": "1.03", "Hierro (mg/L)": "0.09", "Manganeso (mg/L)": "0", "Plomo (mg/L)": "0", "Zinc (mg/L)": "0.01", "Cianuros (mg/L)": "0.002", "Cloro Residual (mg/L)": "0", "Cloruros (mg/L)": "73.6", "Dureza Total (mg/L)": "221.2", "Fluoruros (mg/L)": "0.72", "Nitratos (mg/L)": "2.5", "Nitritos (mg/L)": "0.005", "Ph": "7.1", "SDT (mg/L)": "214", "Sulfatos (mg/L)": "115", "Cloro Total (mg/L)": "0.01", "Conductividad (muS/cm)": "346", "Temperatura (°C)": "20.4", "ID": "Tlahuelilpan_Cerro de la Cruz [Colonia]_Pozo de la Cruz" }, "geometry": { "type": "Point", "coordinates": [ -99.226197669830043, 20.144018700424439 ] } },
{ "type": "Feature", "properties": { "CVEGEO_LOC": "130700014", "AÑO": 2014.0, "NOM_MUN": "Tlahuelilpan", "NOM_LOC": "Cerro de la Cruz [Colonia]", "Fuente de abastecimiento": "Pozo La Cruz", "Coliformes Totales (Ausencia o Presencia/100mL)": "Presencia", "E. Coli (Ausencia o Presencia/100mL)": "Presencia", "Arsenico (mg/L)": "0", "Bario (mg/L)": "0", "Cadmio (mg/L)": null, "Cobre (mg/L)": "0.9", "Hierro (mg/L)": "0.03", "Manganeso (mg/L)": "116", "Plomo (mg/L)": "0", "Zinc (mg/L)": "0.04", "Cianuros (mg/L)": "0.005", "Cloro Residual (mg/L)": "0", "Cloruros (mg/L)": "52.4", "Dureza Total (mg/L)": "333.33", "Fluoruros (mg/L)": "1.12", "Nitratos (mg/L)": "2.3", "Nitritos (mg/L)": "0.01", "Ph": "7.41", "SDT (mg/L)": "925", "Sulfatos (mg/L)": "116", "Cloro Total (mg/L)": "0", "Conductividad (muS/cm)": "944", "Temperatura (°C)": "24.3", "ID": "Tlahuelilpan_Cerro de la Cruz [Colonia]_Pozo La Cruz" }, "geometry": { "type": "Point", "coordinates": [ -99.223843012481296, 20.144966747145325 ] } },
{ "type": "Feature", "properties": { "CVEGEO_LOC": "130710001", "AÑO": 2012.0, "NOM_MUN": "Tlahuiltepa", "NOM_LOC": "Tlahuiltepa", "Fuente de abastecimiento": "Manantial Coyotectil", "Coliformes Totales (Ausencia o Presencia/100mL)": "Presencia", "E. Coli (Ausencia o Presencia/100mL)": "Ausencia", "Arsenico (mg/L)": "0.003", "Bario (mg/L)": null, "Cadmio (mg/L)": null, "Cobre (mg/L)": "0.329", "Hierro (mg/L)": "0", "Manganeso (mg/L)": null, "Plomo (mg/L)": "0.001", "Zinc (mg/L)": "0.012", "Cianuros (mg/L)": "0.007", "Cloro Residual (mg/L)": "0.08", "Cloruros (mg/L)": "49.25", "Dureza Total (mg/L)": "176.44428", "Fluoruros (mg/L)": "0.39", "Nitratos (mg/L)": "1", "Nitritos (mg/L)": "7e-04", "Ph": "7.6", "SDT (mg/L)": "221", "Sulfatos (mg/L)": "0", "Cloro Total (mg/L)": "0", "Conductividad (muS/cm)": "384", "Temperatura (°C)": "21.4", "ID": "Tlahuiltepa_Tlahuiltepa_Manantial Coyotectil" }, "geometry": { "type": "Point", "coordinates": [ -98.949592250132525, 20.924472175204006 ] } },
{ "type": "Feature", "properties": { "CVEGEO_LOC": "130710001", "AÑO": 2015.0, "NOM_MUN": "Tlahuiltepa", "NOM_LOC": "Tlahuiltepa", "Fuente de abastecimiento": "Manantial El Chorrito", "Coliformes Totales (Ausencia o Presencia/100mL)": "Presencia", "E. Coli (Ausencia o Presencia/100mL)": "Presencia", "Arsenico (mg/L)": "0", "Bario (mg/L)": "0", "Cadmio (mg/L)": null, "Cobre (mg/L)": "1.28", "Hierro (mg/L)": "0.04", "Manganeso (mg/L)": "0", "Plomo (mg/L)": "0", "Zinc (mg/L)": "0.04", "Cianuros (mg/L)": "0.001", "Cloro Residual (mg/L)": "0.1", "Cloruros (mg/L)": "3.1", "Dureza Total (mg/L)": "122.22", "Fluoruros (mg/L)": "0", "Nitratos (mg/L)": "0.4", "Nitritos (mg/L)": "0.011", "Ph": "7.9", "SDT (mg/L)": "145", "Sulfatos (mg/L)": "3", "Cloro Total (mg/L)": "0", "Conductividad (muS/cm)": "236.1", "Temperatura (°C)": "19.4", "ID": "Tlahuiltepa_Tlahuiltepa_Manantial El Chorrito" }, "geometry": { "type": "Point", "coordinates": [ -98.950034927565099, 20.922820038802985 ] } },
{ "type": "Feature", "properties": { "CVEGEO_LOC": "130710001", "AÑO": 2016.0, "NOM_MUN": "Tlahuiltepa", "NOM_LOC": "Tlahuiltepa", "Fuente de abastecimiento": "Manantial El Chorro", "Coliformes Totales (Ausencia o Presencia/100mL)": "Presencia", "E. Coli (Ausencia o Presencia/100mL)": "Presencia", "Arsenico (mg/L)": "0", "Bario (mg/L)": "0", "Cadmio (mg/L)": "ND", "Cobre (mg/L)": "0", "Hierro (mg/L)": "0", "Manganeso (mg/L)": "0", "Plomo (mg/L)": "0", "Zinc (mg/L)": "0.02", "Cianuros (mg/L)": "0", "Cloro Residual (mg/L)": "0", "Cloruros (mg/L)": "2", "Dureza Total (mg/L)": "226.66", "Fluoruros (mg/L)": "0.15", "Nitratos (mg/L)": "45872", "Nitritos (mg/L)": "1", "Ph": "45876", "SDT (mg/L)": "200", "Sulfatos (mg/L)": "2", "Cloro Total (mg/L)": "0.01", "Conductividad (muS/cm)": "278", "Temperatura (°C)": "45773", "ID": "Tlahuiltepa_Tlahuiltepa_Manantial El Chorro" }, "geometry": { "type": "Point", "coordinates": [ -98.951939791830966, 20.923638049600704 ] } },
{ "type": "Feature", "properties": { "CVEGEO_LOC": "130710001", "AÑO": 2013.0, "NOM_MUN": "Tlahuiltepa", "NOM_LOC": "Tlahuiltepa", "Fuente de abastecimiento": "Manantial El Venero", "Coliformes Totales (Ausencia o Presencia/100mL)": "Presencia", "E. Coli (Ausencia o Presencia/100mL)": "Ausencia", "Arsenico (mg/L)": "0", "Bario (mg/L)": "0", "Cadmio (mg/L)": null, "Cobre (mg/L)": "0.2", "Hierro (mg/L)": "0", "Manganeso (mg/L)": "0", "Plomo (mg/L)": "0", "Zinc (mg/L)": "0.02", "Cianuros (mg/L)": "0.004", "Cloro Residual (mg/L)": "0", "Cloruros (mg/L)": "50", "Dureza Total (mg/L)": "170.08", "Fluoruros (mg/L)": "0.4", "Nitratos (mg/L)": "1", "Nitritos (mg/L)": "0.003", "Ph": "6.8", "SDT (mg/L)": "189.8", "Sulfatos (mg/L)": "60", "Cloro Total (mg/L)": "0", "Conductividad (muS/cm)": "229", "Temperatura (°C)": "15.6", "ID": "Tlahuiltepa_Tlahuiltepa_Manantial El Venero" }, "geometry": { "type": "Point", "coordinates": [ -98.951626835707771, 20.925221422449898 ] } },
{ "type": "Feature", "properties": { "CVEGEO_LOC": "130710002", "AÑO": 2014.0, "NOM_MUN": "Tlahuiltepa", "NOM_LOC": "Acapa (Santiago Acapa)", "Fuente de abastecimiento": "Manantial El Gote", "Coliformes Totales (Ausencia o Presencia/100mL)": "Presencia", "E. Coli (Ausencia o Presencia/100mL)": "Ausencia", "Arsenico (mg/L)": "0", "Bario (mg/L)": "0", "Cadmio (mg/L)": null, "Cobre (mg/L)": "0", "Hierro (mg/L)": "0", "Manganeso (mg/L)": "0", "Plomo (mg/L)": "0", "Zinc (mg/L)": "0.03", "Cianuros (mg/L)": "0.002", "Cloro Residual (mg/L)": "0.1", "Cloruros (mg/L)": "2.5", "Dureza Total (mg/L)": "88.88", "Fluoruros (mg/L)": "0.1", "Nitratos (mg/L)": "0.9", "Nitritos (mg/L)": "0.009", "Ph": "7.02", "SDT (mg/L)": "336", "Sulfatos (mg/L)": "10", "Cloro Total (mg/L)": "0.4", "Conductividad (muS/cm)": "335", "Temperatura (°C)": "25", "ID": "Tlahuiltepa_Acapa (Santiago Acapa)_Manantial El Gote" }, "geometry": { "type": "Point", "coordinates": [ -98.901795476821462, 20.903017035157028 ] } },
{ "type": "Feature", "properties": { "CVEGEO_LOC": "130710027", "AÑO": 2014.0, "NOM_MUN": "Tlahuiltepa", "NOM_LOC": "Tlaxcantitla", "Fuente de abastecimiento": "Manantial El Borbollón", "Coliformes Totales (Ausencia o Presencia/100mL)": "Presencia", "E. Coli (Ausencia o Presencia/100mL)": "Presencia", "Arsenico (mg/L)": "0", "Bario (mg/L)": "0", "Cadmio (mg/L)": null, "Cobre (mg/L)": "0", "Hierro (mg/L)": "0.07", "Manganeso (mg/L)": "0", "Plomo (mg/L)": "0", "Zinc (mg/L)": "0.02", "Cianuros (mg/L)": "0.003", "Cloro Residual (mg/L)": "0", "Cloruros (mg/L)": "1.9", "Dureza Total (mg/L)": "244.44", "Fluoruros (mg/L)": "0.12", "Nitratos (mg/L)": "0.7", "Nitritos (mg/L)": "0.002", "Ph": "7.13", "SDT (mg/L)": "486", "Sulfatos (mg/L)": "5", "Cloro Total (mg/L)": "0", "Conductividad (muS/cm)": "489", "Temperatura (°C)": "24.5", "ID": "Tlahuiltepa_Tlaxcantitla_Manantial El Borbollón" }, "geometry": { "type": "Point", "coordinates": [ -98.898178994015296, 20.868676534456313 ] } },
{ "type": "Feature", "properties": { "CVEGEO_LOC": "130710033", "AÑO": 2012.0, "NOM_MUN": "Tlahuiltepa", "NOM_LOC": "Zaragoza", "Fuente de abastecimiento": "Manantial Coyotectil", "Coliformes Totales (Ausencia o Presencia/100mL)": "Presencia", "E. Coli (Ausencia o Presencia/100mL)": "Ausencia", "Arsenico (mg/L)": "0.002", "Bario (mg/L)": null, "Cadmio (mg/L)": null, "Cobre (mg/L)": "0.353", "Hierro (mg/L)": "0", "Manganeso (mg/L)": null, "Plomo (mg/L)": "0.001", "Zinc (mg/L)": "0.031", "Cianuros (mg/L)": "0.001", "Cloro Residual (mg/L)": "0.1", "Cloruros (mg/L)": "58.25", "Dureza Total (mg/L)": "177.776", "Fluoruros (mg/L)": "0.4", "Nitratos (mg/L)": "5.6", "Nitritos (mg/L)": "0.0013", "Ph": "7.4", "SDT (mg/L)": "198.9", "Sulfatos (mg/L)": "7.5", "Cloro Total (mg/L)": "0.01", "Conductividad (muS/cm)": "304", "Temperatura (°C)": "20.6", "ID": "Tlahuiltepa_Zaragoza_Manantial Coyotectil" }, "geometry": { "type": "Point", "coordinates": [ -98.915024815757448, 20.909378586704399 ] } },
{ "type": "Feature", "properties": { "CVEGEO_LOC": "130710033", "AÑO": 2013.0, "NOM_MUN": "Tlahuiltepa", "NOM_LOC": "Zaragoza", "Fuente de abastecimiento": "Manantial Los Lavaderos", "Coliformes Totales (Ausencia o Presencia/100mL)": "Presencia", "E. Coli (Ausencia o Presencia/100mL)": "Ausencia", "Arsenico (mg/L)": "0", "Bario (mg/L)": "0", "Cadmio (mg/L)": null, "Cobre (mg/L)": "0.1", "Hierro (mg/L)": "0", "Manganeso (mg/L)": "0", "Plomo (mg/L)": "0", "Zinc (mg/L)": "0.04", "Cianuros (mg/L)": "0.001", "Cloro Residual (mg/L)": "0", "Cloruros (mg/L)": "60.2", "Dureza Total (mg/L)": "180.03", "Fluoruros (mg/L)": "0.3", "Nitratos (mg/L)": "3.1", "Nitritos (mg/L)": "0.001", "Ph": "7.13", "SDT (mg/L)": "259.6", "Sulfatos (mg/L)": "10.1", "Cloro Total (mg/L)": "0", "Conductividad (muS/cm)": "300", "Temperatura (°C)": "15.2", "ID": "Tlahuiltepa_Zaragoza_Manantial Los Lavaderos" }, "geometry": { "type": "Point", "coordinates": [ -98.914903390062534, 20.90952154083751 ] } },
{ "type": "Feature", "properties": { "CVEGEO_LOC": "130710035", "AÑO": 2015.0, "NOM_MUN": "Tlahuiltepa", "NOM_LOC": "La Unión", "Fuente de abastecimiento": "Manantial El Barrio", "Coliformes Totales (Ausencia o Presencia/100mL)": "Presencia", "E. Coli (Ausencia o Presencia/100mL)": "Ausencia", "Arsenico (mg/L)": "0", "Bario (mg/L)": "0", "Cadmio (mg/L)": null, "Cobre (mg/L)": "0.98", "Hierro (mg/L)": "0.07", "Manganeso (mg/L)": "0.1", "Plomo (mg/L)": "0", "Zinc (mg/L)": "0.05", "Cianuros (mg/L)": "0.001", "Cloro Residual (mg/L)": "0", "Cloruros (mg/L)": "2.1", "Dureza Total (mg/L)": "189.99", "Fluoruros (mg/L)": "0", "Nitratos (mg/L)": "1", "Nitritos (mg/L)": "0.003", "Ph": "7.3", "SDT (mg/L)": "218", "Sulfatos (mg/L)": "0", "Cloro Total (mg/L)": "0", "Conductividad (muS/cm)": "424.99", "Temperatura (°C)": "20.4", "ID": "Tlahuiltepa_La Unión_Manantial El Barrio" }, "geometry": { "type": "Point", "coordinates": [ -98.936882633736502, 20.928505081212066 ] } },
{ "type": "Feature", "properties": { "CVEGEO_LOC": "130730001", "AÑO": 2013.0, "NOM_MUN": "Tlanchinol", "NOM_LOC": "Tlanchinol", "Fuente de abastecimiento": "Manantial", "Coliformes Totales (Ausencia o Presencia/100mL)": "Presencia", "E. Coli (Ausencia o Presencia/100mL)": "Presencia", "Arsenico (mg/L)": "0", "Bario (mg/L)": "0", "Cadmio (mg/L)": null, "Cobre (mg/L)": "0.201", "Hierro (mg/L)": "0", "Manganeso (mg/L)": "0", "Plomo (mg/L)": "0", "Zinc (mg/L)": "0.017", "Cianuros (mg/L)": "0.002", "Cloro Residual (mg/L)": "0.1", "Cloruros (mg/L)": "1.3", "Dureza Total (mg/L)": "31.6", "Fluoruros (mg/L)": "0", "Nitratos (mg/L)": "0.4", "Nitritos (mg/L)": "0.001", "Ph": "6.62", "SDT (mg/L)": "22.5", "Sulfatos (mg/L)": "0", "Cloro Total (mg/L)": "0", "Conductividad (muS/cm)": "56.3", "Temperatura (°C)": "19.1", "ID": "Tlanchinol_Tlanchinol_Manantial" }, "geometry": { "type": "Point", "coordinates": [ -98.655880454285324, 20.994753300807123 ] } },
{ "type": "Feature", "properties": { "CVEGEO_LOC": "130730001", "AÑO": 2013.0, "NOM_MUN": "Tlanchinol", "NOM_LOC": "Tlanchinol", "Fuente de abastecimiento": "Manantial \"El Arenal\"", "Coliformes Totales (Ausencia o Presencia/100mL)": "Presencia", "E. Coli (Ausencia o Presencia/100mL)": "Presencia", "Arsenico (mg/L)": "0", "Bario (mg/L)": "0", "Cadmio (mg/L)": null, "Cobre (mg/L)": "0.402", "Hierro (mg/L)": "0.02", "Manganeso (mg/L)": "0", "Plomo (mg/L)": "0", "Zinc (mg/L)": "0.01", "Cianuros (mg/L)": "0.003", "Cloro Residual (mg/L)": "0.3", "Cloruros (mg/L)": "40.6", "Dureza Total (mg/L)": "28.41", "Fluoruros (mg/L)": "0.5", "Nitratos (mg/L)": "0.7", "Nitritos (mg/L)": "0.002", "Ph": "7.78", "SDT (mg/L)": "19.8", "Sulfatos (mg/L)": "0", "Cloro Total (mg/L)": "0", "Conductividad (muS/cm)": "12.71", "Temperatura (°C)": "18.2", "ID": "Tlanchinol_Tlanchinol_Manantial \"El Arenal\"" }, "geometry": { "type": "Point", "coordinates": [ -98.656726697451916, 20.991871383194109 ] } },
{ "type": "Feature", "properties": { "CVEGEO_LOC": "130730001", "AÑO": 2015.0, "NOM_MUN": "Tlanchinol", "NOM_LOC": "Tlanchinol", "Fuente de abastecimiento": "Manantial El Arenal", "Coliformes Totales (Ausencia o Presencia/100mL)": "Presencia", "E. Coli (Ausencia o Presencia/100mL)": "Ausencia", "Arsenico (mg/L)": "0", "Bario (mg/L)": "0", "Cadmio (mg/L)": null, "Cobre (mg/L)": "0", "Hierro (mg/L)": "0", "Manganeso (mg/L)": "0", "Plomo (mg/L)": "0", "Zinc (mg/L)": "0.04", "Cianuros (mg/L)": "0", "Cloro Residual (mg/L)": "0", "Cloruros (mg/L)": "1.4", "Dureza Total (mg/L)": "111.11", "Fluoruros (mg/L)": "0.04", "Nitratos (mg/L)": "0.3", "Nitritos (mg/L)": "0.004", "Ph": "7.1", "SDT (mg/L)": "126.4", "Sulfatos (mg/L)": "0", "Cloro Total (mg/L)": "0.01", "Conductividad (muS/cm)": "237.8", "Temperatura (°C)": "21.2", "ID": "Tlanchinol_Tlanchinol_Manantial El Arenal" }, "geometry": { "type": "Point", "coordinates": [ -98.657534973332687, 20.988885975697897 ] } },
{ "type": "Feature", "properties": { "CVEGEO_LOC": "130730001", "AÑO": 2014.0, "NOM_MUN": "Tlanchinol", "NOM_LOC": "Tlanchinol", "Fuente de abastecimiento": "Manantial La Bomba", "Coliformes Totales (Ausencia o Presencia/100mL)": "Presencia", "E. Coli (Ausencia o Presencia/100mL)": "Presencia", "Arsenico (mg/L)": "0", "Bario (mg/L)": "0", "Cadmio (mg/L)": null, "Cobre (mg/L)": "0.63", "Hierro (mg/L)": "0.04", "Manganeso (mg/L)": "0.1", "Plomo (mg/L)": "0.005", "Zinc (mg/L)": "0.05", "Cianuros (mg/L)": "0.01", "Cloro Residual (mg/L)": "0", "Cloruros (mg/L)": "5.5", "Dureza Total (mg/L)": "6.66", "Fluoruros (mg/L)": "0.15", "Nitratos (mg/L)": "1.5", "Nitritos (mg/L)": "0.003", "Ph": "7.24", "SDT (mg/L)": "19.7", "Sulfatos (mg/L)": "2", "Cloro Total (mg/L)": "0", "Conductividad (muS/cm)": "39.4", "Temperatura (°C)": "16", "ID": "Tlanchinol_Tlanchinol_Manantial La Bomba" }, "geometry": { "type": "Point", "coordinates": [ -98.660448638467344, 20.988881626948277 ] } },
{ "type": "Feature", "properties": { "CVEGEO_LOC": "130730001", "AÑO": 2014.0, "NOM_MUN": "Tlanchinol", "NOM_LOC": "Tlanchinol", "Fuente de abastecimiento": "Manantial Linda Vista", "Coliformes Totales (Ausencia o Presencia/100mL)": "Presencia", "E. Coli (Ausencia o Presencia/100mL)": "Ausencia", "Arsenico (mg/L)": "0", "Bario (mg/L)": "0", "Cadmio (mg/L)": null, "Cobre (mg/L)": "0.23", "Hierro (mg/L)": "0", "Manganeso (mg/L)": "0", "Plomo (mg/L)": "0", "Zinc (mg/L)": "0.31", "Cianuros (mg/L)": "0.002", "Cloro Residual (mg/L)": "0.08", "Cloruros (mg/L)": "1.3", "Dureza Total (mg/L)": "57.77", "Fluoruros (mg/L)": "0.19", "Nitratos (mg/L)": "0.4", "Nitritos (mg/L)": "0.003", "Ph": "7.41", "SDT (mg/L)": "26.1", "Sulfatos (mg/L)": "2", "Cloro Total (mg/L)": "0.09", "Conductividad (muS/cm)": "26.7", "Temperatura (°C)": "22", "ID": "Tlanchinol_Tlanchinol_Manantial Linda Vista" }, "geometry": { "type": "Point", "coordinates": [ -98.665372324913676, 20.987199082639798 ] } },
{ "type": "Feature", "properties": { "CVEGEO_LOC": "130730001", "AÑO": 2012.0, "NOM_MUN": "Tlanchinol", "NOM_LOC": "Tlanchinol", "Fuente de abastecimiento": "Manantial San Juan Hueyapan", "Coliformes Totales (Ausencia o Presencia/100mL)": "Presencia", "E. Coli (Ausencia o Presencia/100mL)": "Presencia", "Arsenico (mg/L)": "0.002", "Bario (mg/L)": null, "Cadmio (mg/L)": null, "Cobre (mg/L)": "0.509", "Hierro (mg/L)": "0.196", "Manganeso (mg/L)": null, "Plomo (mg/L)": "0", "Zinc (mg/L)": "0.016", "Cianuros (mg/L)": "0.004", "Cloro Residual (mg/L)": "0.03", "Cloruros (mg/L)": "47.75", "Dureza Total (mg/L)": "0", "Fluoruros (mg/L)": "0.12", "Nitratos (mg/L)": "1", "Nitritos (mg/L)": "0.0049", "Ph": "6.98", "SDT (mg/L)": "14.7", "Sulfatos (mg/L)": "0.2", "Cloro Total (mg/L)": "0.01", "Conductividad (muS/cm)": "14.2", "Temperatura (°C)": "19.6", "ID": "Tlanchinol_Tlanchinol_Manantial San Juan Hueyapan" }, "geometry": { "type": "Point", "coordinates": [ -98.663957570446286, 20.987991023755797 ] } },
{ "type": "Feature", "properties": { "CVEGEO_LOC": "130730001", "AÑO": 2014.0, "NOM_MUN": "Tlanchinol", "NOM_LOC": "Tlanchinol", "Fuente de abastecimiento": "Manantial Xiloco", "Coliformes Totales (Ausencia o Presencia/100mL)": "Presencia", "E. Coli (Ausencia o Presencia/100mL)": "Presencia", "Arsenico (mg/L)": "0", "Bario (mg/L)": "0", "Cadmio (mg/L)": null, "Cobre (mg/L)": "0", "Hierro (mg/L)": "0.03", "Manganeso (mg/L)": "0", "Plomo (mg/L)": "0", "Zinc (mg/L)": "0.05", "Cianuros (mg/L)": "0.002", "Cloro Residual (mg/L)": "0.06", "Cloruros (mg/L)": "1.3", "Dureza Total (mg/L)": "95.55", "Fluoruros (mg/L)": "0.006", "Nitratos (mg/L)": "0.6", "Nitritos (mg/L)": "0.003", "Ph": "6.96", "SDT (mg/L)": "24.8", "Sulfatos (mg/L)": "3", "Cloro Total (mg/L)": "0.09", "Conductividad (muS/cm)": "24.6", "Temperatura (°C)": "22.3", "ID": "Tlanchinol_Tlanchinol_Manantial Xiloco" }, "geometry": { "type": "Point", "coordinates": [ -98.662469822118069, 20.990258861063204 ] } },
{ "type": "Feature", "properties": { "CVEGEO_LOC": "130730001", "AÑO": 2016.0, "NOM_MUN": "Tlanchinol", "NOM_LOC": "Tlanchinol", "Fuente de abastecimiento": "Tanque Lindavista", "Coliformes Totales (Ausencia o Presencia/100mL)": "Presencia", "E. Coli (Ausencia o Presencia/100mL)": "Ausencia", "Arsenico (mg/L)": "0", "Bario (mg/L)": "0", "Cadmio (mg/L)": "ND", "Cobre (mg/L)": "0.19", "Hierro (mg/L)": "0", "Manganeso (mg/L)": "0", "Plomo (mg/L)": "0", "Zinc (mg/L)": "0.29", "Cianuros (mg/L)": "1", "Cloro Residual (mg/L)": "0", "Cloruros (mg/L)": "45718", "Dureza Total (mg/L)": "59.99", "Fluoruros (mg/L)": "0.17", "Nitratos (mg/L)": "0.7", "Nitritos (mg/L)": "4", "Ph": "8.46", "SDT (mg/L)": "45716", "Sulfatos (mg/L)": "45690", "Cloro Total (mg/L)": "0", "Conductividad (muS/cm)": "7.64", "Temperatura (°C)": "45677", "ID": "Tlanchinol_Tlanchinol_Tanque Lindavista" }, "geometry": { "type": "Point", "coordinates": [ -98.659149919938528, 20.993429830603233 ] } },
{ "type": "Feature", "properties": { "CVEGEO_LOC": "130740001", "AÑO": 2023.0, "NOM_MUN": "Tlaxcoapan", "NOM_LOC": "Tlaxcoapan", "Fuente de abastecimiento": "Pozo Bojayito I", "Coliformes Totales (Ausencia o Presencia/100mL)": "Presencia", "E. Coli (Ausencia o Presencia/100mL)": "Ausencia", "Arsenico (mg/L)": "0.01", "Bario (mg/L)": "0", "Cadmio (mg/L)": "0", "Cobre (mg/L)": "0.3", "Hierro (mg/L)": "0", "Manganeso (mg/L)": "0", "Plomo (mg/L)": "0", "Zinc (mg/L)": "0.04", "Cianuros (mg/L)": "0.01", "Cloro Residual (mg/L)": "0", "Cloruros (mg/L)": "35.4", "Dureza Total (mg/L)": "135.55", "Fluoruros (mg/L)": "0", "Nitratos (mg/L)": "1.1", "Nitritos (mg/L)": "0.001", "Ph": "6.93", "SDT (mg/L)": "126.1", "Sulfatos (mg/L)": "80", "Cloro Total (mg/L)": "0.09", "Conductividad (muS/cm)": "206.4", "Temperatura (°C)": "23.1", "ID": "Tlaxcoapan_Tlaxcoapan_Pozo Bojayito I" }, "geometry": { "type": "Point", "coordinates": [ -99.224015113751761, 20.096149614863862 ] } },
{ "type": "Feature", "properties": { "CVEGEO_LOC": "130740001", "AÑO": 2021.0, "NOM_MUN": "Tlaxcoapan", "NOM_LOC": "Tlaxcoapan", "Fuente de abastecimiento": "Pozo Bojayito I", "Coliformes Totales (Ausencia o Presencia/100mL)": "Ausencia", "E. Coli (Ausencia o Presencia/100mL)": "Ausencia", "Arsenico (mg/L)": "0.01", "Bario (mg/L)": "0", "Cadmio (mg/L)": "0", "Cobre (mg/L)": "0.3", "Hierro (mg/L)": "0.01", "Manganeso (mg/L)": "0", "Plomo (mg/L)": "0", "Zinc (mg/L)": "0.04", "Cianuros (mg/L)": "0.01", "Cloro Residual (mg/L)": "0.14", "Cloruros (mg/L)": "36.4", "Dureza Total (mg/L)": "135.55", "Fluoruros (mg/L)": "0", "Nitratos (mg/L)": "1.1", "Nitritos (mg/L)": "0.002", "Ph": "6.4", "SDT (mg/L)": "126.8", "Sulfatos (mg/L)": "80", "Cloro Total (mg/L)": "0", "Conductividad (muS/cm)": "206.4", "Temperatura (°C)": "18.4", "ID": "Tlaxcoapan_Tlaxcoapan_Pozo Bojayito I" }, "geometry": { "type": "Point", "coordinates": [ -99.224015113751761, 20.096149614863862 ] } },
{ "type": "Feature", "properties": { "CVEGEO_LOC": "130740001", "AÑO": 2021.0, "NOM_MUN": "Tlaxcoapan", "NOM_LOC": "Tlaxcoapan", "Fuente de abastecimiento": "Pozo Bojayito II", "Coliformes Totales (Ausencia o Presencia/100mL)": "Presencia", "E. Coli (Ausencia o Presencia/100mL)": "Ausencia", "Arsenico (mg/L)": "0.01", "Bario (mg/L)": "0", "Cadmio (mg/L)": "0", "Cobre (mg/L)": "0.2", "Hierro (mg/L)": "0.01", "Manganeso (mg/L)": "0", "Plomo (mg/L)": "0", "Zinc (mg/L)": "0.2", "Cianuros (mg/L)": "0.005", "Cloro Residual (mg/L)": "0.04", "Cloruros (mg/L)": "26", "Dureza Total (mg/L)": "131.1", "Fluoruros (mg/L)": "0.1", "Nitratos (mg/L)": "0.9", "Nitritos (mg/L)": "0.005", "Ph": "7.94", "SDT (mg/L)": "127.5", "Sulfatos (mg/L)": "80", "Cloro Total (mg/L)": "0.1", "Conductividad (muS/cm)": "1688", "Temperatura (°C)": "20.4", "ID": "Tlaxcoapan_Tlaxcoapan_Pozo Bojayito II" }, "geometry": { "type": "Point", "coordinates": [ -99.216749369739148, 20.094220100001301 ] } },
{ "type": "Feature", "properties": { "CVEGEO_LOC": "130740001", "AÑO": 2023.0, "NOM_MUN": "Tlaxcoapan", "NOM_LOC": "Tlaxcoapan", "Fuente de abastecimiento": "Pozo Bojayito II", "Coliformes Totales (Ausencia o Presencia/100mL)": "Presencia", "E. Coli (Ausencia o Presencia/100mL)": "Ausencia", "Arsenico (mg/L)": "0.01", "Bario (mg/L)": "0", "Cadmio (mg/L)": "0", "Cobre (mg/L)": "0.02", "Hierro (mg/L)": "0.01", "Manganeso (mg/L)": "0", "Plomo (mg/L)": "0", "Zinc (mg/L)": "0.2", "Cianuros (mg/L)": "0.005", "Cloro Residual (mg/L)": "0", "Cloruros (mg/L)": "26", "Dureza Total (mg/L)": "131.11", "Fluoruros (mg/L)": "0.1", "Nitratos (mg/L)": "0.9", "Nitritos (mg/L)": "0.005", "Ph": "7.07", "SDT (mg/L)": "127.5", "Sulfatos (mg/L)": "80", "Cloro Total (mg/L)": "0", "Conductividad (muS/cm)": "168.8", "Temperatura (°C)": "25.3", "ID": "Tlaxcoapan_Tlaxcoapan_Pozo Bojayito II" }, "geometry": { "type": "Point", "coordinates": [ -99.216749369739148, 20.094220100001301 ] } },
{ "type": "Feature", "properties": { "CVEGEO_LOC": "130740001", "AÑO": 2014.0, "NOM_MUN": "Tlaxcoapan", "NOM_LOC": "Tlaxcoapan", "Fuente de abastecimiento": "Pozo Bojoyiyo I", "Coliformes Totales (Ausencia o Presencia/100mL)": "Presencia", "E. Coli (Ausencia o Presencia/100mL)": "Ausencia", "Arsenico (mg/L)": "0.01", "Bario (mg/L)": "0", "Cadmio (mg/L)": null, "Cobre (mg/L)": "0.3", "Hierro (mg/L)": "0.01", "Manganeso (mg/L)": "0", "Plomo (mg/L)": "0.001", "Zinc (mg/L)": "0.05", "Cianuros (mg/L)": "0.01", "Cloro Residual (mg/L)": "0.06", "Cloruros (mg/L)": "30", "Dureza Total (mg/L)": "455.55", "Fluoruros (mg/L)": "0", "Nitratos (mg/L)": "1", "Nitritos (mg/L)": "0.002", "Ph": "7.03", "SDT (mg/L)": "0", "Sulfatos (mg/L)": "80", "Cloro Total (mg/L)": "0.13", "Conductividad (muS/cm)": "2.19", "Temperatura (°C)": "21.4", "ID": "Tlaxcoapan_Tlaxcoapan_Pozo Bojoyiyo I" }, "geometry": { "type": "Point", "coordinates": [ -99.217365660944495, 20.086042346975333 ] } },
{ "type": "Feature", "properties": { "CVEGEO_LOC": "130740001", "AÑO": 2014.0, "NOM_MUN": "Tlaxcoapan", "NOM_LOC": "Tlaxcoapan", "Fuente de abastecimiento": "Pozo Bojoyiyo II", "Coliformes Totales (Ausencia o Presencia/100mL)": "Presencia", "E. Coli (Ausencia o Presencia/100mL)": "Ausencia", "Arsenico (mg/L)": "0.01", "Bario (mg/L)": "0", "Cadmio (mg/L)": null, "Cobre (mg/L)": "0.2", "Hierro (mg/L)": "0.01", "Manganeso (mg/L)": "0", "Plomo (mg/L)": "0.001", "Zinc (mg/L)": "0.3", "Cianuros (mg/L)": "0.006", "Cloro Residual (mg/L)": "0", "Cloruros (mg/L)": "28", "Dureza Total (mg/L)": "367.77", "Fluoruros (mg/L)": "0.1", "Nitratos (mg/L)": "1.4", "Nitritos (mg/L)": "0.004", "Ph": "7", "SDT (mg/L)": "636", "Sulfatos (mg/L)": "75", "Cloro Total (mg/L)": "0", "Conductividad (muS/cm)": "1549", "Temperatura (°C)": "26.1", "ID": "Tlaxcoapan_Tlaxcoapan_Pozo Bojoyiyo II" }, "geometry": { "type": "Point", "coordinates": [ -99.226552125562222, 20.090346174681251 ] } },
{ "type": "Feature", "properties": { "CVEGEO_LOC": "130740003", "AÑO": 2022.0, "NOM_MUN": "Tlaxcoapan", "NOM_LOC": "Teltipán de Juárez", "Fuente de abastecimiento": "Pozo Teltipan", "Coliformes Totales (Ausencia o Presencia/100mL)": "Ausencia", "E. Coli (Ausencia o Presencia/100mL)": "Ausencia", "Arsenico (mg/L)": "0", "Bario (mg/L)": "0", "Cadmio (mg/L)": "0", "Cobre (mg/L)": "0", "Hierro (mg/L)": "0.07", "Manganeso (mg/L)": "0", "Plomo (mg/L)": "0.003", "Zinc (mg/L)": "0.06", "Cianuros (mg/L)": "0.003", "Cloro Residual (mg/L)": "0", "Cloruros (mg/L)": "175.4", "Dureza Total (mg/L)": "337.77", "Fluoruros (mg/L)": "0.57", "Nitratos (mg/L)": "8.2", "Nitritos (mg/L)": "0.017", "Ph": "6.81", "SDT (mg/L)": "239", "Sulfatos (mg/L)": "116", "Cloro Total (mg/L)": "0", "Conductividad (muS/cm)": "644", "Temperatura (°C)": null, "ID": "Tlaxcoapan_Teltipán de Juárez_Pozo Teltipan" }, "geometry": { "type": "Point", "coordinates": [ -99.197966965559601, 20.112805502571575 ] } },
{ "type": "Feature", "properties": { "CVEGEO_LOC": "130740004", "AÑO": 2022.0, "NOM_MUN": "Tlaxcoapan", "NOM_LOC": "Teocalco", "Fuente de abastecimiento": "Pozo Teocalco", "Coliformes Totales (Ausencia o Presencia/100mL)": "Presencia", "E. Coli (Ausencia o Presencia/100mL)": "Ausencia", "Arsenico (mg/L)": "0", "Bario (mg/L)": "0", "Cadmio (mg/L)": "0", "Cobre (mg/L)": "0", "Hierro (mg/L)": "0.07", "Manganeso (mg/L)": "0.1", "Plomo (mg/L)": "0.0011", "Zinc (mg/L)": "0.1", "Cianuros (mg/L)": "0.002", "Cloro Residual (mg/L)": "0.09", "Cloruros (mg/L)": "79.9", "Dureza Total (mg/L)": "333.33", "Fluoruros (mg/L)": "0.98", "Nitratos (mg/L)": "4.4", "Nitritos (mg/L)": "0.011", "Ph": "6.55", "SDT (mg/L)": "245", "Sulfatos (mg/L)": "280", "Cloro Total (mg/L)": "0", "Conductividad (muS/cm)": "637", "Temperatura (°C)": null, "ID": "Tlaxcoapan_Teocalco_Pozo Teocalco" }, "geometry": { "type": "Point", "coordinates": [ -99.284086168178845, 20.087436559383654 ] } },
{ "type": "Feature", "properties": { "CVEGEO_LOC": "130760001", "AÑO": 2014.0, "NOM_MUN": "Tula de Allende", "NOM_LOC": "Tula de Allende", "Fuente de abastecimiento": "Pozo Iturbide", "Coliformes Totales (Ausencia o Presencia/100mL)": "Presencia", "E. Coli (Ausencia o Presencia/100mL)": "Presencia", "Arsenico (mg/L)": "0.01", "Bario (mg/L)": "0", "Cadmio (mg/L)": null, "Cobre (mg/L)": "0.03", "Hierro (mg/L)": "0", "Manganeso (mg/L)": "0.15", "Plomo (mg/L)": "0.01", "Zinc (mg/L)": "0", "Cianuros (mg/L)": "0.042", "Cloro Residual (mg/L)": "0.1", "Cloruros (mg/L)": "28.5", "Dureza Total (mg/L)": "308.88", "Fluoruros (mg/L)": "1.45", "Nitratos (mg/L)": "2.1", "Nitritos (mg/L)": "0.008", "Ph": "6.97", "SDT (mg/L)": "1166", "Sulfatos (mg/L)": "400", "Cloro Total (mg/L)": "0.1", "Conductividad (muS/cm)": "1148", "Temperatura (°C)": "22.6", "ID": "Tula de Allende_Tula de Allende_Pozo Iturbide" }, "geometry": { "type": "Point", "coordinates": [ -99.347571342481899, 20.054303683796562 ] } },
{ "type": "Feature", "properties": { "CVEGEO_LOC": "130760013", "AÑO": 2014.0, "NOM_MUN": "Tula de Allende", "NOM_LOC": "Nantzha", "Fuente de abastecimiento": "Pozo Manzanita 1", "Coliformes Totales (Ausencia o Presencia/100mL)": "Presencia", "E. Coli (Ausencia o Presencia/100mL)": "Presencia", "Arsenico (mg/L)": "0.01", "Bario (mg/L)": "0", "Cadmio (mg/L)": null, "Cobre (mg/L)": "0.02", "Hierro (mg/L)": "0", "Manganeso (mg/L)": "0.1", "Plomo (mg/L)": "0.01", "Zinc (mg/L)": "0.04", "Cianuros (mg/L)": "0.003", "Cloro Residual (mg/L)": "0.1", "Cloruros (mg/L)": "23.4", "Dureza Total (mg/L)": "137.77", "Fluoruros (mg/L)": "0.76", "Nitratos (mg/L)": "2.6", "Nitritos (mg/L)": "0.007", "Ph": "7.45", "SDT (mg/L)": "525", "Sulfatos (mg/L)": "126", "Cloro Total (mg/L)": "0", "Conductividad (muS/cm)": "543", "Temperatura (°C)": "24.3", "ID": "Tula de Allende_Nantzha_Pozo Manzanita 1" }, "geometry": { "type": "Point", "coordinates": [ -99.370288046662409, 20.050372084584296 ] } },
{ "type": "Feature", "properties": { "CVEGEO_LOC": "130760023", "AÑO": 2023.0, "NOM_MUN": "Tula de Allende", "NOM_LOC": "San Miguel de las Piedras Primera Sección", "Fuente de abastecimiento": "Planta Potabilizadora Filtro a Presión 4 (Pozo San Miguel Las Piedras Chabacano)", "Coliformes Totales (Ausencia o Presencia/100mL)": "Presencia", "E. Coli (Ausencia o Presencia/100mL)": "Ausencia", "Arsenico (mg/L)": "0.01", "Bario (mg/L)": "0", "Cadmio (mg/L)": "0", "Cobre (mg/L)": "0.65", "Hierro (mg/L)": "4.06", "Manganeso (mg/L)": "0", "Plomo (mg/L)": "0.003", "Zinc (mg/L)": "0.02", "Cianuros (mg/L)": "0.001", "Cloro Residual (mg/L)": "0", "Cloruros (mg/L)": "1.4", "Dureza Total (mg/L)": "71.11", "Fluoruros (mg/L)": "0.3", "Nitratos (mg/L)": "10", "Nitritos (mg/L)": "1", "Ph": "7.84", "SDT (mg/L)": "117.3", "Sulfatos (mg/L)": "2", "Cloro Total (mg/L)": "0", "Conductividad (muS/cm)": "245", "Temperatura (°C)": "24.3", "ID": "Tula de Allende_San Miguel de las Piedras Primera Sección_Planta Potabilizadora Filtro a Presión 4 (Pozo San Miguel Las Piedras Chabacano)" }, "geometry": { "type": "Point", "coordinates": [ -99.415437698888724, 20.109821249106975 ] } },
{ "type": "Feature", "properties": { "CVEGEO_LOC": "130760023", "AÑO": 2023.0, "NOM_MUN": "Tula de Allende", "NOM_LOC": "San Miguel de las Piedras Primera Sección", "Fuente de abastecimiento": "Pozo San Miguel Las Piedras (Chabacano)", "Coliformes Totales (Ausencia o Presencia/100mL)": "Presencia", "E. Coli (Ausencia o Presencia/100mL)": "Ausencia", "Arsenico (mg/L)": "0.01", "Bario (mg/L)": "0", "Cadmio (mg/L)": "0", "Cobre (mg/L)": "0.77", "Hierro (mg/L)": "3.28", "Manganeso (mg/L)": "0", "Plomo (mg/L)": "0.003", "Zinc (mg/L)": "0.03", "Cianuros (mg/L)": "0", "Cloro Residual (mg/L)": "0", "Cloruros (mg/L)": "1.4", "Dureza Total (mg/L)": "75.55", "Fluoruros (mg/L)": "0.3", "Nitratos (mg/L)": "1.6", "Nitritos (mg/L)": "0", "Ph": "7.9", "SDT (mg/L)": "116.8", "Sulfatos (mg/L)": "2", "Cloro Total (mg/L)": "0", "Conductividad (muS/cm)": "244", "Temperatura (°C)": "24", "ID": "Tula de Allende_San Miguel de las Piedras Primera Sección_Pozo San Miguel Las Piedras (Chabacano)" }, "geometry": { "type": "Point", "coordinates": [ -99.426637194307744, 20.110480285542309 ] } },
{ "type": "Feature", "properties": { "CVEGEO_LOC": "130760026", "AÑO": 2023.0, "NOM_MUN": "Tula de Allende", "NOM_LOC": "Santa Ana Ahuehuepan", "Fuente de abastecimiento": "Planta Potabilizadora Filtro a Presión 4.", "Coliformes Totales (Ausencia o Presencia/100mL)": "Presencia", "E. Coli (Ausencia o Presencia/100mL)": "Ausencia", "Arsenico (mg/L)": "0.1", "Bario (mg/L)": "0", "Cadmio (mg/L)": "0", "Cobre (mg/L)": "0.58", "Hierro (mg/L)": "4.8", "Manganeso (mg/L)": "0", "Plomo (mg/L)": "0.001", "Zinc (mg/L)": "0.01", "Cianuros (mg/L)": "0", "Cloro Residual (mg/L)": "0.06", "Cloruros (mg/L)": "9.7", "Dureza Total (mg/L)": "215.55", "Fluoruros (mg/L)": "0.51", "Nitratos (mg/L)": "7.3", "Nitritos (mg/L)": "0.002", "Ph": "7.32", "SDT (mg/L)": "793", "Sulfatos (mg/L)": "116", "Cloro Total (mg/L)": "0", "Conductividad (muS/cm)": "1593", "Temperatura (°C)": "24.4", "ID": "Tula de Allende_Santa Ana Ahuehuepan_Planta Potabilizadora Filtro a Presión 4." }, "geometry": { "type": "Point", "coordinates": [ -99.338052081541974, 20.116292472062696 ] } },
{ "type": "Feature", "properties": { "CVEGEO_LOC": "130760026", "AÑO": 2023.0, "NOM_MUN": "Tula de Allende", "NOM_LOC": "Santa Ana Ahuehuepan", "Fuente de abastecimiento": "Pozo San Ana Huehuepan", "Coliformes Totales (Ausencia o Presencia/100mL)": "Presencia", "E. Coli (Ausencia o Presencia/100mL)": "Ausencia", "Arsenico (mg/L)": "0.13", "Bario (mg/L)": "0", "Cadmio (mg/L)": "0", "Cobre (mg/L)": "0.86", "Hierro (mg/L)": "0.11", "Manganeso (mg/L)": "0.003", "Plomo (mg/L)": "0.003", "Zinc (mg/L)": "0.03", "Cianuros (mg/L)": "0.001", "Cloro Residual (mg/L)": "0", "Cloruros (mg/L)": "97.2", "Dureza Total (mg/L)": "204.44", "Fluoruros (mg/L)": "0.78", "Nitratos (mg/L)": "6.5", "Nitritos (mg/L)": "0.003", "Ph": "7.63", "SDT (mg/L)": "795", "Sulfatos (mg/L)": "114", "Cloro Total (mg/L)": "0", "Conductividad (muS/cm)": "1596", "Temperatura (°C)": "24.1", "ID": "Tula de Allende_Santa Ana Ahuehuepan_Pozo San Ana Huehuepan" }, "geometry": { "type": "Point", "coordinates": [ -99.346449704377619, 20.119718541753496 ] } },
{ "type": "Feature", "properties": { "CVEGEO_LOC": "130760026", "AÑO": 2014.0, "NOM_MUN": "Tula de Allende", "NOM_LOC": "Santa Ana Ahuehuepan", "Fuente de abastecimiento": "Pozo Santa Ana", "Coliformes Totales (Ausencia o Presencia/100mL)": "Presencia", "E. Coli (Ausencia o Presencia/100mL)": "Ausencia", "Arsenico (mg/L)": "0.01", "Bario (mg/L)": "0.1", "Cadmio (mg/L)": null, "Cobre (mg/L)": "0.62", "Hierro (mg/L)": "0", "Manganeso (mg/L)": "0", "Plomo (mg/L)": "0.01", "Zinc (mg/L)": "0.03", "Cianuros (mg/L)": "0.004", "Cloro Residual (mg/L)": "0.1", "Cloruros (mg/L)": "45.4", "Dureza Total (mg/L)": "239.99", "Fluoruros (mg/L)": "1.05", "Nitratos (mg/L)": "3.7", "Nitritos (mg/L)": "0.002", "Ph": "7.1", "SDT (mg/L)": "751", "Sulfatos (mg/L)": "121", "Cloro Total (mg/L)": "0", "Conductividad (muS/cm)": "763", "Temperatura (°C)": "24.5", "ID": "Tula de Allende_Santa Ana Ahuehuepan_Pozo Santa Ana" }, "geometry": { "type": "Point", "coordinates": [ -99.34464504841462, 20.126374251425208 ] } },
{ "type": "Feature", "properties": { "CVEGEO_LOC": "130770001", "AÑO": 2013.0, "NOM_MUN": "Tulancingo de Bravo", "NOM_LOC": "Tulancingo", "Fuente de abastecimiento": "Pozo 18 de Marzo", "Coliformes Totales (Ausencia o Presencia/100mL)": "Presencia", "E. Coli (Ausencia o Presencia/100mL)": "Ausencia", "Arsenico (mg/L)": "0", "Bario (mg/L)": "0", "Cadmio (mg/L)": null, "Cobre (mg/L)": "0.01", "Hierro (mg/L)": "0.03", "Manganeso (mg/L)": "0", "Plomo (mg/L)": "0.01", "Zinc (mg/L)": "0.05", "Cianuros (mg/L)": "0.013", "Cloro Residual (mg/L)": "0.3", "Cloruros (mg/L)": "11.3", "Dureza Total (mg/L)": "151.1", "Fluoruros (mg/L)": "0.45", "Nitratos (mg/L)": "1.6", "Nitritos (mg/L)": "0.002", "Ph": "7.3", "SDT (mg/L)": "158.3", "Sulfatos (mg/L)": "25", "Cloro Total (mg/L)": "0.1", "Conductividad (muS/cm)": "329", "Temperatura (°C)": "23.4", "ID": "Tulancingo de Bravo_Tulancingo_Pozo 18 de Marzo" }, "geometry": { "type": "Point", "coordinates": [ -98.35953278471581, 20.098772106012859 ] } },
{ "type": "Feature", "properties": { "CVEGEO_LOC": "130770001", "AÑO": 2013.0, "NOM_MUN": "Tulancingo de Bravo", "NOM_LOC": "Tulancingo", "Fuente de abastecimiento": "Pozo Moisés Rivera", "Coliformes Totales (Ausencia o Presencia/100mL)": "Presencia", "E. Coli (Ausencia o Presencia/100mL)": "Ausencia", "Arsenico (mg/L)": "0", "Bario (mg/L)": "0", "Cadmio (mg/L)": null, "Cobre (mg/L)": "0.75", "Hierro (mg/L)": "0.05", "Manganeso (mg/L)": "0", "Plomo (mg/L)": "0.007", "Zinc (mg/L)": "0.02", "Cianuros (mg/L)": "0.005", "Cloro Residual (mg/L)": "0.1", "Cloruros (mg/L)": "4.4", "Dureza Total (mg/L)": "177.77", "Fluoruros (mg/L)": "0.18", "Nitratos (mg/L)": "2.3", "Nitritos (mg/L)": "0.001", "Ph": "7.93", "SDT (mg/L)": "199.8", "Sulfatos (mg/L)": "15", "Cloro Total (mg/L)": "0.1", "Conductividad (muS/cm)": "414", "Temperatura (°C)": "22", "ID": "Tulancingo de Bravo_Tulancingo_Pozo Moisés Rivera" }, "geometry": { "type": "Point", "coordinates": [ -98.351887400640038, 20.091539606612464 ] } },
{ "type": "Feature", "properties": { "CVEGEO_LOC": "130770001", "AÑO": 2012.0, "NOM_MUN": "Tulancingo de Bravo", "NOM_LOC": "Tulancingo", "Fuente de abastecimiento": "Pozo Panteón", "Coliformes Totales (Ausencia o Presencia/100mL)": "Presencia", "E. Coli (Ausencia o Presencia/100mL)": "Ausencia", "Arsenico (mg/L)": "0", "Bario (mg/L)": "0.28", "Cadmio (mg/L)": null, "Cobre (mg/L)": "0.161", "Hierro (mg/L)": "0.01", "Manganeso (mg/L)": "0", "Plomo (mg/L)": "0.001", "Zinc (mg/L)": "0.03", "Cianuros (mg/L)": "0", "Cloro Residual (mg/L)": "0", "Cloruros (mg/L)": "66", "Dureza Total (mg/L)": "175.5538", "Fluoruros (mg/L)": "0", "Nitratos (mg/L)": "2.4", "Nitritos (mg/L)": "0", "Ph": "7.35", "SDT (mg/L)": "351", "Sulfatos (mg/L)": "5", "Cloro Total (mg/L)": "0.01", "Conductividad (muS/cm)": "471", "Temperatura (°C)": null, "ID": "Tulancingo de Bravo_Tulancingo_Pozo Panteón" }, "geometry": { "type": "Point", "coordinates": [ -98.34754626926221, 20.08016216435599 ] } },
{ "type": "Feature", "properties": { "CVEGEO_LOC": "130770001", "AÑO": 2013.0, "NOM_MUN": "Tulancingo de Bravo", "NOM_LOC": "Tulancingo", "Fuente de abastecimiento": "Pozo Peñil", "Coliformes Totales (Ausencia o Presencia/100mL)": "Presencia", "E. Coli (Ausencia o Presencia/100mL)": "Ausencia", "Arsenico (mg/L)": "0", "Bario (mg/L)": "0", "Cadmio (mg/L)": null, "Cobre (mg/L)": "0.04", "Hierro (mg/L)": "0.12", "Manganeso (mg/L)": "0", "Plomo (mg/L)": "0.01", "Zinc (mg/L)": "0.06", "Cianuros (mg/L)": "0.008", "Cloro Residual (mg/L)": "0", "Cloruros (mg/L)": "5.7", "Dureza Total (mg/L)": "155.55", "Fluoruros (mg/L)": "0.59", "Nitratos (mg/L)": "1.6", "Nitritos (mg/L)": "0.001", "Ph": "7.09", "SDT (mg/L)": "181.7", "Sulfatos (mg/L)": "15", "Cloro Total (mg/L)": "0", "Conductividad (muS/cm)": "357", "Temperatura (°C)": "23.7", "ID": "Tulancingo de Bravo_Tulancingo_Pozo Peñil" }, "geometry": { "type": "Point", "coordinates": [ -98.361863087013404, 20.070652827958099 ] } },
{ "type": "Feature", "properties": { "CVEGEO_LOC": "130770001", "AÑO": 2012.0, "NOM_MUN": "Tulancingo de Bravo", "NOM_LOC": "Tulancingo", "Fuente de abastecimiento": "Pozo San Vidal", "Coliformes Totales (Ausencia o Presencia/100mL)": "Presenca", "E. Coli (Ausencia o Presencia/100mL)": "Ausencia", "Arsenico (mg/L)": "0.002", "Bario (mg/L)": "0.02", "Cadmio (mg/L)": null, "Cobre (mg/L)": "0", "Hierro (mg/L)": "0.1", "Manganeso (mg/L)": "0.6", "Plomo (mg/L)": "0.001", "Zinc (mg/L)": "0.026", "Cianuros (mg/L)": "0.002", "Cloro Residual (mg/L)": "0", "Cloruros (mg/L)": "91.75", "Dureza Total (mg/L)": "144.443", "Fluoruros (mg/L)": "0.63", "Nitratos (mg/L)": "0", "Nitritos (mg/L)": "0.0022", "Ph": "7.31", "SDT (mg/L)": "0", "Sulfatos (mg/L)": "20", "Cloro Total (mg/L)": "0", "Conductividad (muS/cm)": "180.5", "Temperatura (°C)": "20.5", "ID": "Tulancingo de Bravo_Tulancingo_Pozo San Vidal" }, "geometry": { "type": "Point", "coordinates": [ -98.378489639190065, 20.078466119513898 ] } },
{ "type": "Feature", "properties": { "CVEGEO_LOC": "130770001", "AÑO": 2013.0, "NOM_MUN": "Tulancingo de Bravo", "NOM_LOC": "Tulancingo", "Fuente de abastecimiento": "Pozo Valle Verde", "Coliformes Totales (Ausencia o Presencia/100mL)": "Presencia", "E. Coli (Ausencia o Presencia/100mL)": "Ausencia", "Arsenico (mg/L)": "0", "Bario (mg/L)": "0", "Cadmio (mg/L)": null, "Cobre (mg/L)": "0.06", "Hierro (mg/L)": "0.03", "Manganeso (mg/L)": "0", "Plomo (mg/L)": "0.01", "Zinc (mg/L)": "0", "Cianuros (mg/L)": "0.009", "Cloro Residual (mg/L)": "0", "Cloruros (mg/L)": "3.4", "Dureza Total (mg/L)": "144.44", "Fluoruros (mg/L)": "0.41", "Nitratos (mg/L)": "1.8", "Nitritos (mg/L)": "0.001", "Ph": "7.11", "SDT (mg/L)": "148.1", "Sulfatos (mg/L)": "4", "Cloro Total (mg/L)": "0.1", "Conductividad (muS/cm)": "308", "Temperatura (°C)": "25.7", "ID": "Tulancingo de Bravo_Tulancingo_Pozo Valle Verde" }, "geometry": { "type": "Point", "coordinates": [ -98.368143585788317, 20.09827588663881 ] } },
{ "type": "Feature", "properties": { "CVEGEO_LOC": "130770001", "AÑO": 2016.0, "NOM_MUN": "Tulancingo de Bravo", "NOM_LOC": "Tulancingo", "Fuente de abastecimiento": "Pozo Valle Verde", "Coliformes Totales (Ausencia o Presencia/100mL)": "Presencia", "E. Coli (Ausencia o Presencia/100mL)": "Ausencia", "Arsenico (mg/L)": "0", "Bario (mg/L)": "0", "Cadmio (mg/L)": "ND", "Cobre (mg/L)": "0.87", "Hierro (mg/L)": "0", "Manganeso (mg/L)": "0", "Plomo (mg/L)": "0", "Zinc (mg/L)": "0.03", "Cianuros (mg/L)": "5", "Cloro Residual (mg/L)": "0", "Cloruros (mg/L)": "8", "Dureza Total (mg/L)": "151.1", "Fluoruros (mg/L)": "0.57", "Nitratos (mg/L)": "0.4", "Nitritos (mg/L)": "0", "Ph": "7.25", "SDT (mg/L)": "150", "Sulfatos (mg/L)": "3", "Cloro Total (mg/L)": "0", "Conductividad (muS/cm)": "342", "Temperatura (°C)": "24", "ID": "Tulancingo de Bravo_Tulancingo_Pozo Valle Verde" }, "geometry": { "type": "Point", "coordinates": [ -98.368143585788317, 20.09827588663881 ] } },
{ "type": "Feature", "properties": { "CVEGEO_LOC": "130770008", "AÑO": 2012.0, "NOM_MUN": "Tulancingo de Bravo", "NOM_LOC": "Huajomulco", "Fuente de abastecimiento": "Pozo Establo", "Coliformes Totales (Ausencia o Presencia/100mL)": "Presencia", "E. Coli (Ausencia o Presencia/100mL)": "Ausencia", "Arsenico (mg/L)": "0.003", "Bario (mg/L)": "0.19", "Cadmio (mg/L)": null, "Cobre (mg/L)": "0.394", "Hierro (mg/L)": "0.09", "Manganeso (mg/L)": "0.2", "Plomo (mg/L)": "0.001", "Zinc (mg/L)": "0.043", "Cianuros (mg/L)": "0.001", "Cloro Residual (mg/L)": "0.02", "Cloruros (mg/L)": "59.25", "Dureza Total (mg/L)": "111.11", "Fluoruros (mg/L)": "0.5", "Nitratos (mg/L)": "0", "Nitritos (mg/L)": "7e-04", "Ph": "6.4", "SDT (mg/L)": "0", "Sulfatos (mg/L)": "5", "Cloro Total (mg/L)": "0", "Conductividad (muS/cm)": "129.8", "Temperatura (°C)": "20.2", "ID": "Tulancingo de Bravo_Huajomulco_Pozo Establo" }, "geometry": { "type": "Point", "coordinates": [ -98.445913031671694, 20.086807272553152 ] } },
{ "type": "Feature", "properties": { "CVEGEO_LOC": "130770022", "AÑO": 2015.0, "NOM_MUN": "Tulancingo de Bravo", "NOM_LOC": "Tepalzingo", "Fuente de abastecimiento": "Pozo Tepaltzingo", "Coliformes Totales (Ausencia o Presencia/100mL)": "Presencia", "E. Coli (Ausencia o Presencia/100mL)": "Ausencia", "Arsenico (mg/L)": "0", "Bario (mg/L)": "0.6", "Cadmio (mg/L)": null, "Cobre (mg/L)": "2.19", "Hierro (mg/L)": "3.64", "Manganeso (mg/L)": "0.2", "Plomo (mg/L)": "0.011", "Zinc (mg/L)": "0.14", "Cianuros (mg/L)": "0.428", "Cloro Residual (mg/L)": "0", "Cloruros (mg/L)": "126", "Dureza Total (mg/L)": "77.77", "Fluoruros (mg/L)": "0", "Nitratos (mg/L)": "13.2", "Nitritos (mg/L)": "0.47", "Ph": "7.8", "SDT (mg/L)": "1150", "Sulfatos (mg/L)": "168", "Cloro Total (mg/L)": "0", "Conductividad (muS/cm)": "113.4", "Temperatura (°C)": "26.2", "ID": "Tulancingo de Bravo_Tepalzingo_Pozo Tepaltzingo" }, "geometry": { "type": "Point", "coordinates": [ -98.277153059407709, 20.142221743814247 ] } },
{ "type": "Feature", "properties": { "CVEGEO_LOC": "130770022", "AÑO": 2015.0, "NOM_MUN": "Tulancingo de Bravo", "NOM_LOC": "Tepalzingo", "Fuente de abastecimiento": "Tanque No. 1", "Coliformes Totales (Ausencia o Presencia/100mL)": "Ausencia", "E. Coli (Ausencia o Presencia/100mL)": "Ausencia", "Arsenico (mg/L)": "0", "Bario (mg/L)": "0.4", "Cadmio (mg/L)": null, "Cobre (mg/L)": "2.12", "Hierro (mg/L)": "5.13", "Manganeso (mg/L)": "0.3", "Plomo (mg/L)": "0.01", "Zinc (mg/L)": "0", "Cianuros (mg/L)": "0.345", "Cloro Residual (mg/L)": "0.2", "Cloruros (mg/L)": "163", "Dureza Total (mg/L)": "95.55", "Fluoruros (mg/L)": "0", "Nitratos (mg/L)": "14.6", "Nitritos (mg/L)": "0.309", "Ph": "7.81", "SDT (mg/L)": "996.5", "Sulfatos (mg/L)": "216", "Cloro Total (mg/L)": "0.3", "Conductividad (muS/cm)": "122.8", "Temperatura (°C)": "24", "ID": "Tulancingo de Bravo_Tepalzingo_Tanque No. 1" }, "geometry": { "type": "Point", "coordinates": [ -98.282635446687422, 20.136908389973307 ] } },
{ "type": "Feature", "properties": { "CVEGEO_LOC": "130770022", "AÑO": 2015.0, "NOM_MUN": "Tulancingo de Bravo", "NOM_LOC": "Tepalzingo", "Fuente de abastecimiento": "Tanque No. 3", "Coliformes Totales (Ausencia o Presencia/100mL)": "Ausencia", "E. Coli (Ausencia o Presencia/100mL)": "Ausencia", "Arsenico (mg/L)": "0", "Bario (mg/L)": "0.3", "Cadmio (mg/L)": null, "Cobre (mg/L)": "2.06", "Hierro (mg/L)": "4.09", "Manganeso (mg/L)": "0.6", "Plomo (mg/L)": "0.01", "Zinc (mg/L)": "0.18", "Cianuros (mg/L)": "0.157", "Cloro Residual (mg/L)": "0.15", "Cloruros (mg/L)": "87", "Dureza Total (mg/L)": "79.99", "Fluoruros (mg/L)": "0", "Nitratos (mg/L)": "10.1", "Nitritos (mg/L)": "0.534", "Ph": "8.84", "SDT (mg/L)": "936.8", "Sulfatos (mg/L)": "180", "Cloro Total (mg/L)": "0.19", "Conductividad (muS/cm)": "115.1", "Temperatura (°C)": "21.4", "ID": "Tulancingo de Bravo_Tepalzingo_Tanque No. 3" }, "geometry": { "type": "Point", "coordinates": [ -98.284040147066008, 20.143954194674571 ] } },
{ "type": "Feature", "properties": { "CVEGEO_LOC": "130770055", "AÑO": 2014.0, "NOM_MUN": "Tulancingo de Bravo", "NOM_LOC": "Napateco", "Fuente de abastecimiento": "Planta Potabilizadora", "Coliformes Totales (Ausencia o Presencia/100mL)": "Presencia", "E. Coli (Ausencia o Presencia/100mL)": "Ausencia", "Arsenico (mg/L)": "0", "Bario (mg/L)": "0", "Cadmio (mg/L)": null, "Cobre (mg/L)": "0.04", "Hierro (mg/L)": "0.04", "Manganeso (mg/L)": "0.1", "Plomo (mg/L)": "0", "Zinc (mg/L)": "0.01", "Cianuros (mg/L)": "0.006", "Cloro Residual (mg/L)": "0", "Cloruros (mg/L)": "12.6", "Dureza Total (mg/L)": "39.99", "Fluoruros (mg/L)": "0.95", "Nitratos (mg/L)": "1.7", "Nitritos (mg/L)": "0.13", "Ph": "7.44", "SDT (mg/L)": "93.6", "Sulfatos (mg/L)": "9", "Cloro Total (mg/L)": "0", "Conductividad (muS/cm)": "187.3", "Temperatura (°C)": "18.6", "ID": "Tulancingo de Bravo_Napateco_Planta Potabilizadora" }, "geometry": { "type": "Point", "coordinates": [ -98.337909001504357, 20.132255668581664 ] } },
{ "type": "Feature", "properties": { "CVEGEO_LOC": "130770055", "AÑO": 2013.0, "NOM_MUN": "Tulancingo de Bravo", "NOM_LOC": "Napateco", "Fuente de abastecimiento": "Pozo Napateco", "Coliformes Totales (Ausencia o Presencia/100mL)": "Presencia", "E. Coli (Ausencia o Presencia/100mL)": "Ausencia", "Arsenico (mg/L)": "0", "Bario (mg/L)": "0", "Cadmio (mg/L)": null, "Cobre (mg/L)": "0.09", "Hierro (mg/L)": "0", "Manganeso (mg/L)": "0", "Plomo (mg/L)": "0.003", "Zinc (mg/L)": "0.06", "Cianuros (mg/L)": "0.006", "Cloro Residual (mg/L)": "0.1", "Cloruros (mg/L)": "5.2", "Dureza Total (mg/L)": "82.22", "Fluoruros (mg/L)": "0.65", "Nitratos (mg/L)": "1.3", "Nitritos (mg/L)": "0.001", "Ph": "7.09", "SDT (mg/L)": "75.3", "Sulfatos (mg/L)": "5", "Cloro Total (mg/L)": "0.1", "Conductividad (muS/cm)": "157.9", "Temperatura (°C)": "27.9", "ID": "Tulancingo de Bravo_Napateco_Pozo Napateco" }, "geometry": { "type": "Point", "coordinates": [ -98.344955996650285, 20.134917209911659 ] } },
{ "type": "Feature", "properties": { "CVEGEO_LOC": "130770087", "AÑO": 2016.0, "NOM_MUN": "Tulancingo de Bravo", "NOM_LOC": "San Nicolás el Chico [Rancho]", "Fuente de abastecimiento": "Pozo San Nicolás", "Coliformes Totales (Ausencia o Presencia/100mL)": "Presencia", "E. Coli (Ausencia o Presencia/100mL)": "Ausencia", "Arsenico (mg/L)": "0", "Bario (mg/L)": "0", "Cadmio (mg/L)": "ND", "Cobre (mg/L)": "0.67", "Hierro (mg/L)": "0", "Manganeso (mg/L)": "0", "Plomo (mg/L)": "0.01", "Zinc (mg/L)": "0.02", "Cianuros (mg/L)": "0", "Cloro Residual (mg/L)": "0", "Cloruros (mg/L)": "45673", "Dureza Total (mg/L)": "191.1", "Fluoruros (mg/L)": "0.11", "Nitratos (mg/L)": "0.6", "Nitritos (mg/L)": "15", "Ph": "7.16", "SDT (mg/L)": "202", "Sulfatos (mg/L)": "11", "Cloro Total (mg/L)": "0", "Conductividad (muS/cm)": "402", "Temperatura (°C)": "NR", "ID": "Tulancingo de Bravo_San Nicolás el Chico [Rancho]_Pozo San Nicolás" }, "geometry": { "type": "Point", "coordinates": [ -98.385373423584952, 20.093887004996624 ] } },
{ "type": "Feature", "properties": { "CVEGEO_LOC": "1307700990164800", "AÑO": 2022.0, "NOM_MUN": "Tulancingo de Bravo", "NOM_LOC": "Rancho Universitario", "Fuente de abastecimiento": "Venero Plan de Ayala", "Coliformes Totales (Ausencia o Presencia/100mL)": "Presencia", "E. Coli (Ausencia o Presencia/100mL)": "Presencia", "Arsenico (mg/L)": "0", "Bario (mg/L)": "0", "Cadmio (mg/L)": "0", "Cobre (mg/L)": "0.13", "Hierro (mg/L)": "0.05", "Manganeso (mg/L)": "0", "Plomo (mg/L)": "0", "Zinc (mg/L)": "0.03", "Cianuros (mg/L)": "0", "Cloro Residual (mg/L)": "0.06", "Cloruros (mg/L)": "104.44", "Dureza Total (mg/L)": "0.26", "Fluoruros (mg/L)": "0.26", "Nitratos (mg/L)": "0.9", "Nitritos (mg/L)": "7", "Ph": "6.96", "SDT (mg/L)": "16", "Sulfatos (mg/L)": "4", "Cloro Total (mg/L)": "0.02", "Conductividad (muS/cm)": "564", "Temperatura (°C)": "45829", "ID": "Tulancingo de Bravo_Rancho Universitario_Venero Plan de Ayala" }, "geometry": { "type": "Point", "coordinates": [ -98.381273796667557, 20.062658337881516 ] } },
{ "type": "Feature", "properties": { "CVEGEO_LOC": "1307700990164800", "AÑO": 2022.0, "NOM_MUN": "Tulancingo de Bravo", "NOM_LOC": "Rancho Universitario", "Fuente de abastecimiento": "Venero Plan de Ayala", "Coliformes Totales (Ausencia o Presencia/100mL)": "Presencia", "E. Coli (Ausencia o Presencia/100mL)": "Presencia", "Arsenico (mg/L)": "0", "Bario (mg/L)": "0", "Cadmio (mg/L)": "0", "Cobre (mg/L)": "0.13", "Hierro (mg/L)": "0.05", "Manganeso (mg/L)": "0", "Plomo (mg/L)": "0", "Zinc (mg/L)": "0.03", "Cianuros (mg/L)": "0", "Cloro Residual (mg/L)": "0.06", "Cloruros (mg/L)": "43.1", "Dureza Total (mg/L)": "104.44", "Fluoruros (mg/L)": "0.26", "Nitratos (mg/L)": "0.9", "Nitritos (mg/L)": "7", "Ph": "6.96", "SDT (mg/L)": "16", "Sulfatos (mg/L)": "4", "Cloro Total (mg/L)": "0.02", "Conductividad (muS/cm)": "564", "Temperatura (°C)": "NR", "ID": "Tulancingo de Bravo_Rancho Universitario_Venero Plan de Ayala" }, "geometry": { "type": "Point", "coordinates": [ -98.381273796667557, 20.062658337881516 ] } },
{ "type": "Feature", "properties": { "CVEGEO_LOC": "130780001", "AÑO": 2014.0, "NOM_MUN": "Xochiatipan", "NOM_LOC": "Xochiatipan", "Fuente de abastecimiento": "Cárcamo Puente Garces", "Coliformes Totales (Ausencia o Presencia/100mL)": "Presencia", "E. Coli (Ausencia o Presencia/100mL)": "Ausencia", "Arsenico (mg/L)": "0", "Bario (mg/L)": "0", "Cadmio (mg/L)": null, "Cobre (mg/L)": "0.13", "Hierro (mg/L)": "0.03", "Manganeso (mg/L)": "0", "Plomo (mg/L)": "0", "Zinc (mg/L)": "0.03", "Cianuros (mg/L)": "0.002", "Cloro Residual (mg/L)": "0.06", "Cloruros (mg/L)": "3.4", "Dureza Total (mg/L)": "115.55", "Fluoruros (mg/L)": "0.51", "Nitratos (mg/L)": "0.9", "Nitritos (mg/L)": "0.005", "Ph": "7.26", "SDT (mg/L)": "115.8", "Sulfatos (mg/L)": "10", "Cloro Total (mg/L)": "0.04", "Conductividad (muS/cm)": "114.3", "Temperatura (°C)": "27.9", "ID": "Xochiatipan_Xochiatipan_Cárcamo Puente Garces" }, "geometry": { "type": "Point", "coordinates": [ -98.28482715944493, 20.835311227491225 ] } },
{ "type": "Feature", "properties": { "CVEGEO_LOC": "130780001", "AÑO": 2014.0, "NOM_MUN": "Xochiatipan", "NOM_LOC": "Xochiatipan", "Fuente de abastecimiento": "Manantial Centro", "Coliformes Totales (Ausencia o Presencia/100mL)": "Presencia", "E. Coli (Ausencia o Presencia/100mL)": "Ausencia", "Arsenico (mg/L)": "0", "Bario (mg/L)": "0", "Cadmio (mg/L)": null, "Cobre (mg/L)": "0", "Hierro (mg/L)": "0.02", "Manganeso (mg/L)": "0", "Plomo (mg/L)": "0", "Zinc (mg/L)": "0.02", "Cianuros (mg/L)": "0.006", "Cloro Residual (mg/L)": "0.27", "Cloruros (mg/L)": "10.7", "Dureza Total (mg/L)": "128.88", "Fluoruros (mg/L)": "0.3", "Nitratos (mg/L)": "0", "Nitritos (mg/L)": "0.004", "Ph": "6.75", "SDT (mg/L)": "334", "Sulfatos (mg/L)": "18", "Cloro Total (mg/L)": "0.37", "Conductividad (muS/cm)": "324", "Temperatura (°C)": "23.9", "ID": "Xochiatipan_Xochiatipan_Manantial Centro" }, "geometry": { "type": "Point", "coordinates": [ -98.284099827108733, 20.831297205571651 ] } },
{ "type": "Feature", "properties": { "CVEGEO_LOC": "130780001", "AÑO": 2012.0, "NOM_MUN": "Xochiatipan", "NOM_LOC": "Xochiatipan", "Fuente de abastecimiento": "Manantial Plan del Agua", "Coliformes Totales (Ausencia o Presencia/100mL)": "Presencia", "E. Coli (Ausencia o Presencia/100mL)": "Presencia", "Arsenico (mg/L)": "0", "Bario (mg/L)": null, "Cadmio (mg/L)": null, "Cobre (mg/L)": "0.019", "Hierro (mg/L)": "0", "Manganeso (mg/L)": null, "Plomo (mg/L)": "0", "Zinc (mg/L)": "0.243", "Cianuros (mg/L)": "0.001", "Cloro Residual (mg/L)": "0.04", "Cloruros (mg/L)": "75", "Dureza Total (mg/L)": "333.33", "Fluoruros (mg/L)": "0.19", "Nitratos (mg/L)": "1.7", "Nitritos (mg/L)": "0", "Ph": "7.09", "SDT (mg/L)": "364", "Sulfatos (mg/L)": "2.5", "Cloro Total (mg/L)": "0", "Conductividad (muS/cm)": "726", "Temperatura (°C)": "23.2", "ID": "Xochiatipan_Xochiatipan_Manantial Plan del Agua" }, "geometry": { "type": "Point", "coordinates": [ -98.286583950264401, 20.833037586709295 ] } },
{ "type": "Feature", "properties": { "CVEGEO_LOC": "130780001", "AÑO": 2012.0, "NOM_MUN": "Xochiatipan", "NOM_LOC": "Xochiatipan", "Fuente de abastecimiento": "Manantial Tlapoxco", "Coliformes Totales (Ausencia o Presencia/100mL)": "Presencia", "E. Coli (Ausencia o Presencia/100mL)": "Presencia", "Arsenico (mg/L)": "0", "Bario (mg/L)": null, "Cadmio (mg/L)": null, "Cobre (mg/L)": "0.024", "Hierro (mg/L)": "0", "Manganeso (mg/L)": null, "Plomo (mg/L)": "0", "Zinc (mg/L)": "0.24", "Cianuros (mg/L)": "0.002", "Cloro Residual (mg/L)": "0.04", "Cloruros (mg/L)": "72", "Dureza Total (mg/L)": "344.441", "Fluoruros (mg/L)": "0.2", "Nitratos (mg/L)": "1.2", "Nitritos (mg/L)": "0.0027", "Ph": "6.89", "SDT (mg/L)": "366", "Sulfatos (mg/L)": "32.5", "Cloro Total (mg/L)": "0.04", "Conductividad (muS/cm)": "736", "Temperatura (°C)": "22.6", "ID": "Xochiatipan_Xochiatipan_Manantial Tlapoxco" }, "geometry": { "type": "Point", "coordinates": [ -98.288626668012739, 20.834790646032552 ] } },
{ "type": "Feature", "properties": { "CVEGEO_LOC": "130780008", "AÑO": 2015.0, "NOM_MUN": "Xochiatipan", "NOM_LOC": "Atlalco", "Fuente de abastecimiento": "Manantial Tenexpni", "Coliformes Totales (Ausencia o Presencia/100mL)": "Presencia", "E. Coli (Ausencia o Presencia/100mL)": "Ausencia", "Arsenico (mg/L)": "0", "Bario (mg/L)": "0", "Cadmio (mg/L)": null, "Cobre (mg/L)": "0.01", "Hierro (mg/L)": "0", "Manganeso (mg/L)": "0", "Plomo (mg/L)": "0", "Zinc (mg/L)": "0.3", "Cianuros (mg/L)": "0", "Cloro Residual (mg/L)": "0", "Cloruros (mg/L)": "2.8", "Dureza Total (mg/L)": "255.55", "Fluoruros (mg/L)": "0.07", "Nitratos (mg/L)": "0.1", "Nitritos (mg/L)": "0.6", "Ph": "7.81", "SDT (mg/L)": "276", "Sulfatos (mg/L)": "0", "Cloro Total (mg/L)": "0", "Conductividad (muS/cm)": "384", "Temperatura (°C)": "30.1", "ID": "Xochiatipan_Atlalco_Manantial Tenexpni" }, "geometry": { "type": "Point", "coordinates": [ -98.286446528703607, 20.819697117157887 ] } },
{ "type": "Feature", "properties": { "CVEGEO_LOC": "130780017", "AÑO": 2023.0, "NOM_MUN": "Xochiatipan", "NOM_LOC": "Ohuatipa", "Fuente de abastecimiento": "Manantial Ohuatipa", "Coliformes Totales (Ausencia o Presencia/100mL)": "Presencia", "E. Coli (Ausencia o Presencia/100mL)": "Ausencia", "Arsenico (mg/L)": "0", "Bario (mg/L)": "0", "Cadmio (mg/L)": "0", "Cobre (mg/L)": "0.52", "Hierro (mg/L)": "0.03", "Manganeso (mg/L)": "0.1", "Plomo (mg/L)": "0", "Zinc (mg/L)": "0.03", "Cianuros (mg/L)": "0.01", "Cloro Residual (mg/L)": "0", "Cloruros (mg/L)": "6", "Dureza Total (mg/L)": "24.44", "Fluoruros (mg/L)": "0", "Nitratos (mg/L)": "0.4", "Nitritos (mg/L)": "0.005", "Ph": "7.3", "SDT (mg/L)": "31.1", "Sulfatos (mg/L)": "46", "Cloro Total (mg/L)": "0", "Conductividad (muS/cm)": "106", "Temperatura (°C)": "26.1", "ID": "Xochiatipan_Ohuatipa_Manantial Ohuatipa" }, "geometry": { "type": "Point", "coordinates": [ -98.268729099890152, 20.894230822502543 ] } },
{ "type": "Feature", "properties": { "CVEGEO_LOC": "130780019", "AÑO": 2013.0, "NOM_MUN": "Xochiatipan", "NOM_LOC": "Pesmayo", "Fuente de abastecimiento": "Manantial Pesmayo", "Coliformes Totales (Ausencia o Presencia/100mL)": "Presencia", "E. Coli (Ausencia o Presencia/100mL)": "Ausencia", "Arsenico (mg/L)": "0", "Bario (mg/L)": "0", "Cadmio (mg/L)": null, "Cobre (mg/L)": "0.018", "Hierro (mg/L)": "0", "Manganeso (mg/L)": "0", "Plomo (mg/L)": "0", "Zinc (mg/L)": "0.18", "Cianuros (mg/L)": "0.001", "Cloro Residual (mg/L)": "0.02", "Cloruros (mg/L)": "48.5", "Dureza Total (mg/L)": "243.51", "Fluoruros (mg/L)": "0.2", "Nitratos (mg/L)": "0.7", "Nitritos (mg/L)": "0.0017", "Ph": "7.5", "SDT (mg/L)": "296", "Sulfatos (mg/L)": "45.5", "Cloro Total (mg/L)": "0.01", "Conductividad (muS/cm)": "551.7", "Temperatura (°C)": "25.9", "ID": "Xochiatipan_Pesmayo_Manantial Pesmayo" }, "geometry": { "type": "Point", "coordinates": [ -98.289557215020665, 20.824788640964996 ] } },
{ "type": "Feature", "properties": { "CVEGEO_LOC": "130780020", "AÑO": 2013.0, "NOM_MUN": "Xochiatipan", "NOM_LOC": "Pocantla", "Fuente de abastecimiento": "Manantial La Pila 1", "Coliformes Totales (Ausencia o Presencia/100mL)": "Presencia", "E. Coli (Ausencia o Presencia/100mL)": "Ausencia", "Arsenico (mg/L)": "0", "Bario (mg/L)": "0", "Cadmio (mg/L)": null, "Cobre (mg/L)": "0.03", "Hierro (mg/L)": "0", "Manganeso (mg/L)": "0.01", "Plomo (mg/L)": "0", "Zinc (mg/L)": "0.21", "Cianuros (mg/L)": "0.001", "Cloro Residual (mg/L)": "0.03", "Cloruros (mg/L)": "65", "Dureza Total (mg/L)": "350.11", "Fluoruros (mg/L)": "0.19", "Nitratos (mg/L)": "0.9", "Nitritos (mg/L)": "0.0021", "Ph": "7.01", "SDT (mg/L)": "360", "Sulfatos (mg/L)": "40.1", "Cloro Total (mg/L)": "0.02", "Conductividad (muS/cm)": "634.2", "Temperatura (°C)": "20.4", "ID": "Xochiatipan_Pocantla_Manantial La Pila 1" }, "geometry": { "type": "Point", "coordinates": [ -98.313891551520868, 20.842922001811061 ] } },
{ "type": "Feature", "properties": { "CVEGEO_LOC": "130780029", "AÑO": 2015.0, "NOM_MUN": "Xochiatipan", "NOM_LOC": "Zacatlán", "Fuente de abastecimiento": "Tanque Chililjte", "Coliformes Totales (Ausencia o Presencia/100mL)": "Presencia", "E. Coli (Ausencia o Presencia/100mL)": "Ausencia", "Arsenico (mg/L)": "0", "Bario (mg/L)": "0", "Cadmio (mg/L)": null, "Cobre (mg/L)": "0.01", "Hierro (mg/L)": "0", "Manganeso (mg/L)": "0", "Plomo (mg/L)": "0", "Zinc (mg/L)": "0.3", "Cianuros (mg/L)": "0", "Cloro Residual (mg/L)": "0", "Cloruros (mg/L)": "2.8", "Dureza Total (mg/L)": "255.55", "Fluoruros (mg/L)": "0.07", "Nitratos (mg/L)": "0.4", "Nitritos (mg/L)": "0.6", "Ph": "7.81", "SDT (mg/L)": "276", "Sulfatos (mg/L)": "0", "Cloro Total (mg/L)": "0", "Conductividad (muS/cm)": "384", "Temperatura (°C)": "30.1", "ID": "Xochiatipan_Zacatlán_Tanque Chililjte" }, "geometry": { "type": "Point", "coordinates": [ -98.272999575346375, 20.820428587609232 ] } },
{ "type": "Feature", "properties": { "CVEGEO_LOC": "130780033", "AÑO": 2012.0, "NOM_MUN": "Xochiatipan", "NOM_LOC": "Nuevo Acatepec (Mezcalapa)", "Fuente de abastecimiento": "Manantial Mezcalpa", "Coliformes Totales (Ausencia o Presencia/100mL)": "Presencia", "E. Coli (Ausencia o Presencia/100mL)": "Presencia", "Arsenico (mg/L)": "1", "Bario (mg/L)": "ND", "Cadmio (mg/L)": "ND", "Cobre (mg/L)": "491", "Hierro (mg/L)": "18", "Manganeso (mg/L)": "ND", "Plomo (mg/L)": "18", "Zinc (mg/L)": "98", "Cianuros (mg/L)": "5", "Cloro Residual (mg/L)": "0.06", "Cloruros (mg/L)": "49.5", "Dureza Total (mg/L)": "399996", "Fluoruros (mg/L)": "0.05", "Nitratos (mg/L)": "0.4", "Nitritos (mg/L)": "22", "Ph": "6.43", "SDT (mg/L)": "45857", "Sulfatos (mg/L)": "0.8", "Cloro Total (mg/L)": "0.05", "Conductividad (muS/cm)": "40.9", "Temperatura (°C)": "45739", "ID": "Xochiatipan_Nuevo Acatepec (Mezcalapa)_Manantial Mezcalpa" }, "geometry": { "type": "Point", "coordinates": [ -98.292895238681169, 20.92742609403475 ] } },
{ "type": "Feature", "properties": { "CVEGEO_LOC": "130790001", "AÑO": 2012.0, "NOM_MUN": "Xochicoatlán", "NOM_LOC": "Xochicoatlán", "Fuente de abastecimiento": "Cárcamo Las Cruces", "Coliformes Totales (Ausencia o Presencia/100mL)": "Presencia", "E. Coli (Ausencia o Presencia/100mL)": "Ausencia", "Arsenico (mg/L)": "0.001", "Bario (mg/L)": null, "Cadmio (mg/L)": null, "Cobre (mg/L)": "0.843", "Hierro (mg/L)": "0.067", "Manganeso (mg/L)": null, "Plomo (mg/L)": "0.19", "Zinc (mg/L)": "0.07", "Cianuros (mg/L)": "0.009", "Cloro Residual (mg/L)": "0.02", "Cloruros (mg/L)": "46.35", "Dureza Total (mg/L)": "95.5546", "Fluoruros (mg/L)": "0.4", "Nitratos (mg/L)": "2.4", "Nitritos (mg/L)": "0.0045", "Ph": "6.53", "SDT (mg/L)": "130", "Sulfatos (mg/L)": "7.5", "Cloro Total (mg/L)": "0.01", "Conductividad (muS/cm)": "141.4", "Temperatura (°C)": "18", "ID": "Xochicoatlán_Xochicoatlán_Cárcamo Las Cruces" }, "geometry": { "type": "Point", "coordinates": [ -98.677963144375809, 20.778429365540163 ] } },
{ "type": "Feature", "properties": { "CVEGEO_LOC": "130790001", "AÑO": 2013.0, "NOM_MUN": "Xochicoatlán", "NOM_LOC": "Xochicoatlán", "Fuente de abastecimiento": "Manantial \"Plan del Agua\"", "Coliformes Totales (Ausencia o Presencia/100mL)": "Presencia", "E. Coli (Ausencia o Presencia/100mL)": "Ausencia", "Arsenico (mg/L)": "0", "Bario (mg/L)": "0", "Cadmio (mg/L)": null, "Cobre (mg/L)": "0", "Hierro (mg/L)": "0", "Manganeso (mg/L)": "0", "Plomo (mg/L)": "0", "Zinc (mg/L)": "0.01", "Cianuros (mg/L)": "0.001", "Cloro Residual (mg/L)": "0", "Cloruros (mg/L)": "50.4", "Dureza Total (mg/L)": "275.4", "Fluoruros (mg/L)": "0.1", "Nitratos (mg/L)": "0", "Nitritos (mg/L)": "0", "Ph": "6.9", "SDT (mg/L)": "180", "Sulfatos (mg/L)": "80", "Cloro Total (mg/L)": "0.1", "Conductividad (muS/cm)": "204", "Temperatura (°C)": "20", "ID": "Xochicoatlán_Xochicoatlán_Manantial \"Plan del Agua\"" }, "geometry": { "type": "Point", "coordinates": [ -98.679617646779207, 20.775878867784755 ] } },
{ "type": "Feature", "properties": { "CVEGEO_LOC": "130790001", "AÑO": 2014.0, "NOM_MUN": "Xochicoatlán", "NOM_LOC": "Xochicoatlán", "Fuente de abastecimiento": "Manantial Callejón \"La Pila\"", "Coliformes Totales (Ausencia o Presencia/100mL)": "Presencia", "E. Coli (Ausencia o Presencia/100mL)": "Ausencia", "Arsenico (mg/L)": "0", "Bario (mg/L)": "0", "Cadmio (mg/L)": null, "Cobre (mg/L)": "0.29", "Hierro (mg/L)": "0.01", "Manganeso (mg/L)": "0", "Plomo (mg/L)": "0", "Zinc (mg/L)": "0.01", "Cianuros (mg/L)": "0.002", "Cloro Residual (mg/L)": "0", "Cloruros (mg/L)": "2.6", "Dureza Total (mg/L)": "122.22", "Fluoruros (mg/L)": "0", "Nitratos (mg/L)": "1", "Nitritos (mg/L)": "0.001", "Ph": "7", "SDT (mg/L)": "125.9", "Sulfatos (mg/L)": "3", "Cloro Total (mg/L)": "0", "Conductividad (muS/cm)": "363", "Temperatura (°C)": "20.3", "ID": "Xochicoatlán_Xochicoatlán_Manantial Callejón \"La Pila\"" }, "geometry": { "type": "Point", "coordinates": [ -98.682920958035851, 20.774562696792827 ] } },
{ "type": "Feature", "properties": { "CVEGEO_LOC": "130790001", "AÑO": 2015.0, "NOM_MUN": "Xochicoatlán", "NOM_LOC": "Xochicoatlán", "Fuente de abastecimiento": "Manantial La Peña", "Coliformes Totales (Ausencia o Presencia/100mL)": "Presencia", "E. Coli (Ausencia o Presencia/100mL)": "Ausencia", "Arsenico (mg/L)": "0", "Bario (mg/L)": "0", "Cadmio (mg/L)": null, "Cobre (mg/L)": "0", "Hierro (mg/L)": "0", "Manganeso (mg/L)": "0", "Plomo (mg/L)": "0", "Zinc (mg/L)": "0.06", "Cianuros (mg/L)": "0", "Cloro Residual (mg/L)": "0", "Cloruros (mg/L)": "1.8", "Dureza Total (mg/L)": "153.33", "Fluoruros (mg/L)": "0.47", "Nitratos (mg/L)": "1.7", "Nitritos (mg/L)": "0.001", "Ph": "6.8", "SDT (mg/L)": "245.8", "Sulfatos (mg/L)": "7", "Cloro Total (mg/L)": "0", "Conductividad (muS/cm)": "341.7", "Temperatura (°C)": "18.3", "ID": "Xochicoatlán_Xochicoatlán_Manantial La Peña" }, "geometry": { "type": "Point", "coordinates": [ -98.687113619273561, 20.77392943950851 ] } },
{ "type": "Feature", "properties": { "CVEGEO_LOC": "130790001", "AÑO": 2014.0, "NOM_MUN": "Xochicoatlán", "NOM_LOC": "Xochicoatlán", "Fuente de abastecimiento": "Manantial Plan del Agua", "Coliformes Totales (Ausencia o Presencia/100mL)": "Presencia", "E. Coli (Ausencia o Presencia/100mL)": "Presencia", "Arsenico (mg/L)": "0", "Bario (mg/L)": "0", "Cadmio (mg/L)": null, "Cobre (mg/L)": "0.39", "Hierro (mg/L)": "0", "Manganeso (mg/L)": "0", "Plomo (mg/L)": "0", "Zinc (mg/L)": "0.03", "Cianuros (mg/L)": "0.003", "Cloro Residual (mg/L)": "0", "Cloruros (mg/L)": "4.6", "Dureza Total (mg/L)": "155.55", "Fluoruros (mg/L)": "0", "Nitratos (mg/L)": "0.8", "Nitritos (mg/L)": "0.004", "Ph": "7", "SDT (mg/L)": "153", "Sulfatos (mg/L)": "6", "Cloro Total (mg/L)": "0", "Conductividad (muS/cm)": "280", "Temperatura (°C)": "22", "ID": "Xochicoatlán_Xochicoatlán_Manantial Plan del Agua" }, "geometry": { "type": "Point", "coordinates": [ -98.689959044935449, 20.774217423165787 ] } },
{ "type": "Feature", "properties": { "CVEGEO_LOC": "130790001", "AÑO": 2016.0, "NOM_MUN": "Xochicoatlán", "NOM_LOC": "Xochicoatlán", "Fuente de abastecimiento": "Manantial Tiapozco", "Coliformes Totales (Ausencia o Presencia/100mL)": "Presencia", "E. Coli (Ausencia o Presencia/100mL)": "Ausencia", "Arsenico (mg/L)": "0", "Bario (mg/L)": "0", "Cadmio (mg/L)": "ND", "Cobre (mg/L)": "0.01", "Hierro (mg/L)": "0", "Manganeso (mg/L)": "0", "Plomo (mg/L)": "0", "Zinc (mg/L)": "0.04", "Cianuros (mg/L)": "1", "Cloro Residual (mg/L)": "0", "Cloruros (mg/L)": "45683", "Dureza Total (mg/L)": "136.65", "Fluoruros (mg/L)": "0.5", "Nitratos (mg/L)": "45870", "Nitritos (mg/L)": "2", "Ph": "7", "SDT (mg/L)": "123.1", "Sulfatos (mg/L)": "45784", "Cloro Total (mg/L)": "0.01", "Conductividad (muS/cm)": "276", "Temperatura (°C)": "45890", "ID": "Xochicoatlán_Xochicoatlán_Manantial Tiapozco" }, "geometry": { "type": "Point", "coordinates": [ -98.687857927425881, 20.775684351954077 ] } },
{ "type": "Feature", "properties": { "CVEGEO_LOC": "130790001", "AÑO": 2012.0, "NOM_MUN": "Xochicoatlán", "NOM_LOC": "Xochicoatlán", "Fuente de abastecimiento": "Manantial Zopotitla", "Coliformes Totales (Ausencia o Presencia/100mL)": "Presencia", "E. Coli (Ausencia o Presencia/100mL)": "Ausencia", "Arsenico (mg/L)": "0.001", "Bario (mg/L)": null, "Cadmio (mg/L)": null, "Cobre (mg/L)": "0.639", "Hierro (mg/L)": "0.026", "Manganeso (mg/L)": null, "Plomo (mg/L)": "0.2", "Zinc (mg/L)": "0.04", "Cianuros (mg/L)": "0.005", "Cloro Residual (mg/L)": "0.02", "Cloruros (mg/L)": "42.75", "Dureza Total (mg/L)": "77.777", "Fluoruros (mg/L)": "0.45", "Nitratos (mg/L)": "0.5", "Nitritos (mg/L)": "0.0092", "Ph": "6.78", "SDT (mg/L)": "102.8", "Sulfatos (mg/L)": "5", "Cloro Total (mg/L)": "0", "Conductividad (muS/cm)": "155.8", "Temperatura (°C)": "18.2", "ID": "Xochicoatlán_Xochicoatlán_Manantial Zopotitla" }, "geometry": { "type": "Point", "coordinates": [ -98.684821836177548, 20.777312824422793 ] } },
{ "type": "Feature", "properties": { "CVEGEO_LOC": "130790001", "AÑO": 2018.0, "NOM_MUN": "Xochicoatlán", "NOM_LOC": "Xochicoatlán", "Fuente de abastecimiento": "Río Chacalapa", "Coliformes Totales (Ausencia o Presencia/100mL)": "Presencia", "E. Coli (Ausencia o Presencia/100mL)": "Presencia", "Arsenico (mg/L)": "0", "Bario (mg/L)": "0", "Cadmio (mg/L)": "0", "Cobre (mg/L)": "0", "Hierro (mg/L)": "0", "Manganeso (mg/L)": "0", "Plomo (mg/L)": "0", "Zinc (mg/L)": "0.01", "Cianuros (mg/L)": "0.002", "Cloro Residual (mg/L)": "0", "Cloruros (mg/L)": "48", "Dureza Total (mg/L)": "363.33", "Fluoruros (mg/L)": "0", "Nitratos (mg/L)": "0", "Nitritos (mg/L)": "0.1", "Ph": "7.89", "SDT (mg/L)": "33.5", "Sulfatos (mg/L)": "80", "Cloro Total (mg/L)": "0.03", "Conductividad (muS/cm)": "48.7", "Temperatura (°C)": "20.3", "ID": "Xochicoatlán_Xochicoatlán_Río Chacalapa" }, "geometry": { "type": "Point", "coordinates": [ -98.680780453673094, 20.778119165918955 ] } },
{ "type": "Feature", "properties": { "CVEGEO_LOC": "130790001", "AÑO": 2018.0, "NOM_MUN": "Xochicoatlán", "NOM_LOC": "Xochicoatlán", "Fuente de abastecimiento": "Tanque Barrio Campo Santo", "Coliformes Totales (Ausencia o Presencia/100mL)": "Presencia", "E. Coli (Ausencia o Presencia/100mL)": "Ausencia", "Arsenico (mg/L)": "0", "Bario (mg/L)": "0", "Cadmio (mg/L)": "0", "Cobre (mg/L)": "0.4", "Hierro (mg/L)": "0", "Manganeso (mg/L)": "0", "Plomo (mg/L)": "0", "Zinc (mg/L)": "0", "Cianuros (mg/L)": "0.02", "Cloro Residual (mg/L)": "0", "Cloruros (mg/L)": "5.6", "Dureza Total (mg/L)": "155.55", "Fluoruros (mg/L)": "0", "Nitratos (mg/L)": "0.4", "Nitritos (mg/L)": "0.001", "Ph": "7.95", "SDT (mg/L)": "15.3", "Sulfatos (mg/L)": "19.3", "Cloro Total (mg/L)": "0", "Conductividad (muS/cm)": "37.8", "Temperatura (°C)": "19", "ID": "Xochicoatlán_Xochicoatlán_Tanque Barrio Campo Santo" }, "geometry": { "type": "Point", "coordinates": [ -98.677464752253059, 20.779406007730888 ] } },
{ "type": "Feature", "properties": { "CVEGEO_LOC": "130790003", "AÑO": 2016.0, "NOM_MUN": "Xochicoatlán", "NOM_LOC": "Acomulco", "Fuente de abastecimiento": "Pozo Acomulco", "Coliformes Totales (Ausencia o Presencia/100mL)": "Presencia", "E. Coli (Ausencia o Presencia/100mL)": "Ausencia", "Arsenico (mg/L)": "0", "Bario (mg/L)": "0", "Cadmio (mg/L)": "ND", "Cobre (mg/L)": "45658", "Hierro (mg/L)": "0.01", "Manganeso (mg/L)": "0", "Plomo (mg/L)": "0", "Zinc (mg/L)": "0.05", "Cianuros (mg/L)": "3", "Cloro Residual (mg/L)": "0", "Cloruros (mg/L)": "45659", "Dureza Total (mg/L)": "117.77", "Fluoruros (mg/L)": "0.5", "Nitratos (mg/L)": "0.3", "Nitritos (mg/L)": "1", "Ph": "45844", "SDT (mg/L)": "117.8", "Sulfatos (mg/L)": "4", "Cloro Total (mg/L)": "0", "Conductividad (muS/cm)": "276", "Temperatura (°C)": "45770", "ID": "Xochicoatlán_Acomulco_Pozo Acomulco" }, "geometry": { "type": "Point", "coordinates": [ -98.714357010155624, 20.7945365492495 ] } },
{ "type": "Feature", "properties": { "CVEGEO_LOC": "130790022", "AÑO": 2015.0, "NOM_MUN": "Xochicoatlán", "NOM_LOC": "Tototla", "Fuente de abastecimiento": "Manantial Tototla", "Coliformes Totales (Ausencia o Presencia/100mL)": "Presencia", "E. Coli (Ausencia o Presencia/100mL)": "Ausencia", "Arsenico (mg/L)": "0", "Bario (mg/L)": "0", "Cadmio (mg/L)": null, "Cobre (mg/L)": "0", "Hierro (mg/L)": "0", "Manganeso (mg/L)": "0", "Plomo (mg/L)": "0", "Zinc (mg/L)": "0.07", "Cianuros (mg/L)": "0", "Cloro Residual (mg/L)": "0", "Cloruros (mg/L)": "2.4", "Dureza Total (mg/L)": "166.88", "Fluoruros (mg/L)": "0.52", "Nitratos (mg/L)": "0.5", "Nitritos (mg/L)": "0.005", "Ph": "7.5", "SDT (mg/L)": "87", "Sulfatos (mg/L)": "4", "Cloro Total (mg/L)": "0", "Conductividad (muS/cm)": "126.1", "Temperatura (°C)": "19.4", "ID": "Xochicoatlán_Tototla_Manantial Tototla" }, "geometry": { "type": "Point", "coordinates": [ -98.665159429969094, 20.78354176817329 ] } },
{ "type": "Feature", "properties": { "CVEGEO_LOC": "130790023", "AÑO": 2013.0, "NOM_MUN": "Xochicoatlán", "NOM_LOC": "Tuzancoac", "Fuente de abastecimiento": "Arroyo \"Agua Fría\"", "Coliformes Totales (Ausencia o Presencia/100mL)": "Presencia", "E. Coli (Ausencia o Presencia/100mL)": "Ausencia", "Arsenico (mg/L)": "0", "Bario (mg/L)": "0", "Cadmio (mg/L)": null, "Cobre (mg/L)": "0", "Hierro (mg/L)": "0", "Manganeso (mg/L)": "0", "Plomo (mg/L)": "0", "Zinc (mg/L)": "0.01", "Cianuros (mg/L)": "0.001", "Cloro Residual (mg/L)": "0", "Cloruros (mg/L)": "45", "Dureza Total (mg/L)": "363.11", "Fluoruros (mg/L)": "0.1", "Nitratos (mg/L)": "0.1", "Nitritos (mg/L)": "0", "Ph": "7.5", "SDT (mg/L)": "340", "Sulfatos (mg/L)": "80", "Cloro Total (mg/L)": "0.1", "Conductividad (muS/cm)": "560", "Temperatura (°C)": "20.1", "ID": "Xochicoatlán_Tuzancoac_Arroyo \"Agua Fría\"" }, "geometry": { "type": "Point", "coordinates": [ -98.554566063884508, 20.854114466500299 ] } },
{ "type": "Feature", "properties": { "CVEGEO_LOC": "130800001", "AÑO": 2013.0, "NOM_MUN": "Yahualica", "NOM_LOC": "Yahualica", "Fuente de abastecimiento": "NR", "Coliformes Totales (Ausencia o Presencia/100mL)": "Presencia", "E. Coli (Ausencia o Presencia/100mL)": "Presencia", "Arsenico (mg/L)": "0", "Bario (mg/L)": "0", "Cadmio (mg/L)": null, "Cobre (mg/L)": "0.014", "Hierro (mg/L)": "0", "Manganeso (mg/L)": "0", "Plomo (mg/L)": "0", "Zinc (mg/L)": "0.009", "Cianuros (mg/L)": "0", "Cloro Residual (mg/L)": "0.06", "Cloruros (mg/L)": "52.5", "Dureza Total (mg/L)": "211.11", "Fluoruros (mg/L)": "0", "Nitratos (mg/L)": "0.5", "Nitritos (mg/L)": "0.0039", "Ph": "7.32", "SDT (mg/L)": "232", "Sulfatos (mg/L)": "0", "Cloro Total (mg/L)": "0", "Conductividad (muS/cm)": "497", "Temperatura (°C)": "18.2", "ID": "Yahualica_Yahualica_NR" }, "geometry": { "type": "Point", "coordinates": [ -98.382201457755443, 20.950880196814758 ] } },
{ "type": "Feature", "properties": { "CVEGEO_LOC": "130800001", "AÑO": 2014.0, "NOM_MUN": "Yahualica", "NOM_LOC": "Yahualica", "Fuente de abastecimiento": "Pozo 5 de Mayo", "Coliformes Totales (Ausencia o Presencia/100mL)": "Presencia", "E. Coli (Ausencia o Presencia/100mL)": "Presencia", "Arsenico (mg/L)": "0", "Bario (mg/L)": "0", "Cadmio (mg/L)": null, "Cobre (mg/L)": "0", "Hierro (mg/L)": "0", "Manganeso (mg/L)": "0", "Plomo (mg/L)": "0", "Zinc (mg/L)": "0.2", "Cianuros (mg/L)": "0.002", "Cloro Residual (mg/L)": "0.02", "Cloruros (mg/L)": "62", "Dureza Total (mg/L)": "233.33", "Fluoruros (mg/L)": "0", "Nitratos (mg/L)": "0.2", "Nitritos (mg/L)": "0.0011", "Ph": "6.37", "SDT (mg/L)": "165", "Sulfatos (mg/L)": "0", "Cloro Total (mg/L)": "0", "Conductividad (muS/cm)": "234", "Temperatura (°C)": "25.8", "ID": "Yahualica_Yahualica_Pozo 5 de Mayo" }, "geometry": { "type": "Point", "coordinates": [ -98.380000684872186, 20.956650219691134 ] } },
{ "type": "Feature", "properties": { "CVEGEO_LOC": "130800001", "AÑO": 2015.0, "NOM_MUN": "Yahualica", "NOM_LOC": "Yahualica", "Fuente de abastecimiento": "Tanque Iglesia", "Coliformes Totales (Ausencia o Presencia/100mL)": "Presencia", "E. Coli (Ausencia o Presencia/100mL)": "Presencia", "Arsenico (mg/L)": "0", "Bario (mg/L)": "0", "Cadmio (mg/L)": null, "Cobre (mg/L)": "0", "Hierro (mg/L)": "0", "Manganeso (mg/L)": "0", "Plomo (mg/L)": "0", "Zinc (mg/L)": "0.1", "Cianuros (mg/L)": "0.001", "Cloro Residual (mg/L)": "0.2", "Cloruros (mg/L)": "51", "Dureza Total (mg/L)": "223.22", "Fluoruros (mg/L)": "0", "Nitratos (mg/L)": "0.1", "Nitritos (mg/L)": "0.001", "Ph": "8.35", "SDT (mg/L)": "206.3", "Sulfatos (mg/L)": "0", "Cloro Total (mg/L)": "0.1", "Conductividad (muS/cm)": "545", "Temperatura (°C)": "27.3", "ID": "Yahualica_Yahualica_Tanque Iglesia" }, "geometry": { "type": "Point", "coordinates": [ -98.380155964019821, 20.952539133656479 ] } },
{ "type": "Feature", "properties": { "CVEGEO_LOC": "130800005", "AÑO": 2016.0, "NOM_MUN": "Yahualica", "NOM_LOC": "Atlalco", "Fuente de abastecimiento": "Manantial Tepetzquintengo", "Coliformes Totales (Ausencia o Presencia/100mL)": "Presencia", "E. Coli (Ausencia o Presencia/100mL)": "Presencia", "Arsenico (mg/L)": "0", "Bario (mg/L)": "0", "Cadmio (mg/L)": "ND", "Cobre (mg/L)": "0", "Hierro (mg/L)": "0.02", "Manganeso (mg/L)": "0", "Plomo (mg/L)": "0", "Zinc (mg/L)": "0.01", "Cianuros (mg/L)": "1", "Cloro Residual (mg/L)": "0.07", "Cloruros (mg/L)": "45855", "Dureza Total (mg/L)": "125.25", "Fluoruros (mg/L)": "0.32", "Nitratos (mg/L)": "0", "Nitritos (mg/L)": "3", "Ph": "6.82", "SDT (mg/L)": "326", "Sulfatos (mg/L)": "28", "Cloro Total (mg/L)": "0.03", "Conductividad (muS/cm)": "571", "Temperatura (°C)": "45772", "ID": "Yahualica_Atlalco_Manantial Tepetzquintengo" }, "geometry": { "type": "Point", "coordinates": [ -98.328773917033516, 20.915465999369573 ] } },
{ "type": "Feature", "properties": { "CVEGEO_LOC": "1308000080028800", "AÑO": 2015.0, "NOM_MUN": "Yahualica", "NOM_LOC": "Hueyactétl", "Fuente de abastecimiento": "Tanque de Distribución", "Coliformes Totales (Ausencia o Presencia/100mL)": "Presencia", "E. Coli (Ausencia o Presencia/100mL)": "Presencia", "Arsenico (mg/L)": "0", "Bario (mg/L)": "0", "Cadmio (mg/L)": null, "Cobre (mg/L)": "0", "Hierro (mg/L)": "0", "Manganeso (mg/L)": "0", "Plomo (mg/L)": "0", "Zinc (mg/L)": "0.1", "Cianuros (mg/L)": "0.001", "Cloro Residual (mg/L)": "0.1", "Cloruros (mg/L)": "36", "Dureza Total (mg/L)": "201.11", "Fluoruros (mg/L)": "0", "Nitratos (mg/L)": "0.1", "Nitritos (mg/L)": "0.002", "Ph": "8.2", "SDT (mg/L)": "306.9", "Sulfatos (mg/L)": "3.1", "Cloro Total (mg/L)": "0.1", "Conductividad (muS/cm)": "455", "Temperatura (°C)": "30.8", "ID": "Yahualica_Hueyactétl_Tanque de Distribución" }, "geometry": { "type": "Point", "coordinates": [ -98.400407980830579, 20.965678625134164 ] } },
{ "type": "Feature", "properties": { "CVEGEO_LOC": "130800011", "AÑO": 2013.0, "NOM_MUN": "Yahualica", "NOM_LOC": "Mecatlán", "Fuente de abastecimiento": "Tanque de Almacenamiento", "Coliformes Totales (Ausencia o Presencia/100mL)": "Presencia", "E. Coli (Ausencia o Presencia/100mL)": "Presencia", "Arsenico (mg/L)": "0", "Bario (mg/L)": "0", "Cadmio (mg/L)": null, "Cobre (mg/L)": "0.02", "Hierro (mg/L)": "0", "Manganeso (mg/L)": "0", "Plomo (mg/L)": "0", "Zinc (mg/L)": "0.014", "Cianuros (mg/L)": "0", "Cloro Residual (mg/L)": "0.09", "Cloruros (mg/L)": "45.5", "Dureza Total (mg/L)": "208.88", "Fluoruros (mg/L)": "0.1", "Nitratos (mg/L)": "0.8", "Nitritos (mg/L)": "0.0017", "Ph": "7.89", "SDT (mg/L)": "255", "Sulfatos (mg/L)": "0", "Cloro Total (mg/L)": "0", "Conductividad (muS/cm)": "244", "Temperatura (°C)": "18", "ID": "Yahualica_Mecatlán_Tanque de Almacenamiento" }, "geometry": { "type": "Point", "coordinates": [ -98.402489222972264, 20.934479305163421 ] } },
{ "type": "Feature", "properties": { "CVEGEO_LOC": "130800016", "AÑO": 2012.0, "NOM_MUN": "Yahualica", "NOM_LOC": "Pepeyocatitla", "Fuente de abastecimiento": "Pozo La Providencia", "Coliformes Totales (Ausencia o Presencia/100mL)": "Presencia", "E. Coli (Ausencia o Presencia/100mL)": "Presencia", "Arsenico (mg/L)": "0.01", "Bario (mg/L)": null, "Cadmio (mg/L)": null, "Cobre (mg/L)": "0.455", "Hierro (mg/L)": "0.146", "Manganeso (mg/L)": null, "Plomo (mg/L)": "0.005", "Zinc (mg/L)": "0.021", "Cianuros (mg/L)": "0.002", "Cloro Residual (mg/L)": "0.02", "Cloruros (mg/L)": "61.5", "Dureza Total (mg/L)": "204.4424", "Fluoruros (mg/L)": "0.1", "Nitratos (mg/L)": "0.6", "Nitritos (mg/L)": "0.0064", "Ph": "7.1", "SDT (mg/L)": "415", "Sulfatos (mg/L)": "5", "Cloro Total (mg/L)": "0", "Conductividad (muS/cm)": "424", "Temperatura (°C)": "28.2", "ID": "Yahualica_Pepeyocatitla_Pozo La Providencia" }, "geometry": { "type": "Point", "coordinates": [ -98.396658038301638, 20.914843833699763 ] } },
{ "type": "Feature", "properties": { "CVEGEO_LOC": "130800017", "AÑO": 2012.0, "NOM_MUN": "Yahualica", "NOM_LOC": "Santa Teresa", "Fuente de abastecimiento": "Manantial El Fresno", "Coliformes Totales (Ausencia o Presencia/100mL)": "Presencia", "E. Coli (Ausencia o Presencia/100mL)": "Presencia", "Arsenico (mg/L)": "0.01", "Bario (mg/L)": null, "Cadmio (mg/L)": null, "Cobre (mg/L)": "0.32", "Hierro (mg/L)": "0", "Manganeso (mg/L)": null, "Plomo (mg/L)": "0.002", "Zinc (mg/L)": "0.022", "Cianuros (mg/L)": "0.007", "Cloro Residual (mg/L)": "0", "Cloruros (mg/L)": "58.25", "Dureza Total (mg/L)": "244.442", "Fluoruros (mg/L)": "0.12", "Nitratos (mg/L)": "0.2", "Nitritos (mg/L)": "0.0014", "Ph": "6.94", "SDT (mg/L)": "289", "Sulfatos (mg/L)": "0", "Cloro Total (mg/L)": "0.003", "Conductividad (muS/cm)": "565", "Temperatura (°C)": "25", "ID": "Yahualica_Santa Teresa_Manantial El Fresno" }, "geometry": { "type": "Point", "coordinates": [ -98.38278196548859, 20.890261143297828 ] } },
{ "type": "Feature", "properties": { "CVEGEO_LOC": "130800017", "AÑO": 2016.0, "NOM_MUN": "Yahualica", "NOM_LOC": "Santa Teresa", "Fuente de abastecimiento": "Sistema de Agua \"Canal de Llamada\"", "Coliformes Totales (Ausencia o Presencia/100mL)": "Presencia", "E. Coli (Ausencia o Presencia/100mL)": "Presencia", "Arsenico (mg/L)": "0", "Bario (mg/L)": "0", "Cadmio (mg/L)": "ND", "Cobre (mg/L)": "0", "Hierro (mg/L)": "0", "Manganeso (mg/L)": "0", "Plomo (mg/L)": "0", "Zinc (mg/L)": "0", "Cianuros (mg/L)": "4", "Cloro Residual (mg/L)": "0.01", "Cloruros (mg/L)": "34", "Dureza Total (mg/L)": "211.11", "Fluoruros (mg/L)": "0", "Nitratos (mg/L)": "0.4", "Nitritos (mg/L)": "0", "Ph": "7.36", "SDT (mg/L)": "298.2", "Sulfatos (mg/L)": "45719", "Cloro Total (mg/L)": "0.02", "Conductividad (muS/cm)": "309", "Temperatura (°C)": "34.6", "ID": "Yahualica_Santa Teresa_Sistema de Agua \"Canal de Llamada\"" }, "geometry": { "type": "Point", "coordinates": [ -98.385438124718348, 20.890747025135553 ] } },
{ "type": "Feature", "properties": { "CVEGEO_LOC": "130800024", "AÑO": 2016.0, "NOM_MUN": "Yahualica", "NOM_LOC": "Xochitl", "Fuente de abastecimiento": "Manantial", "Coliformes Totales (Ausencia o Presencia/100mL)": "Presencia", "E. Coli (Ausencia o Presencia/100mL)": "Presencia", "Arsenico (mg/L)": "0", "Bario (mg/L)": "0", "Cadmio (mg/L)": "ND", "Cobre (mg/L)": "0", "Hierro (mg/L)": "0.02", "Manganeso (mg/L)": "0", "Plomo (mg/L)": "0", "Zinc (mg/L)": "0.03", "Cianuros (mg/L)": "6", "Cloro Residual (mg/L)": "0", "Cloruros (mg/L)": "45827", "Dureza Total (mg/L)": "141.11", "Fluoruros (mg/L)": "0.26", "Nitratos (mg/L)": "0", "Nitritos (mg/L)": "6", "Ph": "6.62", "SDT (mg/L)": "323", "Sulfatos (mg/L)": "32", "Cloro Total (mg/L)": "0.17", "Conductividad (muS/cm)": "585", "Temperatura (°C)": "45863", "ID": "Yahualica_Xochitl_Manantial" }, "geometry": { "type": "Point", "coordinates": [ -98.35459405925053, 20.898515372224033 ] } },
{ "type": "Feature", "properties": { "CVEGEO_LOC": "130800024", "AÑO": 2014.0, "NOM_MUN": "Yahualica", "NOM_LOC": "Xóchitl", "Fuente de abastecimiento": "Noria San Miguel", "Coliformes Totales (Ausencia o Presencia/100mL)": "Presencia", "E. Coli (Ausencia o Presencia/100mL)": "Presencia", "Arsenico (mg/L)": "0", "Bario (mg/L)": "0", "Cadmio (mg/L)": null, "Cobre (mg/L)": "0", "Hierro (mg/L)": "0", "Manganeso (mg/L)": "0", "Plomo (mg/L)": "0", "Zinc (mg/L)": "0.19", "Cianuros (mg/L)": "0.001", "Cloro Residual (mg/L)": "0.06", "Cloruros (mg/L)": "59", "Dureza Total (mg/L)": "201.11", "Fluoruros (mg/L)": "0", "Nitratos (mg/L)": "0.1", "Nitritos (mg/L)": "0.003", "Ph": "7.14", "SDT (mg/L)": "355", "Sulfatos (mg/L)": "3", "Cloro Total (mg/L)": "0", "Conductividad (muS/cm)": "583", "Temperatura (°C)": "24.1", "ID": "Yahualica_Xóchitl_Noria San Miguel" }, "geometry": { "type": "Point", "coordinates": [ -98.355619858254329, 20.899090037267186 ] } },
{ "type": "Feature", "properties": { "CVEGEO_LOC": "130810001", "AÑO": 2013.0, "NOM_MUN": "Zacualtipán de Ángeles", "NOM_LOC": "Zacualtipán", "Fuente de abastecimiento": "Manantial \"Los Filtros\"", "Coliformes Totales (Ausencia o Presencia/100mL)": "Presencia", "E. Coli (Ausencia o Presencia/100mL)": "Presencia", "Arsenico (mg/L)": "0", "Bario (mg/L)": "0", "Cadmio (mg/L)": null, "Cobre (mg/L)": "0.01", "Hierro (mg/L)": "0.03", "Manganeso (mg/L)": "0", "Plomo (mg/L)": "0", "Zinc (mg/L)": "0.05", "Cianuros (mg/L)": "0.002", "Cloro Residual (mg/L)": "0.01", "Cloruros (mg/L)": "65.1", "Dureza Total (mg/L)": "75.55", "Fluoruros (mg/L)": "0", "Nitratos (mg/L)": "0.9", "Nitritos (mg/L)": "0.002", "Ph": "7.5", "SDT (mg/L)": "60.1", "Sulfatos (mg/L)": "80", "Cloro Total (mg/L)": "0.02", "Conductividad (muS/cm)": "145.6", "Temperatura (°C)": "19.1", "ID": "Zacualtipán de Ángeles_Zacualtipán_Manantial \"Los Filtros\"" }, "geometry": { "type": "Point", "coordinates": [ -98.654193788216531, 20.655133531608396 ] } },
{ "type": "Feature", "properties": { "CVEGEO_LOC": "130810001", "AÑO": 2016.0, "NOM_MUN": "Zacualtipán de Ángeles", "NOM_LOC": "Zacualtipán", "Fuente de abastecimiento": "Manantial Cacala", "Coliformes Totales (Ausencia o Presencia/100mL)": "Presencia", "E. Coli (Ausencia o Presencia/100mL)": "Ausencia", "Arsenico (mg/L)": "0", "Bario (mg/L)": "0", "Cadmio (mg/L)": "ND", "Cobre (mg/L)": "0.02", "Hierro (mg/L)": "0.01", "Manganeso (mg/L)": "0", "Plomo (mg/L)": "0", "Zinc (mg/L)": "0.03", "Cianuros (mg/L)": "3", "Cloro Residual (mg/L)": "0", "Cloruros (mg/L)": "60.4", "Dureza Total (mg/L)": "221.11", "Fluoruros (mg/L)": "45689", "Nitratos (mg/L)": "0.02", "Nitritos (mg/L)": "1", "Ph": "45844", "SDT (mg/L)": "116.8", "Sulfatos (mg/L)": "45906", "Cloro Total (mg/L)": "0.01", "Conductividad (muS/cm)": "274", "Temperatura (°C)": "45739", "ID": "Zacualtipán de Ángeles_Zacualtipán_Manantial Cacala" }, "geometry": { "type": "Point", "coordinates": [ -98.649153776335339, 20.650094124605712 ] } },
{ "type": "Feature", "properties": { "CVEGEO_LOC": "130810001", "AÑO": 2014.0, "NOM_MUN": "Zacualtipán de Ángeles", "NOM_LOC": "Zacualtipán", "Fuente de abastecimiento": "Manantial Los Filtros", "Coliformes Totales (Ausencia o Presencia/100mL)": "Presencia", "E. Coli (Ausencia o Presencia/100mL)": "Presencia", "Arsenico (mg/L)": "0", "Bario (mg/L)": "0", "Cadmio (mg/L)": null, "Cobre (mg/L)": "0.1", "Hierro (mg/L)": "0.03", "Manganeso (mg/L)": "0", "Plomo (mg/L)": "0", "Zinc (mg/L)": "0.02", "Cianuros (mg/L)": "0", "Cloro Residual (mg/L)": "0", "Cloruros (mg/L)": "1", "Dureza Total (mg/L)": "99.99", "Fluoruros (mg/L)": "0", "Nitratos (mg/L)": "0.5", "Nitritos (mg/L)": "0.003", "Ph": "6.83", "SDT (mg/L)": "21.6", "Sulfatos (mg/L)": "4", "Cloro Total (mg/L)": "0", "Conductividad (muS/cm)": "147", "Temperatura (°C)": "22.6", "ID": "Zacualtipán de Ángeles_Zacualtipán_Manantial Los Filtros" }, "geometry": { "type": "Point", "coordinates": [ -98.642318650263178, 20.645729009596078 ] } },
{ "type": "Feature", "properties": { "CVEGEO_LOC": "130810001", "AÑO": 2014.0, "NOM_MUN": "Zacualtipán de Ángeles", "NOM_LOC": "Zacualtipán", "Fuente de abastecimiento": "Manantial Providencia", "Coliformes Totales (Ausencia o Presencia/100mL)": "Presencia", "E. Coli (Ausencia o Presencia/100mL)": "Ausencia", "Arsenico (mg/L)": "0", "Bario (mg/L)": "0", "Cadmio (mg/L)": null, "Cobre (mg/L)": "0.7", "Hierro (mg/L)": "0", "Manganeso (mg/L)": "0", "Plomo (mg/L)": "0", "Zinc (mg/L)": "0.02", "Cianuros (mg/L)": "0", "Cloro Residual (mg/L)": "0", "Cloruros (mg/L)": "8.6", "Dureza Total (mg/L)": "128.88", "Fluoruros (mg/L)": "0.1", "Nitratos (mg/L)": "1", "Nitritos (mg/L)": "0.001", "Ph": "6.52", "SDT (mg/L)": "81.9", "Sulfatos (mg/L)": "5", "Cloro Total (mg/L)": "0", "Conductividad (muS/cm)": "593", "Temperatura (°C)": "23.4", "ID": "Zacualtipán de Ángeles_Zacualtipán_Manantial Providencia" }, "geometry": { "type": "Point", "coordinates": [ -98.647456165275344, 20.64519741262486 ] } },
{ "type": "Feature", "properties": { "CVEGEO_LOC": "130810001", "AÑO": 2012.0, "NOM_MUN": "Zacualtipán de Ángeles", "NOM_LOC": "Zacualtipán", "Fuente de abastecimiento": "Pozo 1", "Coliformes Totales (Ausencia o Presencia/100mL)": "Presencia", "E. Coli (Ausencia o Presencia/100mL)": "Presencia", "Arsenico (mg/L)": "0", "Bario (mg/L)": null, "Cadmio (mg/L)": null, "Cobre (mg/L)": "0.012", "Hierro (mg/L)": "0.036", "Manganeso (mg/L)": null, "Plomo (mg/L)": "0", "Zinc (mg/L)": "0.057", "Cianuros (mg/L)": "0.002", "Cloro Residual (mg/L)": "0.04", "Cloruros (mg/L)": "52.5", "Dureza Total (mg/L)": "68.8882", "Fluoruros (mg/L)": "0", "Nitratos (mg/L)": "0.7", "Nitritos (mg/L)": "0.0085", "Ph": "4.82", "SDT (mg/L)": "45", "Sulfatos (mg/L)": "15", "Cloro Total (mg/L)": "0.03", "Conductividad (muS/cm)": "90.8", "Temperatura (°C)": "18.7", "ID": "Zacualtipán de Ángeles_Zacualtipán_Pozo 1" }, "geometry": { "type": "Point", "coordinates": [ -98.651203452565838, 20.644172378868273 ] } },
{ "type": "Feature", "properties": { "CVEGEO_LOC": "130810001", "AÑO": 2015.0, "NOM_MUN": "Zacualtipán de Ángeles", "NOM_LOC": "Zacualtipán", "Fuente de abastecimiento": "Pozo Chiras", "Coliformes Totales (Ausencia o Presencia/100mL)": "Presencia", "E. Coli (Ausencia o Presencia/100mL)": "Ausencia", "Arsenico (mg/L)": "0", "Bario (mg/L)": "0", "Cadmio (mg/L)": null, "Cobre (mg/L)": "0.37", "Hierro (mg/L)": "0.06", "Manganeso (mg/L)": "0", "Plomo (mg/L)": "0", "Zinc (mg/L)": "0.08", "Cianuros (mg/L)": "0.002", "Cloro Residual (mg/L)": "0.01", "Cloruros (mg/L)": "2.1", "Dureza Total (mg/L)": "88.88", "Fluoruros (mg/L)": "0.2", "Nitratos (mg/L)": "1", "Nitritos (mg/L)": "0", "Ph": "7.4", "SDT (mg/L)": "146.1", "Sulfatos (mg/L)": "0", "Cloro Total (mg/L)": "0", "Conductividad (muS/cm)": "231.13", "Temperatura (°C)": "20.1", "ID": "Zacualtipán de Ángeles_Zacualtipán_Pozo Chiras" }, "geometry": { "type": "Point", "coordinates": [ -98.659093757482907, 20.641668190422799 ] } },
{ "type": "Feature", "properties": { "CVEGEO_LOC": "130810001", "AÑO": 2015.0, "NOM_MUN": "Zacualtipán de Ángeles", "NOM_LOC": "Zacualtipán", "Fuente de abastecimiento": "Pozo Oscura", "Coliformes Totales (Ausencia o Presencia/100mL)": "Presencia", "E. Coli (Ausencia o Presencia/100mL)": "Ausencia", "Arsenico (mg/L)": "0", "Bario (mg/L)": "0", "Cadmio (mg/L)": null, "Cobre (mg/L)": "0", "Hierro (mg/L)": "0", "Manganeso (mg/L)": "0", "Plomo (mg/L)": "0", "Zinc (mg/L)": "0.14", "Cianuros (mg/L)": "0", "Cloro Residual (mg/L)": "0.01", "Cloruros (mg/L)": "2.4", "Dureza Total (mg/L)": "46.66", "Fluoruros (mg/L)": "0.08", "Nitratos (mg/L)": "0.5", "Nitritos (mg/L)": "0", "Ph": "7.6", "SDT (mg/L)": "87.6", "Sulfatos (mg/L)": "0", "Cloro Total (mg/L)": "0.02", "Conductividad (muS/cm)": "146.7", "Temperatura (°C)": "19.3", "ID": "Zacualtipán de Ángeles_Zacualtipán_Pozo Oscura" }, "geometry": { "type": "Point", "coordinates": [ -98.658528517490055, 20.648215578079125 ] } },
{ "type": "Feature", "properties": { "CVEGEO_LOC": "130810001", "AÑO": 2013.0, "NOM_MUN": "Zacualtipán de Ángeles", "NOM_LOC": "Zacualtipán", "Fuente de abastecimiento": "Tanque de Independencia", "Coliformes Totales (Ausencia o Presencia/100mL)": "Presencia", "E. Coli (Ausencia o Presencia/100mL)": "Presencia", "Arsenico (mg/L)": "0", "Bario (mg/L)": "0", "Cadmio (mg/L)": null, "Cobre (mg/L)": "0", "Hierro (mg/L)": "0", "Manganeso (mg/L)": "0", "Plomo (mg/L)": "0", "Zinc (mg/L)": "0.01", "Cianuros (mg/L)": "0.001", "Cloro Residual (mg/L)": "0", "Cloruros (mg/L)": "55.1", "Dureza Total (mg/L)": "62.22", "Fluoruros (mg/L)": "0", "Nitratos (mg/L)": "0.5", "Nitritos (mg/L)": "0.001", "Ph": "7.09", "SDT (mg/L)": "52", "Sulfatos (mg/L)": "40.2", "Cloro Total (mg/L)": "0", "Conductividad (muS/cm)": "325", "Temperatura (°C)": "17", "ID": "Zacualtipán de Ángeles_Zacualtipán_Tanque de Independencia" }, "geometry": { "type": "Point", "coordinates": [ -98.659465081793925, 20.65573842884988 ] } },
{ "type": "Feature", "properties": { "CVEGEO_LOC": "130810003", "AÑO": 2012.0, "NOM_MUN": "Zacualtipán de Ángeles", "NOM_LOC": "Atopixco", "Fuente de abastecimiento": "Pozo No. 2", "Coliformes Totales (Ausencia o Presencia/100mL)": "Presencia", "E. Coli (Ausencia o Presencia/100mL)": "Presencia", "Arsenico (mg/L)": "0", "Bario (mg/L)": null, "Cadmio (mg/L)": null, "Cobre (mg/L)": "0.11", "Hierro (mg/L)": "0.032", "Manganeso (mg/L)": null, "Plomo (mg/L)": "0", "Zinc (mg/L)": "0.069", "Cianuros (mg/L)": "0.003", "Cloro Residual (mg/L)": "0.05", "Cloruros (mg/L)": "41.75", "Dureza Total (mg/L)": "62.2216", "Fluoruros (mg/L)": "0.17", "Nitratos (mg/L)": "4.5", "Nitritos (mg/L)": "0.0072", "Ph": "6.05", "SDT (mg/L)": "13.9", "Sulfatos (mg/L)": "20", "Cloro Total (mg/L)": "0.06", "Conductividad (muS/cm)": "26.7", "Temperatura (°C)": "18.3", "ID": "Zacualtipán de Ángeles_Atopixco_Pozo No. 2" }, "geometry": { "type": "Point", "coordinates": [ -98.609051149948399, 20.598496413502911 ] } },
{ "type": "Feature", "properties": { "CVEGEO_LOC": "130830001", "AÑO": 2014.0, "NOM_MUN": "Zempoala", "NOM_LOC": "Zempoala", "Fuente de abastecimiento": "Caja Distribuidora 1 Arquería", "Coliformes Totales (Ausencia o Presencia/100mL)": "Presencia", "E. Coli (Ausencia o Presencia/100mL)": "Presencia", "Arsenico (mg/L)": "0", "Bario (mg/L)": "0", "Cadmio (mg/L)": null, "Cobre (mg/L)": "0.1", "Hierro (mg/L)": "0.06", "Manganeso (mg/L)": "0", "Plomo (mg/L)": "0", "Zinc (mg/L)": "0.02", "Cianuros (mg/L)": "0.001", "Cloro Residual (mg/L)": "0", "Cloruros (mg/L)": "6", "Dureza Total (mg/L)": "124.44", "Fluoruros (mg/L)": "0.3", "Nitratos (mg/L)": "4.8", "Nitritos (mg/L)": "0.006", "Ph": "7.77", "SDT (mg/L)": "128", "Sulfatos (mg/L)": "20", "Cloro Total (mg/L)": "0", "Conductividad (muS/cm)": "288", "Temperatura (°C)": "17.6", "ID": "Zempoala_Zempoala_Caja Distribuidora 1 Arquería" }, "geometry": { "type": "Point", "coordinates": [ -98.666381821317827, 19.915868658507939 ] } },
{ "type": "Feature", "properties": { "CVEGEO_LOC": "130830001", "AÑO": 2014.0, "NOM_MUN": "Zempoala", "NOM_LOC": "Zempoala", "Fuente de abastecimiento": "Manantial Apantle de Zempoala", "Coliformes Totales (Ausencia o Presencia/100mL)": "Presencia", "E. Coli (Ausencia o Presencia/100mL)": "Presencia", "Arsenico (mg/L)": "0", "Bario (mg/L)": "0", "Cadmio (mg/L)": null, "Cobre (mg/L)": "0.09", "Hierro (mg/L)": "0.12", "Manganeso (mg/L)": "0", "Plomo (mg/L)": "0", "Zinc (mg/L)": "0.02", "Cianuros (mg/L)": "0.003", "Cloro Residual (mg/L)": "0", "Cloruros (mg/L)": "2.4", "Dureza Total (mg/L)": "126.66", "Fluoruros (mg/L)": "0.42", "Nitratos (mg/L)": "3.5", "Nitritos (mg/L)": "0.007", "Ph": "7.86", "SDT (mg/L)": "145", "Sulfatos (mg/L)": "24", "Cloro Total (mg/L)": "0", "Conductividad (muS/cm)": "297", "Temperatura (°C)": "17.7", "ID": "Zempoala_Zempoala_Manantial Apantle de Zempoala" }, "geometry": { "type": "Point", "coordinates": [ -98.656512471311501, 19.910250142671828 ] } },
{ "type": "Feature", "properties": { "CVEGEO_LOC": "130830001", "AÑO": 2014.0, "NOM_MUN": "Zempoala", "NOM_LOC": "Zempoala", "Fuente de abastecimiento": "Manantial Charco Prieto", "Coliformes Totales (Ausencia o Presencia/100mL)": "Presencia", "E. Coli (Ausencia o Presencia/100mL)": "Ausencia", "Arsenico (mg/L)": "0", "Bario (mg/L)": "0", "Cadmio (mg/L)": null, "Cobre (mg/L)": "0.03", "Hierro (mg/L)": "0.02", "Manganeso (mg/L)": "0", "Plomo (mg/L)": "0", "Zinc (mg/L)": "0.06", "Cianuros (mg/L)": "0.002", "Cloro Residual (mg/L)": "0", "Cloruros (mg/L)": "2.1", "Dureza Total (mg/L)": "166.66", "Fluoruros (mg/L)": "0.62", "Nitratos (mg/L)": "0.3", "Nitritos (mg/L)": "0.004", "Ph": "7.72", "SDT (mg/L)": "182", "Sulfatos (mg/L)": "114", "Cloro Total (mg/L)": "0", "Conductividad (muS/cm)": "290", "Temperatura (°C)": "19", "ID": "Zempoala_Zempoala_Manantial Charco Prieto" }, "geometry": { "type": "Point", "coordinates": [ -98.665633309126093, 19.908406056227907 ] } },
{ "type": "Feature", "properties": { "CVEGEO_LOC": "130830001", "AÑO": 2014.0, "NOM_MUN": "Zempoala", "NOM_LOC": "Zempoala", "Fuente de abastecimiento": "Manantial El Nuevo", "Coliformes Totales (Ausencia o Presencia/100mL)": "Presencia", "E. Coli (Ausencia o Presencia/100mL)": "Presencia", "Arsenico (mg/L)": "0", "Bario (mg/L)": "0", "Cadmio (mg/L)": null, "Cobre (mg/L)": "0.08", "Hierro (mg/L)": "0.22", "Manganeso (mg/L)": "0", "Plomo (mg/L)": "0", "Zinc (mg/L)": "0.04", "Cianuros (mg/L)": "0.002", "Cloro Residual (mg/L)": "0", "Cloruros (mg/L)": "4", "Dureza Total (mg/L)": "137.77", "Fluoruros (mg/L)": "0.35", "Nitratos (mg/L)": "2.6", "Nitritos (mg/L)": "0.01", "Ph": "7.72", "SDT (mg/L)": "98.5", "Sulfatos (mg/L)": "14", "Cloro Total (mg/L)": "0", "Conductividad (muS/cm)": "104.7", "Temperatura (°C)": "18.5", "ID": "Zempoala_Zempoala_Manantial El Nuevo" }, "geometry": { "type": "Point", "coordinates": [ -98.672251281649011, 19.908457674867801 ] } },
{ "type": "Feature", "properties": { "CVEGEO_LOC": "130830001", "AÑO": 2014.0, "NOM_MUN": "Zempoala", "NOM_LOC": "Zempoala", "Fuente de abastecimiento": "Manantial Intersección", "Coliformes Totales (Ausencia o Presencia/100mL)": "Presencia", "E. Coli (Ausencia o Presencia/100mL)": "Presencia", "Arsenico (mg/L)": "0", "Bario (mg/L)": "0", "Cadmio (mg/L)": null, "Cobre (mg/L)": "0.08", "Hierro (mg/L)": "0.03", "Manganeso (mg/L)": "0", "Plomo (mg/L)": "0", "Zinc (mg/L)": "0.03", "Cianuros (mg/L)": "0.002", "Cloro Residual (mg/L)": "0", "Cloruros (mg/L)": "4.2", "Dureza Total (mg/L)": "144.44", "Fluoruros (mg/L)": "0.49", "Nitratos (mg/L)": "3", "Nitritos (mg/L)": "0.007", "Ph": "7.66", "SDT (mg/L)": "181", "Sulfatos (mg/L)": "14", "Cloro Total (mg/L)": "0", "Conductividad (muS/cm)": "228", "Temperatura (°C)": "18.1", "ID": "Zempoala_Zempoala_Manantial Intersección" }, "geometry": { "type": "Point", "coordinates": [ -98.680042489650006, 19.910467576076606 ] } },
{ "type": "Feature", "properties": { "CVEGEO_LOC": "130830001", "AÑO": 2014.0, "NOM_MUN": "Zempoala", "NOM_LOC": "Zempoala", "Fuente de abastecimiento": "Manantial Santa Veracruz", "Coliformes Totales (Ausencia o Presencia/100mL)": "Presencia", "E. Coli (Ausencia o Presencia/100mL)": "Ausencia", "Arsenico (mg/L)": "0", "Bario (mg/L)": "0", "Cadmio (mg/L)": null, "Cobre (mg/L)": "0.12", "Hierro (mg/L)": "0.05", "Manganeso (mg/L)": "0", "Plomo (mg/L)": "0", "Zinc (mg/L)": "0.07", "Cianuros (mg/L)": "0.002", "Cloro Residual (mg/L)": "0", "Cloruros (mg/L)": "2.9", "Dureza Total (mg/L)": "155.55", "Fluoruros (mg/L)": "0.31", "Nitratos (mg/L)": "0.6", "Nitritos (mg/L)": "0.007", "Ph": "7.75", "SDT (mg/L)": "136", "Sulfatos (mg/L)": "1515", "Cloro Total (mg/L)": "0", "Conductividad (muS/cm)": "285", "Temperatura (°C)": "18.2", "ID": "Zempoala_Zempoala_Manantial Santa Veracruz" }, "geometry": { "type": "Point", "coordinates": [ -98.676324041243575, 19.915719011033552 ] } },
{ "type": "Feature", "properties": { "CVEGEO_LOC": "130840001", "AÑO": 2018.0, "NOM_MUN": "Zimapán", "NOM_LOC": "Zimapán", "Fuente de abastecimiento": "Deposito General", "Coliformes Totales (Ausencia o Presencia/100mL)": "Ausencia", "E. Coli (Ausencia o Presencia/100mL)": "Ausencia", "Arsenico (mg/L)": "0.29", "Bario (mg/L)": "0", "Cadmio (mg/L)": "0", "Cobre (mg/L)": "0.72", "Hierro (mg/L)": "0.02", "Manganeso (mg/L)": "0", "Plomo (mg/L)": "0", "Zinc (mg/L)": "0.02", "Cianuros (mg/L)": "0", "Cloro Residual (mg/L)": "0.55", "Cloruros (mg/L)": "23.5", "Dureza Total (mg/L)": "288.88", "Fluoruros (mg/L)": "0.64", "Nitratos (mg/L)": "1.5", "Nitritos (mg/L)": "0.009", "Ph": "7.52", "SDT (mg/L)": "376", "Sulfatos (mg/L)": "69", "Cloro Total (mg/L)": "0.83", "Conductividad (muS/cm)": "597", "Temperatura (°C)": "28.3", "ID": "Zimapán_Zimapán_Deposito General" }, "geometry": { "type": "Point", "coordinates": [ -99.382460476424683, 20.746446147885365 ] } },
{ "type": "Feature", "properties": { "CVEGEO_LOC": "130840001", "AÑO": 2014.0, "NOM_MUN": "Zimapán", "NOM_LOC": "Zimapán", "Fuente de abastecimiento": "El Llano 1", "Coliformes Totales (Ausencia o Presencia/100mL)": "Presencia", "E. Coli (Ausencia o Presencia/100mL)": "Ausencia", "Arsenico (mg/L)": "0.033", "Bario (mg/L)": "0", "Cadmio (mg/L)": null, "Cobre (mg/L)": "0.04", "Hierro (mg/L)": "0.12", "Manganeso (mg/L)": "0.4", "Plomo (mg/L)": "0.017", "Zinc (mg/L)": "0.04", "Cianuros (mg/L)": "0.004", "Cloro Residual (mg/L)": "0.01", "Cloruros (mg/L)": "3.4", "Dureza Total (mg/L)": "386.66", "Fluoruros (mg/L)": "1.86", "Nitratos (mg/L)": "1", "Nitritos (mg/L)": "0.006", "Ph": "7.77", "SDT (mg/L)": "268", "Sulfatos (mg/L)": "864", "Cloro Total (mg/L)": "0.02", "Conductividad (muS/cm)": "552", "Temperatura (°C)": "21", "ID": "Zimapán_Zimapán_El Llano 1" }, "geometry": { "type": "Point", "coordinates": [ -99.379746410868989, 20.746075322755321 ] } },
{ "type": "Feature", "properties": { "CVEGEO_LOC": "130840001", "AÑO": 2018.0, "NOM_MUN": "Zimapán", "NOM_LOC": "Zimapán", "Fuente de abastecimiento": "Planta Potabilizadora Detzani", "Coliformes Totales (Ausencia o Presencia/100mL)": "Presencia", "E. Coli (Ausencia o Presencia/100mL)": "Ausencia", "Arsenico (mg/L)": "0.026", "Bario (mg/L)": "0.1", "Cadmio (mg/L)": "0", "Cobre (mg/L)": "0", "Hierro (mg/L)": "0", "Manganeso (mg/L)": "0", "Plomo (mg/L)": "0", "Zinc (mg/L)": "0.03", "Cianuros (mg/L)": "0.003", "Cloro Residual (mg/L)": "0", "Cloruros (mg/L)": "8.7", "Dureza Total (mg/L)": "123.33", "Fluoruros (mg/L)": "0.21", "Nitratos (mg/L)": "1.2", "Nitritos (mg/L)": "0.17", "Ph": "7.16", "SDT (mg/L)": "297", "Sulfatos (mg/L)": "87", "Cloro Total (mg/L)": "0.01", "Conductividad (muS/cm)": "692", "Temperatura (°C)": "25", "ID": "Zimapán_Zimapán_Planta Potabilizadora Detzani" }, "geometry": { "type": "Point", "coordinates": [ -99.378389217512023, 20.745678556360289 ] } },
{ "type": "Feature", "properties": { "CVEGEO_LOC": "130840001", "AÑO": 2018.0, "NOM_MUN": "Zimapán", "NOM_LOC": "Zimapán", "Fuente de abastecimiento": "Planta Potabilizadora Dra. María Aurora Armenta Hernández (Entrada)", "Coliformes Totales (Ausencia o Presencia/100mL)": "Presencia", "E. Coli (Ausencia o Presencia/100mL)": "Ausencia", "Arsenico (mg/L)": "0.71", "Bario (mg/L)": "0.1", "Cadmio (mg/L)": "0", "Cobre (mg/L)": "0.3", "Hierro (mg/L)": "0", "Manganeso (mg/L)": "0", "Plomo (mg/L)": "0", "Zinc (mg/L)": "0.04", "Cianuros (mg/L)": "0.005", "Cloro Residual (mg/L)": "0.03", "Cloruros (mg/L)": "3.6", "Dureza Total (mg/L)": "253.33", "Fluoruros (mg/L)": "1.59", "Nitratos (mg/L)": "3.6", "Nitritos (mg/L)": "0.7", "Ph": "7.4", "SDT (mg/L)": "456", "Sulfatos (mg/L)": "67", "Cloro Total (mg/L)": "0", "Conductividad (muS/cm)": "522", "Temperatura (°C)": "26.4", "ID": "Zimapán_Zimapán_Planta Potabilizadora Dra. María Aurora Armenta Hernández (Entrada)" }, "geometry": { "type": "Point", "coordinates": [ -99.375180483321131, 20.745811528183079 ] } },
{ "type": "Feature", "properties": { "CVEGEO_LOC": "130840001", "AÑO": 2018.0, "NOM_MUN": "Zimapán", "NOM_LOC": "Zimapán", "Fuente de abastecimiento": "Planta Potabilizadora Dra. María Aurora Armenta Hernández (Salida)", "Coliformes Totales (Ausencia o Presencia/100mL)": "Ausencia", "E. Coli (Ausencia o Presencia/100mL)": "Ausencia", "Arsenico (mg/L)": "0.8", "Bario (mg/L)": "0", "Cadmio (mg/L)": "0", "Cobre (mg/L)": "0", "Hierro (mg/L)": "0", "Manganeso (mg/L)": "0", "Plomo (mg/L)": "0", "Zinc (mg/L)": "0.02", "Cianuros (mg/L)": "0", "Cloro Residual (mg/L)": "0.03", "Cloruros (mg/L)": "3.5", "Dureza Total (mg/L)": "244.44", "Fluoruros (mg/L)": "2.24", "Nitratos (mg/L)": "1.4", "Nitritos (mg/L)": "0", "Ph": "7.22", "SDT (mg/L)": "13.6", "Sulfatos (mg/L)": "51", "Cloro Total (mg/L)": "0.87", "Conductividad (muS/cm)": "528", "Temperatura (°C)": "23.2", "ID": "Zimapán_Zimapán_Planta Potabilizadora Dra. María Aurora Armenta Hernández (Salida)" }, "geometry": { "type": "Point", "coordinates": [ -99.373323085387156, 20.743787500433733 ] } },
{ "type": "Feature", "properties": { "CVEGEO_LOC": "130840001", "AÑO": 2014.0, "NOM_MUN": "Zimapán", "NOM_LOC": "Zimapán", "Fuente de abastecimiento": "Potabilizadora Detzani", "Coliformes Totales (Ausencia o Presencia/100mL)": "Presencia", "E. Coli (Ausencia o Presencia/100mL)": "Ausencia", "Arsenico (mg/L)": "0.027", "Bario (mg/L)": "0", "Cadmio (mg/L)": null, "Cobre (mg/L)": "1.08", "Hierro (mg/L)": "0.04", "Manganeso (mg/L)": "0.13", "Plomo (mg/L)": "0.015", "Zinc (mg/L)": "0.03", "Cianuros (mg/L)": "0.01", "Cloro Residual (mg/L)": "0.02", "Cloruros (mg/L)": "6.2", "Dureza Total (mg/L)": "399.99", "Fluoruros (mg/L)": "0.12", "Nitratos (mg/L)": "3.5", "Nitritos (mg/L)": "0.01", "Ph": "7.62", "SDT (mg/L)": "252", "Sulfatos (mg/L)": "74", "Cloro Total (mg/L)": "0.01", "Conductividad (muS/cm)": "636", "Temperatura (°C)": null, "ID": "Zimapán_Zimapán_Potabilizadora Detzani" }, "geometry": { "type": "Point", "coordinates": [ -99.373936987088399, 20.742162197783056 ] } },
{ "type": "Feature", "properties": { "CVEGEO_LOC": "130840001", "AÑO": 2014.0, "NOM_MUN": "Zimapán", "NOM_LOC": "Zimapán", "Fuente de abastecimiento": "Potabilizadora El Tephe", "Coliformes Totales (Ausencia o Presencia/100mL)": "Presencia", "E. Coli (Ausencia o Presencia/100mL)": "Ausencia", "Arsenico (mg/L)": "0.027", "Bario (mg/L)": "0", "Cadmio (mg/L)": null, "Cobre (mg/L)": "0.98", "Hierro (mg/L)": "0.04", "Manganeso (mg/L)": "0", "Plomo (mg/L)": "0.015", "Zinc (mg/L)": "0.05", "Cianuros (mg/L)": "0.003", "Cloro Residual (mg/L)": "0.02", "Cloruros (mg/L)": "9.4", "Dureza Total (mg/L)": "377.77", "Fluoruros (mg/L)": "0.29", "Nitratos (mg/L)": "1.1", "Nitritos (mg/L)": "0.003", "Ph": "7.63", "SDT (mg/L)": "248", "Sulfatos (mg/L)": "37", "Cloro Total (mg/L)": "0.01", "Conductividad (muS/cm)": "638", "Temperatura (°C)": null, "ID": "Zimapán_Zimapán_Potabilizadora El Tephe" }, "geometry": { "type": "Point", "coordinates": [ -99.376253850461808, 20.740152399611212 ] } },
{ "type": "Feature", "properties": { "CVEGEO_LOC": "130840001", "AÑO": 2014.0, "NOM_MUN": "Zimapán", "NOM_LOC": "Zimapán", "Fuente de abastecimiento": "Potabilizadora Llano 1", "Coliformes Totales (Ausencia o Presencia/100mL)": "Presencia", "E. Coli (Ausencia o Presencia/100mL)": "Ausencia", "Arsenico (mg/L)": "0.026", "Bario (mg/L)": "0", "Cadmio (mg/L)": null, "Cobre (mg/L)": "0.06", "Hierro (mg/L)": "0.13", "Manganeso (mg/L)": "0.2", "Plomo (mg/L)": "0.016", "Zinc (mg/L)": "0.05", "Cianuros (mg/L)": "0.004", "Cloro Residual (mg/L)": "0", "Cloruros (mg/L)": "5.1", "Dureza Total (mg/L)": "399.99", "Fluoruros (mg/L)": "2.21", "Nitratos (mg/L)": "0.9", "Nitritos (mg/L)": "0.003", "Ph": "7.81", "SDT (mg/L)": "452", "Sulfatos (mg/L)": "124", "Cloro Total (mg/L)": "0.03", "Conductividad (muS/cm)": "923", "Temperatura (°C)": "21", "ID": "Zimapán_Zimapán_Potabilizadora Llano 1" }, "geometry": { "type": "Point", "coordinates": [ -99.376138605241991, 20.73875435929812 ] } },
{ "type": "Feature", "properties": { "CVEGEO_LOC": "130840001", "AÑO": 2015.0, "NOM_MUN": "Zimapán", "NOM_LOC": "Zimapán", "Fuente de abastecimiento": "Pozo 1", "Coliformes Totales (Ausencia o Presencia/100mL)": "Presencia", "E. Coli (Ausencia o Presencia/100mL)": "Ausencia", "Arsenico (mg/L)": "0.013", "Bario (mg/L)": "0", "Cadmio (mg/L)": null, "Cobre (mg/L)": "0.11", "Hierro (mg/L)": "0.06", "Manganeso (mg/L)": "0", "Plomo (mg/L)": "0", "Zinc (mg/L)": "0.06", "Cianuros (mg/L)": "0.001", "Cloro Residual (mg/L)": "0", "Cloruros (mg/L)": "8.6", "Dureza Total (mg/L)": "259.99", "Fluoruros (mg/L)": "0", "Nitratos (mg/L)": "1.1", "Nitritos (mg/L)": "0.003", "Ph": "7.1", "SDT (mg/L)": "187", "Sulfatos (mg/L)": "19", "Cloro Total (mg/L)": "0", "Conductividad (muS/cm)": "480", "Temperatura (°C)": "24.8", "ID": "Zimapán_Zimapán_Pozo 1" }, "geometry": { "type": "Point", "coordinates": [ -99.377274282925526, 20.736363523081899 ] } },
{ "type": "Feature", "properties": { "CVEGEO_LOC": "130840001", "AÑO": 2018.0, "NOM_MUN": "Zimapán", "NOM_LOC": "Zimapán", "Fuente de abastecimiento": "Pozo 1", "Coliformes Totales (Ausencia o Presencia/100mL)": "Presencia", "E. Coli (Ausencia o Presencia/100mL)": "Ausencia", "Arsenico (mg/L)": "0.5", "Bario (mg/L)": "0", "Cadmio (mg/L)": "0", "Cobre (mg/L)": "0.88", "Hierro (mg/L)": "0.26", "Manganeso (mg/L)": "0", "Plomo (mg/L)": "0", "Zinc (mg/L)": "0", "Cianuros (mg/L)": "0", "Cloro Residual (mg/L)": "0.07", "Cloruros (mg/L)": "6.8", "Dureza Total (mg/L)": "246.66", "Fluoruros (mg/L)": "0.31", "Nitratos (mg/L)": "1.1", "Nitritos (mg/L)": "0.008", "Ph": "7.2", "SDT (mg/L)": "456", "Sulfatos (mg/L)": "28", "Cloro Total (mg/L)": "0.07", "Conductividad (muS/cm)": "478", "Temperatura (°C)": "25.6", "ID": "Zimapán_Zimapán_Pozo 1" }, "geometry": { "type": "Point", "coordinates": [ -99.377274282925526, 20.736363523081899 ] } },
{ "type": "Feature", "properties": { "CVEGEO_LOC": "130840001", "AÑO": 2015.0, "NOM_MUN": "Zimapán", "NOM_LOC": "Zimapán", "Fuente de abastecimiento": "Pozo 2", "Coliformes Totales (Ausencia o Presencia/100mL)": "Presencia", "E. Coli (Ausencia o Presencia/100mL)": "Ausencia", "Arsenico (mg/L)": "0.001", "Bario (mg/L)": "0", "Cadmio (mg/L)": null, "Cobre (mg/L)": "0.03", "Hierro (mg/L)": "0.01", "Manganeso (mg/L)": "0", "Plomo (mg/L)": "0", "Zinc (mg/L)": "0.07", "Cianuros (mg/L)": "0.001", "Cloro Residual (mg/L)": "0", "Cloruros (mg/L)": "14", "Dureza Total (mg/L)": "344.44", "Fluoruros (mg/L)": "0.47", "Nitratos (mg/L)": "0.8", "Nitritos (mg/L)": "0.002", "Ph": "7.05", "SDT (mg/L)": "167", "Sulfatos (mg/L)": "30", "Cloro Total (mg/L)": "0", "Conductividad (muS/cm)": "24.8", "Temperatura (°C)": "26.9", "ID": "Zimapán_Zimapán_Pozo 2" }, "geometry": { "type": "Point", "coordinates": [ -99.380353168920337, 20.734687920813094 ] } },
{ "type": "Feature", "properties": { "CVEGEO_LOC": "130840001", "AÑO": 2014.0, "NOM_MUN": "Zimapán", "NOM_LOC": "Zimapán", "Fuente de abastecimiento": "Pozo Detzani", "Coliformes Totales (Ausencia o Presencia/100mL)": "Presencia", "E. Coli (Ausencia o Presencia/100mL)": "Ausencia", "Arsenico (mg/L)": "0.031", "Bario (mg/L)": "0.5", "Cadmio (mg/L)": null, "Cobre (mg/L)": "0.42", "Hierro (mg/L)": "0.03", "Manganeso (mg/L)": "0.2", "Plomo (mg/L)": "0.016", "Zinc (mg/L)": "0.02", "Cianuros (mg/L)": "0.009", "Cloro Residual (mg/L)": "0", "Cloruros (mg/L)": "4.8", "Dureza Total (mg/L)": "444.44", "Fluoruros (mg/L)": "0.27", "Nitratos (mg/L)": "3.5", "Nitritos (mg/L)": "0.015", "Ph": "7.36", "SDT (mg/L)": "236", "Sulfatos (mg/L)": "114", "Cloro Total (mg/L)": "0.1", "Conductividad (muS/cm)": "521", "Temperatura (°C)": null, "ID": "Zimapán_Zimapán_Pozo Detzani" }, "geometry": { "type": "Point", "coordinates": [ -99.383042702525842, 20.733040538209636 ] } },
{ "type": "Feature", "properties": { "CVEGEO_LOC": "130840001", "AÑO": 2018.0, "NOM_MUN": "Zimapán", "NOM_LOC": "Zimapán", "Fuente de abastecimiento": "Pozo Detzani", "Coliformes Totales (Ausencia o Presencia/100mL)": "Presencia", "E. Coli (Ausencia o Presencia/100mL)": "Ausencia", "Arsenico (mg/L)": "0.068", "Bario (mg/L)": "0.1", "Cadmio (mg/L)": "0", "Cobre (mg/L)": "0", "Hierro (mg/L)": "0", "Manganeso (mg/L)": "0", "Plomo (mg/L)": "0", "Zinc (mg/L)": "0.03", "Cianuros (mg/L)": "0.003", "Cloro Residual (mg/L)": "0", "Cloruros (mg/L)": "8.7", "Dureza Total (mg/L)": "333.33", "Fluoruros (mg/L)": "0.53", "Nitratos (mg/L)": "1.2", "Nitritos (mg/L)": "0.17", "Ph": "6.98", "SDT (mg/L)": "423", "Sulfatos (mg/L)": "56", "Cloro Total (mg/L)": "0", "Conductividad (muS/cm)": "0.02", "Temperatura (°C)": "25.5", "ID": "Zimapán_Zimapán_Pozo Detzani" }, "geometry": { "type": "Point", "coordinates": [ -99.383042702525842, 20.733040538209636 ] } },
{ "type": "Feature", "properties": { "CVEGEO_LOC": "130840001", "AÑO": 2012.0, "NOM_MUN": "Zimapán", "NOM_LOC": "Zimapán", "Fuente de abastecimiento": "Pozo El Esfuerzo", "Coliformes Totales (Ausencia o Presencia/100mL)": "Presencia", "E. Coli (Ausencia o Presencia/100mL)": "Presencia", "Arsenico (mg/L)": "0.009", "Bario (mg/L)": null, "Cadmio (mg/L)": null, "Cobre (mg/L)": "0.196", "Hierro (mg/L)": "0", "Manganeso (mg/L)": null, "Plomo (mg/L)": "0", "Zinc (mg/L)": "0.033", "Cianuros (mg/L)": "0", "Cloro Residual (mg/L)": "0", "Cloruros (mg/L)": "54.75", "Dureza Total (mg/L)": "188.887", "Fluoruros (mg/L)": "0.5", "Nitratos (mg/L)": "0", "Nitritos (mg/L)": "0", "Ph": "7.07", "SDT (mg/L)": "175", "Sulfatos (mg/L)": "100", "Cloro Total (mg/L)": "0", "Conductividad (muS/cm)": "255", "Temperatura (°C)": "25.2", "ID": "Zimapán_Zimapán_Pozo El Esfuerzo" }, "geometry": { "type": "Point", "coordinates": [ -99.38607674956836, 20.734214276895173 ] } },
{ "type": "Feature", "properties": { "CVEGEO_LOC": "130840001", "AÑO": 2018.0, "NOM_MUN": "Zimapán", "NOM_LOC": "Zimapán", "Fuente de abastecimiento": "Pozo El Muhí", "Coliformes Totales (Ausencia o Presencia/100mL)": "Presencia", "E. Coli (Ausencia o Presencia/100mL)": "Ausencia", "Arsenico (mg/L)": "0.72", "Bario (mg/L)": "0.1", "Cadmio (mg/L)": "0", "Cobre (mg/L)": "0.3", "Hierro (mg/L)": "0", "Manganeso (mg/L)": "0", "Plomo (mg/L)": "0", "Zinc (mg/L)": "0.04", "Cianuros (mg/L)": "0.005", "Cloro Residual (mg/L)": "0.03", "Cloruros (mg/L)": "3.6", "Dureza Total (mg/L)": "253.33", "Fluoruros (mg/L)": "1.58", "Nitratos (mg/L)": "3.6", "Nitritos (mg/L)": "0.7", "Ph": "7.4", "SDT (mg/L)": "456", "Sulfatos (mg/L)": "67", "Cloro Total (mg/L)": "0", "Conductividad (muS/cm)": "522", "Temperatura (°C)": "26.4", "ID": "Zimapán_Zimapán_Pozo El Muhí" }, "geometry": { "type": "Point", "coordinates": [ -99.387204096028427, 20.735765429778642 ] } },
{ "type": "Feature", "properties": { "CVEGEO_LOC": "130840001", "AÑO": 2014.0, "NOM_MUN": "Zimapán", "NOM_LOC": "Zimapán", "Fuente de abastecimiento": "Pozo El Tephe", "Coliformes Totales (Ausencia o Presencia/100mL)": "Presencia", "E. Coli (Ausencia o Presencia/100mL)": "Ausencia", "Arsenico (mg/L)": "0.03", "Bario (mg/L)": "0.4", "Cadmio (mg/L)": null, "Cobre (mg/L)": "0.04", "Hierro (mg/L)": "0.01", "Manganeso (mg/L)": "0.4", "Plomo (mg/L)": "0.016", "Zinc (mg/L)": "0.07", "Cianuros (mg/L)": "0.002", "Cloro Residual (mg/L)": "0.01", "Cloruros (mg/L)": "5.7", "Dureza Total (mg/L)": "422.21", "Fluoruros (mg/L)": "0.46", "Nitratos (mg/L)": "0.9", "Nitritos (mg/L)": "0.002", "Ph": "7.57", "SDT (mg/L)": "251", "Sulfatos (mg/L)": "61", "Cloro Total (mg/L)": "0", "Conductividad (muS/cm)": "519", "Temperatura (°C)": null, "ID": "Zimapán_Zimapán_Pozo El Tephe" }, "geometry": { "type": "Point", "coordinates": [ -99.389749591358282, 20.736528621362574 ] } },
{ "type": "Feature", "properties": { "CVEGEO_LOC": "130840001", "AÑO": 2018.0, "NOM_MUN": "Zimapán", "NOM_LOC": "Zimapán", "Fuente de abastecimiento": "Pozo II", "Coliformes Totales (Ausencia o Presencia/100mL)": "Presencia", "E. Coli (Ausencia o Presencia/100mL)": "Ausencia", "Arsenico (mg/L)": "0.038", "Bario (mg/L)": "0.1", "Cadmio (mg/L)": "0", "Cobre (mg/L)": "0", "Hierro (mg/L)": "0", "Manganeso (mg/L)": "0", "Plomo (mg/L)": "0", "Zinc (mg/L)": "0.03", "Cianuros (mg/L)": "0.003", "Cloro Residual (mg/L)": "0.04", "Cloruros (mg/L)": "9.91", "Dureza Total (mg/L)": "277.77", "Fluoruros (mg/L)": "0", "Nitratos (mg/L)": "3.7", "Nitritos (mg/L)": "0.7", "Ph": "7.22", "SDT (mg/L)": "376", "Sulfatos (mg/L)": "28", "Cloro Total (mg/L)": "0.04", "Conductividad (muS/cm)": "516", "Temperatura (°C)": "26.2", "ID": "Zimapán_Zimapán_Pozo II" }, "geometry": { "type": "Point", "coordinates": [ -99.388951890911088, 20.739283636230066 ] } },
{ "type": "Feature", "properties": { "CVEGEO_LOC": "130840001", "AÑO": 2018.0, "NOM_MUN": "Zimapán", "NOM_LOC": "Zimapán", "Fuente de abastecimiento": "Pozo La Cruz", "Coliformes Totales (Ausencia o Presencia/100mL)": "Presencia", "E. Coli (Ausencia o Presencia/100mL)": "Ausencia", "Arsenico (mg/L)": "0.017", "Bario (mg/L)": "0.1", "Cadmio (mg/L)": "0", "Cobre (mg/L)": "0", "Hierro (mg/L)": "0", "Manganeso (mg/L)": "0", "Plomo (mg/L)": "0", "Zinc (mg/L)": "0.01", "Cianuros (mg/L)": "0.001", "Cloro Residual (mg/L)": "0", "Cloruros (mg/L)": "12", "Dureza Total (mg/L)": "133.33", "Fluoruros (mg/L)": "0.2", "Nitratos (mg/L)": "0.1", "Nitritos (mg/L)": "0.1", "Ph": "7.32", "SDT (mg/L)": "164", "Sulfatos (mg/L)": "32", "Cloro Total (mg/L)": "0.01", "Conductividad (muS/cm)": "786", "Temperatura (°C)": "25", "ID": "Zimapán_Zimapán_Pozo La Cruz" }, "geometry": { "type": "Point", "coordinates": [ -99.389721598207387, 20.741652241118587 ] } },
{ "type": "Feature", "properties": { "CVEGEO_LOC": "130840001", "AÑO": 2012.0, "NOM_MUN": "Zimapán", "NOM_LOC": "Zimapán", "Fuente de abastecimiento": "Pozo Lázaro Cárdenas", "Coliformes Totales (Ausencia o Presencia/100mL)": "Presencia", "E. Coli (Ausencia o Presencia/100mL)": "Presencia", "Arsenico (mg/L)": "0.008", "Bario (mg/L)": null, "Cadmio (mg/L)": null, "Cobre (mg/L)": "0.283", "Hierro (mg/L)": "0", "Manganeso (mg/L)": null, "Plomo (mg/L)": "0", "Zinc (mg/L)": "0.034", "Cianuros (mg/L)": "0", "Cloro Residual (mg/L)": "0", "Cloruros (mg/L)": "55", "Dureza Total (mg/L)": "184.4426", "Fluoruros (mg/L)": "0.4", "Nitratos (mg/L)": "0", "Nitritos (mg/L)": "0", "Ph": "7.1", "SDT (mg/L)": "189", "Sulfatos (mg/L)": "10", "Cloro Total (mg/L)": "0.01", "Conductividad (muS/cm)": "253", "Temperatura (°C)": "24.4", "ID": "Zimapán_Zimapán_Pozo Lázaro Cárdenas" }, "geometry": { "type": "Point", "coordinates": [ -99.388587723361809, 20.744006907256548 ] } },
{ "type": "Feature", "properties": { "CVEGEO_LOC": "130840001", "AÑO": 2018.0, "NOM_MUN": "Zimapán", "NOM_LOC": "Zimapán", "Fuente de abastecimiento": "Pozo V", "Coliformes Totales (Ausencia o Presencia/100mL)": "Presencia", "E. Coli (Ausencia o Presencia/100mL)": "Ausencia", "Arsenico (mg/L)": "0.13", "Bario (mg/L)": "0", "Cadmio (mg/L)": "0", "Cobre (mg/L)": "0.1", "Hierro (mg/L)": "0", "Manganeso (mg/L)": "0", "Plomo (mg/L)": "0", "Zinc (mg/L)": "0.03", "Cianuros (mg/L)": "0.003", "Cloro Residual (mg/L)": "0.09", "Cloruros (mg/L)": "6.3", "Dureza Total (mg/L)": "244.44", "Fluoruros (mg/L)": "0.3", "Nitratos (mg/L)": "0.5", "Nitritos (mg/L)": "0.002", "Ph": "7.2", "SDT (mg/L)": "320", "Sulfatos (mg/L)": "56", "Cloro Total (mg/L)": "0.02", "Conductividad (muS/cm)": "513", "Temperatura (°C)": "26.6", "ID": "Zimapán_Zimapán_Pozo V" }, "geometry": { "type": "Point", "coordinates": [ -99.385518497479694, 20.74392273789865 ] } },
{ "type": "Feature", "properties": { "CVEGEO_LOC": "130840001", "AÑO": 2018.0, "NOM_MUN": "Zimapán", "NOM_LOC": "Zimapán", "Fuente de abastecimiento": "Tanque El Llano", "Coliformes Totales (Ausencia o Presencia/100mL)": "Ausencia", "E. Coli (Ausencia o Presencia/100mL)": "Ausencia", "Arsenico (mg/L)": "0.033", "Bario (mg/L)": "0", "Cadmio (mg/L)": "0", "Cobre (mg/L)": "0.31", "Hierro (mg/L)": "0", "Manganeso (mg/L)": "0", "Plomo (mg/L)": "0", "Zinc (mg/L)": "0.03", "Cianuros (mg/L)": "0.004", "Cloro Residual (mg/L)": "0.8", "Cloruros (mg/L)": "13.1", "Dureza Total (mg/L)": "262.21", "Fluoruros (mg/L)": "0.5", "Nitratos (mg/L)": "0", "Nitritos (mg/L)": "0.4", "Ph": "7.79", "SDT (mg/L)": "436", "Sulfatos (mg/L)": "64", "Cloro Total (mg/L)": "0.92", "Conductividad (muS/cm)": "722", "Temperatura (°C)": "25.8", "ID": "Zimapán_Zimapán_Tanque El Llano" }, "geometry": { "type": "Point", "coordinates": [ -99.384943964394893, 20.746859780354633 ] } },
{ "type": "Feature", "properties": { "CVEGEO_LOC": "130840002", "AÑO": 2013.0, "NOM_MUN": "Zimapán", "NOM_LOC": "Las Adjuntas", "Fuente de abastecimiento": "Galería Filtrante", "Coliformes Totales (Ausencia o Presencia/100mL)": "Presencia", "E. Coli (Ausencia o Presencia/100mL)": "Presencia", "Arsenico (mg/L)": "0.037", "Bario (mg/L)": "0.02", "Cadmio (mg/L)": null, "Cobre (mg/L)": "0", "Hierro (mg/L)": "0.019", "Manganeso (mg/L)": "0.3", "Plomo (mg/L)": "0.018", "Zinc (mg/L)": "0.04", "Cianuros (mg/L)": "0.108", "Cloro Residual (mg/L)": "0.1", "Cloruros (mg/L)": "5.1", "Dureza Total (mg/L)": "326.66", "Fluoruros (mg/L)": "1.08", "Nitratos (mg/L)": "0.5", "Nitritos (mg/L)": "0.007", "Ph": "6.68", "SDT (mg/L)": "434", "Sulfatos (mg/L)": "430", "Cloro Total (mg/L)": "0.3", "Conductividad (muS/cm)": "889", "Temperatura (°C)": "31.3", "ID": "Zimapán_Las Adjuntas_Galería Filtrante" }, "geometry": { "type": "Point", "coordinates": [ -99.449801412846341, 20.853732490462825 ] } },
{ "type": "Feature", "properties": { "CVEGEO_LOC": "130840002", "AÑO": 2013.0, "NOM_MUN": "Zimapán", "NOM_LOC": "Las Adjuntas", "Fuente de abastecimiento": "Pozo de Rebombeo Las Adjuntas", "Coliformes Totales (Ausencia o Presencia/100mL)": "Presencia", "E. Coli (Ausencia o Presencia/100mL)": "Presencia", "Arsenico (mg/L)": "0.036", "Bario (mg/L)": "0.11", "Cadmio (mg/L)": null, "Cobre (mg/L)": "0", "Hierro (mg/L)": "0.02", "Manganeso (mg/L)": "0.3", "Plomo (mg/L)": "0.017", "Zinc (mg/L)": "0.03", "Cianuros (mg/L)": "0.106", "Cloro Residual (mg/L)": "0", "Cloruros (mg/L)": "6", "Dureza Total (mg/L)": "327.77", "Fluoruros (mg/L)": "1", "Nitratos (mg/L)": "0.6", "Nitritos (mg/L)": "0.008", "Ph": "7.16", "SDT (mg/L)": "716", "Sulfatos (mg/L)": "430", "Cloro Total (mg/L)": "0", "Conductividad (muS/cm)": "879", "Temperatura (°C)": "24.1", "ID": "Zimapán_Las Adjuntas_Pozo de Rebombeo Las Adjuntas" }, "geometry": { "type": "Point", "coordinates": [ -99.453435010143011, 20.85567025255186 ] } },
{ "type": "Feature", "properties": { "CVEGEO_LOC": "130840007", "AÑO": 2014.0, "NOM_MUN": "Zimapán", "NOM_LOC": "Benito Juárez (Detzani)", "Fuente de abastecimiento": "Pozo Detzani", "Coliformes Totales (Ausencia o Presencia/100mL)": "Presencia", "E. Coli (Ausencia o Presencia/100mL)": "Ausencia", "Arsenico (mg/L)": "0.012", "Bario (mg/L)": "0.3", "Cadmio (mg/L)": null, "Cobre (mg/L)": "0.3", "Hierro (mg/L)": "0", "Manganeso (mg/L)": "0", "Plomo (mg/L)": "0.001", "Zinc (mg/L)": "0.11", "Cianuros (mg/L)": "0.003", "Cloro Residual (mg/L)": "0", "Cloruros (mg/L)": "5.8", "Dureza Total (mg/L)": "411.1", "Fluoruros (mg/L)": "0.81", "Nitratos (mg/L)": "0.8", "Nitritos (mg/L)": "0", "Ph": "7.1", "SDT (mg/L)": "364", "Sulfatos (mg/L)": "116", "Cloro Total (mg/L)": "0", "Conductividad (muS/cm)": "753", "Temperatura (°C)": "21.4", "ID": "Zimapán_Benito Juárez (Detzani)_Pozo Detzani" }, "geometry": { "type": "Point", "coordinates": [ -99.400500875811133, 20.751825991833364 ] } },
{ "type": "Feature", "properties": { "CVEGEO_LOC": "1308400080084800", "AÑO": 2016.0, "NOM_MUN": "Zimapán", "NOM_LOC": "Boñhú", "Fuente de abastecimiento": "Pozo Florencio Espino Trejo", "Coliformes Totales (Ausencia o Presencia/100mL)": "Presencia", "E. Coli (Ausencia o Presencia/100mL)": "Ausencia", "Arsenico (mg/L)": "0.026", "Bario (mg/L)": "0", "Cadmio (mg/L)": null, "Cobre (mg/L)": "0.44", "Hierro (mg/L)": "0.003", "Manganeso (mg/L)": "0", "Plomo (mg/L)": "0.01", "Zinc (mg/L)": "0", "Cianuros (mg/L)": "0.006", "Cloro Residual (mg/L)": "0", "Cloruros (mg/L)": "49", "Dureza Total (mg/L)": "425.25", "Fluoruros (mg/L)": "0.21", "Nitratos (mg/L)": "0.11", "Nitritos (mg/L)": "0.5", "Ph": "7.87", "SDT (mg/L)": "284", "Sulfatos (mg/L)": "226", "Cloro Total (mg/L)": "0", "Conductividad (muS/cm)": "278", "Temperatura (°C)": "22.1", "ID": "Zimapán_Boñhú_Pozo Florencio Espino Trejo" }, "geometry": { "type": "Point", "coordinates": [ -99.395832745488775, 20.670051883218704 ] } },
{ "type": "Feature", "properties": { "CVEGEO_LOC": "1308400080084800", "AÑO": 2016.0, "NOM_MUN": "Zimapán", "NOM_LOC": "Boñhú", "Fuente de abastecimiento": "Pozo Minerva", "Coliformes Totales (Ausencia o Presencia/100mL)": "Presencia", "E. Coli (Ausencia o Presencia/100mL)": "Presencia", "Arsenico (mg/L)": "0.027", "Bario (mg/L)": "0", "Cadmio (mg/L)": null, "Cobre (mg/L)": "0.12", "Hierro (mg/L)": "0.02", "Manganeso (mg/L)": "0", "Plomo (mg/L)": "0.01", "Zinc (mg/L)": "0.09", "Cianuros (mg/L)": "0.004", "Cloro Residual (mg/L)": "0", "Cloruros (mg/L)": "15.5", "Dureza Total (mg/L)": "314.14", "Fluoruros (mg/L)": "0.42", "Nitratos (mg/L)": "0", "Nitritos (mg/L)": "0", "Ph": "7.05", "SDT (mg/L)": "353", "Sulfatos (mg/L)": "136", "Cloro Total (mg/L)": "0", "Conductividad (muS/cm)": "278", "Temperatura (°C)": "22.1", "ID": "Zimapán_Boñhú_Pozo Minerva" }, "geometry": { "type": "Point", "coordinates": [ -99.395833921649356, 20.670503672038201 ] } },
{ "type": "Feature", "properties": { "CVEGEO_LOC": "1308400160116800", "AÑO": 2016.0, "NOM_MUN": "Zimapán", "NOM_LOC": "Coaxithi", "Fuente de abastecimiento": "Manantial Coaxithi", "Coliformes Totales (Ausencia o Presencia/100mL)": "Presencia", "E. Coli (Ausencia o Presencia/100mL)": "Presencia", "Arsenico (mg/L)": "0.029", "Bario (mg/L)": "0", "Cadmio (mg/L)": null, "Cobre (mg/L)": "0.16", "Hierro (mg/L)": "0.004", "Manganeso (mg/L)": "0", "Plomo (mg/L)": "0.01", "Zinc (mg/L)": "0.21", "Cianuros (mg/L)": "0.006", "Cloro Residual (mg/L)": "0", "Cloruros (mg/L)": "12.4", "Dureza Total (mg/L)": "346.66", "Fluoruros (mg/L)": "0.22", "Nitratos (mg/L)": "2.1", "Nitritos (mg/L)": "0.017", "Ph": "8.22", "SDT (mg/L)": "387", "Sulfatos (mg/L)": "155", "Cloro Total (mg/L)": "0", "Conductividad (muS/cm)": "266", "Temperatura (°C)": "22.6", "ID": "Zimapán_Coaxithi_Manantial Coaxithi" }, "geometry": { "type": "Point", "coordinates": [ -99.325916424310634, 20.678426769776834 ] } },
{ "type": "Feature", "properties": { "CVEGEO_LOC": "130840027", "AÑO": 2012.0, "NOM_MUN": "Zimapán", "NOM_LOC": "Lázaro Cárdenas (Remedios)", "Fuente de abastecimiento": "Manantial San Dionisio", "Coliformes Totales (Ausencia o Presencia/100mL)": "Presencia", "E. Coli (Ausencia o Presencia/100mL)": "Presencia", "Arsenico (mg/L)": "0.012", "Bario (mg/L)": null, "Cadmio (mg/L)": null, "Cobre (mg/L)": "0.597", "Hierro (mg/L)": "0.095", "Manganeso (mg/L)": null, "Plomo (mg/L)": "0.003", "Zinc (mg/L)": "0.158", "Cianuros (mg/L)": "0.004", "Cloro Residual (mg/L)": "0", "Cloruros (mg/L)": "87", "Dureza Total (mg/L)": "333.33", "Fluoruros (mg/L)": "0.95", "Nitratos (mg/L)": "1.4", "Nitritos (mg/L)": "0.0037", "Ph": "7.46", "SDT (mg/L)": "407", "Sulfatos (mg/L)": "12.5", "Cloro Total (mg/L)": "0", "Conductividad (muS/cm)": "809", "Temperatura (°C)": "28.6", "ID": "Zimapán_Lázaro Cárdenas (Remedios)_Manantial San Dionisio" }, "geometry": { "type": "Point", "coordinates": [ -99.336168216268362, 20.696619061585011 ] } },
{ "type": "Feature", "properties": { "CVEGEO_LOC": "130840062", "AÑO": 2013.0, "NOM_MUN": "Zimapán", "NOM_LOC": "Xajhá", "Fuente de abastecimiento": "Represa", "Coliformes Totales (Ausencia o Presencia/100mL)": "Presencia", "E. Coli (Ausencia o Presencia/100mL)": "Presencia", "Arsenico (mg/L)": "0.024", "Bario (mg/L)": "0.1", "Cadmio (mg/L)": null, "Cobre (mg/L)": "0.03", "Hierro (mg/L)": "0.008", "Manganeso (mg/L)": "0.1", "Plomo (mg/L)": "0.011", "Zinc (mg/L)": "0.05", "Cianuros (mg/L)": "0.004", "Cloro Residual (mg/L)": "0.2", "Cloruros (mg/L)": "22", "Dureza Total (mg/L)": "304.44", "Fluoruros (mg/L)": "0.66", "Nitratos (mg/L)": "1", "Nitritos (mg/L)": "0.148", "Ph": "7.6", "SDT (mg/L)": "196", "Sulfatos (mg/L)": "119", "Cloro Total (mg/L)": "0.3", "Conductividad (muS/cm)": "472", "Temperatura (°C)": "32.9", "ID": "Zimapán_Xajhá_Represa" }, "geometry": { "type": "Point", "coordinates": [ -99.490555631223458, 20.714939559104916 ] } },
{ "type": "Feature", "properties": { "CVEGEO_LOC": "130840063", "AÑO": 2016.0, "NOM_MUN": "Zimapán", "NOM_LOC": "Xindhó Guadalupe", "Fuente de abastecimiento": "Pozo Xindho Guadalupe", "Coliformes Totales (Ausencia o Presencia/100mL)": "Presencia", "E. Coli (Ausencia o Presencia/100mL)": "Ausencia", "Arsenico (mg/L)": "0.01", "Bario (mg/L)": "0.2", "Cadmio (mg/L)": "ND", "Cobre (mg/L)": "0.3", "Hierro (mg/L)": "0", "Manganeso (mg/L)": "0", "Plomo (mg/L)": "0.01", "Zinc (mg/L)": "0.09", "Cianuros (mg/L)": "0", "Cloro Residual (mg/L)": "0.1", "Cloruros (mg/L)": "45724", "Dureza Total (mg/L)": "780.81", "Fluoruros (mg/L)": "0.8", "Nitratos (mg/L)": "45839", "Nitritos (mg/L)": "0.4", "Ph": "7.34", "SDT (mg/L)": "356.1", "Sulfatos (mg/L)": "43.5", "Cloro Total (mg/L)": "0.1", "Conductividad (muS/cm)": "462", "Temperatura (°C)": "45744", "ID": "Zimapán_Xindhó Guadalupe_Pozo Xindho Guadalupe" }, "geometry": { "type": "Point", "coordinates": [ -99.329906222465951, 20.72939093796267 ] } },
{ "type": "Feature", "properties": { "CVEGEO_LOC": "130840063", "AÑO": 2014.0, "NOM_MUN": "Zimapán", "NOM_LOC": "Xindhó Guadalupe", "Fuente de abastecimiento": "Pozo Xindho Guadalupe", "Coliformes Totales (Ausencia o Presencia/100mL)": "Presencia", "E. Coli (Ausencia o Presencia/100mL)": "Ausencia", "Arsenico (mg/L)": "0.01", "Bario (mg/L)": "0.1", "Cadmio (mg/L)": null, "Cobre (mg/L)": "0.29", "Hierro (mg/L)": "0", "Manganeso (mg/L)": "0", "Plomo (mg/L)": "0.01", "Zinc (mg/L)": "0.06", "Cianuros (mg/L)": "0", "Cloro Residual (mg/L)": "0", "Cloruros (mg/L)": "7.9", "Dureza Total (mg/L)": "391.1", "Fluoruros (mg/L)": "0.78", "Nitratos (mg/L)": "1.9", "Nitritos (mg/L)": "0", "Ph": "7.39", "SDT (mg/L)": "333", "Sulfatos (mg/L)": "4", "Cloro Total (mg/L)": "0", "Conductividad (muS/cm)": "692", "Temperatura (°C)": "23", "ID": "Zimapán_Xindhó Guadalupe_Pozo Xindho Guadalupe" }, "geometry": { "type": "Point", "coordinates": [ -99.329906222465951, 20.72939093796267 ] } },
{ "type": "Feature", "properties": { "CVEGEO_LOC": "130840072", "AÑO": 2016.0, "NOM_MUN": "Zimapán", "NOM_LOC": "Doxthi la Sabina (La Sabina)", "Fuente de abastecimiento": "Pozo Celemente Trejo Ortiz", "Coliformes Totales (Ausencia o Presencia/100mL)": "Presencia", "E. Coli (Ausencia o Presencia/100mL)": "Ausencia", "Arsenico (mg/L)": "0.026", "Bario (mg/L)": "0", "Cadmio (mg/L)": null, "Cobre (mg/L)": "0.16", "Hierro (mg/L)": "0", "Manganeso (mg/L)": "0", "Plomo (mg/L)": "0.01", "Zinc (mg/L)": "0.25", "Cianuros (mg/L)": "0.006", "Cloro Residual (mg/L)": "0", "Cloruros (mg/L)": "7.2", "Dureza Total (mg/L)": "516.7", "Fluoruros (mg/L)": "0.26", "Nitratos (mg/L)": "0.6", "Nitritos (mg/L)": "0", "Ph": "7.06", "SDT (mg/L)": "262", "Sulfatos (mg/L)": "144", "Cloro Total (mg/L)": "0", "Conductividad (muS/cm)": "278", "Temperatura (°C)": "22.9", "ID": "Zimapán_Doxthi la Sabina (La Sabina)_Pozo Celemente Trejo Ortiz" }, "geometry": { "type": "Point", "coordinates": [ -99.380175883761197, 20.679872154712228 ] } },
{ "type": "Feature", "properties": { "CVEGEO_LOC": "1308401780065800", "AÑO": 2016.0, "NOM_MUN": "Zimapán", "NOM_LOC": "Xindhó San Pedro", "Fuente de abastecimiento": "Pozo Xindho", "Coliformes Totales (Ausencia o Presencia/100mL)": "Presencia", "E. Coli (Ausencia o Presencia/100mL)": "Ausencia", "Arsenico (mg/L)": "0.02", "Bario (mg/L)": "0.06", "Cadmio (mg/L)": "ND", "Cobre (mg/L)": "0.4", "Hierro (mg/L)": "0.2", "Manganeso (mg/L)": "0", "Plomo (mg/L)": "0.01", "Zinc (mg/L)": "0.05", "Cianuros (mg/L)": "3", "Cloro Residual (mg/L)": "0.1", "Cloruros (mg/L)": "45757", "Dureza Total (mg/L)": "546.2", "Fluoruros (mg/L)": "45717", "Nitratos (mg/L)": "45778", "Nitritos (mg/L)": "0.02", "Ph": "7.18", "SDT (mg/L)": "215.7", "Sulfatos (mg/L)": "130.4", "Cloro Total (mg/L)": "0", "Conductividad (muS/cm)": "531", "Temperatura (°C)": "45863", "ID": "Zimapán_Xindhó San Pedro_Pozo Xindho" }, "geometry": { "type": "Point", "coordinates": [ -99.342004586473394, 20.746927023530713 ] } }
]
}
